row_type,row_id,paper_year,question_number_or_topic_id,text_preview,flags,sample_reason,decision,notes,assign_topic_id,difficulty,stimulus_preview
question,31048229-9dda-49fe-90ea-c7b20289ee99,2013,400,How do you situate Anthropology in Social Sciences?,no_primary_tag,flagged,,,4376e479-7f6c-421c-b0e0-71fb60c16b7d,,
question,a270bb5b-472c-4c22-b527-b9d7533927ce,2013,401,Various types of descent.,no_primary_tag,flagged,,,b85abc50-68c3-4cd3-a571-7ce938f3bf66,,
question,a1d34e52-18b9-4fbb-963f-9eadf5f317e7,2013,402,Totemism.,empty_or_short;no_primary_tag,flagged,,,3a94f957-c568-4cbc-96b2-e199b6ec3ef9,,
question,0442cba4-ffda-46d8-9336-45eb8f5c2dd1,2013,403,Linguistic Anthropology.,no_primary_tag,flagged,,,4ff3f6bc-918f-4308-afa8-850f2062174d,,
question,fdb1b5b2-e0c3-47d9-a78f-58fdff07eeb4,2013,404,Carbon-14 method of dating.,no_primary_tag,flagged,,,e5a52ef5-d183-444d-a7fa-585a003314f9,,
question,f96b925a-4ddc-4b95-9d84-778cea142a0a,2013,405,Why has the concept of Culture Relativism been so dear to Anthropologies?,no_primary_tag,flagged,,,1284b836-a24e-4695-b3f9-ccb6680ea431,,
question,8d2761f9-91a1-424c-9ba0-08de16d237ba,2013,406,Bring out the distinguishing features of culture and civilization.,no_primary_tag,flagged,,,a27a1414-eb57-44a6-9e66-31f06c4484d5,,
question,5c5f88d0-e2c0-4606-b145-942158bc6527,2013,407,Where do you situate 'live-in relationship' within the institution of marriage?,no_primary_tag,flagged,,,21df0ccc-a62e-405f-9a35-46438c38b56f,,
question,3fbcb16e-3b6d-4f60-9cc9-14f49a0286ff,2013,408,Discuss the impact of globalization on tribal economy. 20m|350 words.,no_primary_tag,flagged,,,16204ce6-990d-4e2a-a468-969b4cc4a631,,
question,b0db6372-be7f-4102-8fbf-d9bb6cc73fd7,2013,409,In what ways is Functionalism different from Structural Functionalism? 20m|350 words.,no_primary_tag,flagged,,,d8e5bf36-f0a5-41ff-97b8-ffb149c104ec,,
question,fc51bf2f-5777-43b0-984e-3ab79320bc0d,2013,410,Differentiate between Economics and Economic Anthropology.10m|150 words.,no_primary_tag,flagged,,,e044b862-5abe-457a-a141-1a4e6886d490,,
question,84005611-5841-4b91-87e0-5cf6595087a6,2013,411,Discuss the impact of urbanization and feminist movement on family.,no_primary_tag,flagged,,,1f119bc7-08f7-4c69-b7c1-d5106af85d38,,
question,39807197-79f3-437e-ab4f-1c967440d8c3,2013,412,Bring out the contribution of Turner and Geertz in symbolic and interpretive theories in Anthropology.,no_primary_tag,flagged,,,acf52d65-10d4-4457-abc1-e80cdbd601fc,,
question,f065534f-f8c1-45a5-b0a8-fa6e74325b81,2013,413,How does taboo serve as a means of social control?,no_primary_tag,flagged,,,8752810d-b580-4f27-8cbe-9e715ea3309c,,
question,fc6a743a-a7fa-49f1-b75e-cc5ae8cc5a16,2013,414,Role of primatology in Anthropological studies.,no_primary_tag,flagged,,,554d0b11-17d1-41ad-b2f8-eaf404e2376d,,
question,7fcf902a-266f-46fa-a629-cf67bfcf486d,2013,415,Differentiation between Child Growth and Development.,no_primary_tag,flagged,,,9d4f4ad0-7aae-47e3-bd85-197df449abeb,,
question,71a8704d-8860-41e9-8585-501c96e9b369,2013,416,Ageing and Senescene.,no_primary_tag,flagged,,,30329e7d-d6a1-45be-b6d1-3030389e887f,,
question,9d587a18-2bac-411c-86a7-03a0caf42994,2013,417,Twin method in human genetics.,no_primary_tag,flagged,,,986e5ee6-296a-456e-8782-101bb2c46d0a,,
question,82b73177-5021-4783-967b-ebbbbc34ba2b,2013,418,Demographic transition.,no_primary_tag,flagged,,,0d814724-891f-4481-bb48-1e09aee0ed7a,,
question,237a024c-7fef-48f4-8b77-e8c37cfd780a,2013,419,Give a broad outline of Patheolithic culture emphasizing upon its tool technology.,no_primary_tag,flagged,,,689f78b1-4306-4afc-b3c9-58dffb12d21f,,
question,fc662e40-d97a-402d-8e95-778cee861d0f,2013,420,What do you understand by 'Genetic Load' in a population? How is it measured and what are the important factors that can influence it?,no_primary_tag,flagged,,,6d09da30-8aca-4f72-be63-dff47f0741a0,,
question,f801594d-be4a-4993-9115-74fca5d97832,2013,421,"Justify ""Though human growth is under tight genetic control but it is influenced by various environmental factors.""",no_primary_tag,flagged,,,7cb03a38-6a6d-46a2-be97-4bb71fecb76d,,
question,160e1d2c-1fe5-40f0-b206-b0abf3f831fa,2013,422,Discuss the relevance of Case Study method of data collection.,no_primary_tag,flagged,,,fcf1600a-316d-4357-97e0-f7a83bc309a7,,
question,c12a1d19-d703-4a60-a701-f0dcf7453732,2013,423,Elaborate upon major human adaptations to heat and cold.,no_primary_tag,flagged,,,5f18a481-01c4-4793-8237-a3f20238afae,,
question,0912915f-4bc1-4315-83e2-971e67c08bf3,2013,424,What are genetic markers and what is their usefulness? Why are blood groups considered as good genetic markers?Illustrate with examples.,no_primary_tag,flagged,,,6c5db1e6-1ba9-4f46-833e-3d6e93b0294e,,
question,3f2323f3-6078-4617-9320-b476c2aedcbd,2013,425,Discuss how Neo-Darwinism integrated the fields of Genetics and Evolution.,no_primary_tag,flagged,,,2290024d-d715-4aac-b936-a2435f00927c,,
question,a74802f7-e8ec-40e0-b92f-a5259db64da6,2013,426,What is meant by epidemiological transition? Elaborate upon its causes and consequences highlighting major health problems of our adult popu,no_primary_tag,flagged,,,acc2f17f-1b12-4db1-8d12-9e264a0f2491,,
question,35cc4046-c692-4141-91a1-0eb8222b9df2,2013,427,Differentiate between Race and Racism.What are three major races of the world ?Give important biological criteria used frequently for such a,no_primary_tag,flagged,,,11412729-ba27-4d3a-aded-69a699adf62a,,
question,21f74a81-2044-4789-a662-78b315c026f2,2014,400,Double Descent.,no_primary_tag,flagged,,,b85abc50-68c3-4cd3-a571-7ce938f3bf66,,
question,c9e1bf14-14c0-4218-ae49-f0f8fc8fbbc7,2014,401,Genealogical Method.,no_primary_tag,flagged,,,fcf1600a-316d-4357-97e0-f7a83bc309a7,,
question,022b2c4c-89cd-4d85-bcb2-0dcef5371ee2,2014,402,Major sub-divisions of Anthropology.,no_primary_tag,flagged,,,9716eecc-957a-4520-b1a1-77d10bda3b41,,
question,1c488d4d-a1dd-4f24-9b27-5482623f6203,2014,403,Ecological Anthropology.,no_primary_tag,flagged,,,fce62a1f-964e-4bb7-a6d5-89193f5c724d,,
question,c3d05195-5aeb-4d5b-89c1-453d8b87fb90,2014,404,Field work tradition in Anthropology.,no_primary_tag,flagged,,,e5cb70b2-03ca-4940-b9d3-bb4f23e29c27,,
question,950134a0-27d8-492b-9a48-f40412ce0da3,2014,405,Critically examine the role of anthropology in Contemporary India.,no_primary_tag,flagged,,,fce62a1f-964e-4bb7-a6d5-89193f5c724d,,
question,64dff91e-61fe-4805-9a0e-f0ba9fef7d3d,2014,406,Is culture unique to human beings? Critically examine.,no_primary_tag,flagged,,,a27a1414-eb57-44a6-9e66-31f06c4484d5,,
question,cf008f05-454c-49c8-9bef-1c92b835c3ec,2014,407,Discuss the role of anthropology in the understanding of health and disease. What specific understanding is available with respect to infect,no_primary_tag,flagged,,,acc2f17f-1b12-4db1-8d12-9e264a0f2491,,
question,fe45980a-8b31-42a0-887b-0bcbcfca25fb,2014,408,Discuss the nature of Law and Justice in simple societies citing suitable examples.,no_primary_tag,flagged,,,8752810d-b580-4f27-8cbe-9e715ea3309c,,
question,987713fb-1028-4d8c-a886-9f032ab17941,2014,409,Define marriage and describe the various types of marriages in human societies.,no_primary_tag,flagged,,,5eed334b-f21f-402c-9bdc-caa4402417dd,,
question,69b2ca8a-7655-4423-b62a-c45c2fa32352,2014,410,Define Status and Role. Distinguish between Ascribed and Achieved Status.,no_primary_tag,flagged,,,11412729-ba27-4d3a-aded-69a699adf62a,,
question,d3cbd655-125d-4a8e-9c79-13f156a7df56,2014,411,What is functionalism? Discuss the functional approach to the understanding of Religion.,no_primary_tag,flagged,,,94a01f31-8534-4dc9-b4e2-f38c4da1319a,,
question,34ede24d-9bca-43ee-b2c6-91763be4d48c,2014,412,What is understood by 'Rites of Passage'? Describe the various phases of the 'Rites of Passage and their significance.,no_primary_tag,flagged,,,4b09a7a5-f280-4e17-b14c-8e2f290dfcfd,,
question,be641ad9-896b-4acc-aa5f-f54da962ebfd,2014,413,Differentiate between State and Stateless Societies.,no_primary_tag,flagged,,,2eb1bc20-d390-484e-a301-0a8190ad80a4,,
question,22974166-28ac-4d58-8f85-cef1bba3951b,2014,414,Cross-sectional methods of studying human growth.,no_primary_tag,flagged,,,a6083d5b-7221-4e95-a2a0-e114e5f68f9e,,
question,59f6cf85-3114-4c7a-8b06-29e5ffcf0616,2014,415,Genetic Counselling.,no_primary_tag,flagged,,,2aa830f6-197b-4f2e-9d27-2e3fb9d8b8b0,,
question,9ee4ea0a-8101-4704-803b-c0c2ab33184d,2014,416,Epidemiological Anthropology.,no_primary_tag,flagged,,,acc2f17f-1b12-4db1-8d12-9e264a0f2491,,
question,3591d536-8ae9-4739-b356-b750b65acfc2,2014,417,Asian Homo erectus.,no_primary_tag,flagged,,,a7240cf3-7e7d-42d4-b9a9-f195289037bf,,
question,c5918009-ba38-4abd-8c9f-5f8011f89c4d,2014,418,Fertility and Fecundity.,no_primary_tag,flagged,,,41be3178-d598-4d1a-b9c3-4660c95f5457,,
question,946916d7-fc4f-4d98-9dcc-13bdc97a13c9,2014,419,What are the different stages of Growth? Describe any one of them in detail.,no_primary_tag,flagged,,,9d4f4ad0-7aae-47e3-bd85-197df449abeb,,
question,f4815231-2d31-47c7-bab9-64b74ea91035,2014,420,Describe Turner and Klinefelter Syndromes in.,no_primary_tag,flagged,,,9b03e05c-a7ad-422a-9ead-a8785994d814,,
question,7d95e49c-f5ba-4c9d-814a-4f8c4059a77f,2014,421,What are the stresses at high altitudes? How do better cardio-respiratory functions help the native highlanders in combating low environment,no_primary_tag,flagged,,,5f18a481-01c4-4793-8237-a3f20238afae,,
question,df9e6e67-6568-49d0-85d6-c737c27768d5,2014,422,Discuss the factors affecting gene frequencies among human populations.,no_primary_tag,flagged,,,a4280511-e2c7-4223-bb99-2379b2221e2b,,
question,9a9e2ef1-256f-420e-a319-c35a2867acc4,2014,423,Elucidate the skeletal differences between humans and chimpanzees.,no_primary_tag,flagged,,,9e37916e-dd62-4aa5-9453-58a4c864b233,,
question,2e2d0141-1319-49d0-904f-e15a598ed64d,2014,424,"Discuss the relevance of menarche, menopause and other bio-events to fertility.",no_primary_tag,flagged,,,9c9729e1-f86c-400c-b862-423e0317b688,,
question,6b372c4b-737a-4827-8910-67cb22b07f32,2014,425,Discuss Ageing and Senescence. Describe either the biological or social theories of Ageing.,no_primary_tag,flagged,,,30329e7d-d6a1-45be-b6d1-3030389e887f,,
question,f3a26e2b-5019-48ed-a6ea-94754bc8c811,2014,426,"Describe the absolute dating methods in Archaeology, highlighting the importance of each method.",no_primary_tag,flagged,,,e5a52ef5-d183-444d-a7fa-585a003314f9,,
question,66b5f48a-08ef-4df4-a68b-d4ea936bec10,2014,427,Describe the Neolithic culture of India.,no_primary_tag,flagged,,,2214504e-519e-4a33-bf7f-4f876da2d08a,,
question,0f75be46-89bb-44d4-b5f3-1e58919dd0b2,2015,400,Archaeological Anthropology.,no_primary_tag,flagged,,,f1565ecc-8744-4033-8b52-6537e7d5b977,,
question,48f8a566-9bb9-4037-82ed-e81cd7229293,2015,401,Society and Culture.,no_primary_tag,flagged,,,632c60e1-cb2d-4d29-8297-ddaec4116cae,,
question,9ae6eb60-d3e0-4a36-8559-cfc9472401ee,2015,402,Incest Taboos.,empty_or_short;no_primary_tag,flagged,,,0fc226e1-8263-4cda-97eb-11d9a372d111,,
question,1a134aeb-4e6d-47ab-ba78-fdbc8764909f,2015,403,Horticulture.,empty_or_short;no_primary_tag,flagged,,,e6773722-a290-4226-8317-d84129fe600a,,
question,d84c70ba-4835-447b-aacd-6842703d0eb0,2015,404,Historical Particularism.,no_primary_tag,flagged,,,fa9d1d97-5250-4c6f-8728-09fda05936eb,,
question,1bcf5c8c-6fdd-405d-9995-f8b31168bb37,2015,405,Elucidate the biological and cultural factors in Human Evolution.,no_primary_tag,flagged,,,2f03172c-8e01-483c-8e62-c04dd8a8d01d,,
question,e6624419-010a-4865-aa9d-ac8d5bca2b37,2015,406,"How did Morgan explain the evolution of marriage, family and Socio-Political organization, and how did other evolutionists disagree with his",no_primary_tag,flagged,,,dcda72e4-1ea2-4c4e-95fc-0a5b51338b7e,,
question,319d60b8-f96a-4418-a840-cd6cb9c2d6b9,2015,407,How do diffusionism and evolutionism differ as explanations of Culture Change ?,no_primary_tag,flagged,,,83927d02-7642-489d-b87d-9ade5f2c0314,,
question,966059f5-3069-4bd9-a6d5-b9e59641deaa,2015,408,Define family and critically examine the universality of family.,no_primary_tag,flagged,,,04740370-e9ed-4d1b-9bb3-66ef0a168819,,
question,c6e2a26f-b968-43f9-b3b4-bbc9fd13b9fd,2015,409,How do you relate the concepts of 'Sacred' and 'Profane' in Durkheim's theory of religion with a focus on the role of totem ?,no_primary_tag,flagged,,,4b09a7a5-f280-4e17-b14c-8e2f290dfcfd,,
question,5eaed838-c450-4aee-80cc-678497a9f2b0,2015,410,Explain the basic features of 'Postmodernism' in Anthropology.,no_primary_tag,flagged,,,8d6af656-84bf-4a28-9035-577f12cf8cb1,,
question,79eb3c59-d4a2-491c-9a10-88f49c7fe3e5,2015,411,Critically examine the Formalists' and Substantivists' views on the applicability of economic laws in the study of primitive societies.,no_primary_tag,flagged,,,917e26cb-4ee2-4c4c-929e-eed073126b1a,,
question,e5e5bdef-753b-4a08-b4e8-763434b5ee04,2015,412,"Explain the difference between emic and etic, and how does the difference derive from the study of language ?",no_primary_tag,flagged,,,de48f458-61e8-4f30-8796-6e6346124102,,
question,3aad556e-c654-489b-8843-5a79150f8f73,2015,413,What made Geertz's Interpretive Anthropology distinct from Turner's Symbolic Anthropology ? What does each of them mean by the terms Symbol',no_primary_tag,flagged,,,acf52d65-10d4-4457-abc1-e80cdbd601fc,,
question,5532e78c-6dcd-459c-b9ef-60996001e391,2015,414,Palaeolithic culture.,no_primary_tag,flagged,,,689f78b1-4306-4afc-b3c9-58dffb12d21f,,
question,4754e3c3-cf74-4955-9849-4a6265462617,2015,415,Down's Syndrome.,no_primary_tag,flagged,,,8614c6a2-e198-4464-8fc5-f772880fbfe4,,
question,40a94e70-3a4c-48ea-a662-238013901677,2015,416,Longitudinal method of studying growth.,no_primary_tag,flagged,,,a6083d5b-7221-4e95-a2a0-e114e5f68f9e,,
question,054047ff-7fb2-4426-a68d-0d6469148f0f,2015,417,Menopause and its impact.,no_primary_tag,flagged,,,9c9729e1-f86c-400c-b862-423e0317b688,,
question,5b765fde-aaa6-4c3b-a1f4-949d98b58a42,2015,418,DNA technology in Medicine.,no_primary_tag,flagged,,,1d90a956-1196-44c8-9c13-c9131c968b2c,,
question,88357474-47f3-4958-b143-4f10b1d7547d,2015,419,Describe the salient characteristics and geographical distribution of Homo erectus.,no_primary_tag,flagged,,,a7240cf3-7e7d-42d4-b9a9-f195289037bf,,
question,c15f1998-308c-49e5-84f1-8a88dd974cac,2015,420,Critically examine Darwin's theory of evolution in understanding evolution.,no_primary_tag,flagged,,,39c0198c-0d6f-4b2c-8596-c656e9f63f91,,
question,ba808462-0f7d-4e66-bea8-4dda63aaff1b,2015,421,Discuss chromosomal aberrations in man illustrating with examples.,no_primary_tag,flagged,,,8614c6a2-e198-4464-8fc5-f772880fbfe4,,
question,83cc6c81-d9f6-412b-bd06-5e4e447a5d4c,2015,422,What is an anthropometric somatotype? Describe Health and Carter's method of somatotyping.,no_primary_tag,flagged,,,fcccc3f0-c7de-45d7-8370-d11876104a3f,,
question,bdc8b581-59e4-4d82-9673-ab4ff5deddb0,2015,423,Critically examine the physiological responses and acclimatization to cold climate in Man.,no_primary_tag,flagged,,,5f18a481-01c4-4793-8237-a3f20238afae,,
question,9b510ae2-68f2-4646-845e-2a51cb7a42c3,2015,424,Elucidate the role of Anthropology in selection and monitoring of sports persons.,no_primary_tag,flagged,,,64a4d05a-c2cd-40eb-b187-92d148e5150b,,
question,f9790796-aaec-4baf-af23-de727abe2d59,2015,425,Forensic Science can help in criminal investigations. Discuss.,no_primary_tag,flagged,,,9baa9b20-4635-4703-93c0-7f5d544ac649,,
question,5acf9f64-3993-4807-a16b-921f46e95373,2015,426,Define genetic polymorphism. Give details of its types with suitable examples.,no_primary_tag,flagged,,,b4f5023d-1d11-406f-bd3b-887ccf22a4e2,,
question,a7fed00e-b430-49a3-8436-6d7663586a86,2015,427,What do you understand by Immunogenetics? Explain with suitable examples.,no_primary_tag,flagged,,,6c5db1e6-1ba9-4f46-833e-3d6e93b0294e,,
question,dd03ebd0-4952-4514-8a7e-2047f4040273,2016,400,Differences between Social Anthropology and Sociology.,no_primary_tag,flagged,,,4376e479-7f6c-421c-b0e0-71fb60c16b7d,,
question,3916a513-9757-44c2-9b19-1f080846bbb2,2016,401,Cultural Relativism.,no_primary_tag,flagged,,,1284b836-a24e-4695-b3f9-ccb6680ea431,,
question,734eebdf-2e89-4722-a3f8-71716b5bb934,2016,402,Lineage and Clan.,no_primary_tag,flagged,,,3726d2c4-3cdb-44fb-ab68-0e3602f03462,,
question,e955f45d-0261-4a52-95e3-2b38359700fa,2016,403,Totemism.,empty_or_short;no_primary_tag,flagged,,,3a94f957-c568-4cbc-96b2-e199b6ec3ef9,,
question,7144f07c-9f4b-4255-a420-73fc72939055,2016,404,Functionalism.,empty_or_short;no_primary_tag,flagged,,,d8e5bf36-f0a5-41ff-97b8-ffb149c104ec,,
question,d3c20f36-9c25-485b-aa08-73621484af1f,2016,405,Delineate the salient features of Chalcoloithic cultures.,no_primary_tag,flagged,,,2214504e-519e-4a33-bf7f-4f876da2d08a,,
question,b7253c5f-1ee7-4a49-8c34-a92b8828bc0f,2016,406,Discuss the impact of urbanization and feminist movements on family in India.,no_primary_tag,flagged,,,1f119bc7-08f7-4c69-b7c1-d5106af85d38,,
question,c2e93408-aee5-4cbc-bc51-6b335386fd6d,2016,407,"According to Geertz, how does the cock-fight reveal aspects of Balinese culture?",no_primary_tag,flagged,,,acf52d65-10d4-4457-abc1-e80cdbd601fc,,
question,34f1d6b7-ade9-41dd-aef5-93dd571a7931,2016,408,Describes the cardinal points of descent and alliance theories.,no_primary_tag,flagged,,,5a36c401-7666-4e04-9394-d2c38d3ba74a,,
question,3d0afdd4-8c02-44d6-adf0-92607667e0da,2016,409,Discuss different social control mechanisms in simple societies.,no_primary_tag,flagged,,,8752810d-b580-4f27-8cbe-9e715ea3309c,,
question,d39e0ee7-f2e9-405e-b19c-a3f47934b5ae,2016,410,Critically examine different Anthropological approaches to Religion.,no_primary_tag,flagged,,,94a01f31-8534-4dc9-b4e2-f38c4da1319a,,
question,2cd2d22d-2227-4a5e-818c-d46f698439ca,2016,411,"Discuss the principles governing production, distribution and exchange in simple societies.",no_primary_tag,flagged,,,babb2307-765d-423b-bfa1-a44fe04c4b65,,
question,a03dadd4-920c-4558-af80-bcb8891484ae,2016,412,How do the concepts of binary opposites and exchange figure in Levi-Strauss' structural analysis of kinship?,no_primary_tag,flagged,,,c6a599e4-9a86-4724-be46-3c830afd52c8,,
question,c9380970-12cd-40fb-b02c-3163e44a9d3b,2016,413,Describe the evolution of Fieldwork tradition in Anthropology.,no_primary_tag,flagged,,,e5cb70b2-03ca-4940-b9d3-bb4f23e29c27,,
question,7e5b2e4b-1538-417f-a4bc-acd1d0d0c46a,2016,414,Rh-Blood Group.,no_primary_tag,flagged,,,b4f5023d-1d11-406f-bd3b-887ccf22a4e2,,
question,3f9676a2-daa1-472d-b946-387f5dd820c6,2016,415,Rhodesian Man.,empty_or_short;no_primary_tag,flagged,,,a83730be-99c1-4880-b594-fbe4788e3ad0,,
question,0d2fc20f-50c5-411c-9dbd-6ccaedf748e6,2016,416,Neolithic Cultures of India.,no_primary_tag,flagged,,,2214504e-519e-4a33-bf7f-4f876da2d08a,,
question,761bb458-6ac2-48e3-b235-245f1d818526,2016,417,Fertility and Fecundity.,no_primary_tag,flagged,,,41be3178-d598-4d1a-b9c3-4660c95f5457,,
question,ca634947-de4c-4bd0-89ca-c4ef3a563a6e,2016,418,Forensic Anthropology.,no_primary_tag,flagged,,,9baa9b20-4635-4703-93c0-7f5d544ac649,,
question,1f067beb-c052-41d3-9cdd-869ac697b4f2,2016,419,Elucidate the biological and cultural factors in Human evolution.,no_primary_tag,flagged,,,2f03172c-8e01-483c-8e62-c04dd8a8d01d,,
question,b7055110-e038-4ee5-8b14-db9054d5d82e,2016,420,Explain the role of heredity and environment in the formation of races.,no_primary_tag,flagged,,,11412729-ba27-4d3a-aded-69a699adf62a,,
question,5dd07485-7303-4a29-ba83-eba0fdc3dc85,2016,421,Discuss different factors affecting growth and development in human beings.,no_primary_tag,flagged,,,7cb03a38-6a6d-46a2-be97-4bb71fecb76d,,
question,98427292-97f9-49ac-88b4-5fa49b41031a,2016,422,Critically discuss the Mendelian principles and their application to human populations.,no_primary_tag,flagged,,,e719533c-c31e-4266-a4e9-4c5198e79931,,
question,d584e10e-1bc5-46a6-99bd-a3ced8edb034,2016,423,Explain the significance of screening and counseling for genetic disorders.,no_primary_tag,flagged,,,2aa830f6-197b-4f2e-9d27-2e3fb9d8b8b0,,
question,76b90ab0-ff7c-48b2-9abc-18c44a23ede5,2016,424,Describe the scope of Epidemiological Anthropology in the study of infectious and non-infectious diseases.,no_primary_tag,flagged,,,bcd1d8ee-5cff-4455-946d-44478bbb7130,,
question,21cea583-3432-4498-baec-b9b82c8bf6e8,2016,425,Describe the role of Anthropology in designing defence and other equipment.,no_primary_tag,flagged,,,6d263e8c-082a-4732-a4a7-4670c81eff63,,
question,07ff0320-cb16-40b4-82cd-4b402876df37,2016,426,Discuss the genetic and non-genetic factors in the bio-cultural adaptations of human beings to different environments.,no_primary_tag,flagged,,,5f18a481-01c4-4793-8237-a3f20238afae,,
question,11607502-4168-464d-8430-f035b1ba2bf5,2016,427,Explain the skeletal changes due to erect posture and their implications.,no_primary_tag,flagged,,,7258d1b9-0d42-4b7e-ab42-e461c8d4134d,,
question,67821cc6-9ead-4d1f-8a9c-9434979675a9,2017,400,Bilineal and bilateral descents.,no_primary_tag,flagged,,,b85abc50-68c3-4cd3-a571-7ce938f3bf66,,
question,6ab240f6-27d1-4dea-8a07-433ab2b6e028,2017,401,Difference between religion and magic.,no_primary_tag,flagged,,,74c33190-fe71-47c1-9c9a-a9978115512a,,
question,3c7d1b44-79d0-47c2-848a-a57f432d7727,2017,402,Basic tenets of structural functionalism.,no_primary_tag,flagged,,,34d1efbc-16be-4d3d-8264-5d5a85371541,,
question,43c030ff-7c63-4bf9-be03-79b0ebb30d66,2017,403,Non-verbal communication.,no_primary_tag,flagged,,,2cb35188-49d4-4dcc-8af8-65fb99aa726a,,
question,6cf6098f-b360-4ed6-b39c-46a2fcab03a7,2017,404,Questionnaire.,empty_or_short;no_primary_tag,flagged,,,a8c32027-4800-4a91-9ff0-c4dea0a0f6bb,,
question,d3e81d39-a7fd-47c9-9683-76a50eed2ad6,2017,405,Discuss the development of the concept of culture in Anthropology.,no_primary_tag,flagged,,,a27a1414-eb57-44a6-9e66-31f06c4484d5,,
question,95cdae02-6ee2-4e09-b0a3-54be5df71e69,2017,406,Elucidate the determinants of Kinship terminology.,no_primary_tag,flagged,,,ff5ab068-86da-4a9b-bf60-ac560f647c63,,
question,3262fdc8-9e61-4895-bf91-65b0115b9fd7,2017,407,Discuss the different forms of preferential marriage with suitable examples from tribal societies in India.,no_primary_tag,flagged,,,22aa8c80-9739-4c32-8976-6d2027914a45,,
question,e3faf4f8-5772-4bcd-96f5-45a4bb2c9a6b,2017,408,Discuss the different traditional forms of religion in tribal societies.,no_primary_tag,flagged,,,3a94f957-c568-4cbc-96b2-e199b6ec3ef9,,
question,d8dbf3f6-17c7-49de-8883-b1d8a9ba02cc,2017,409,Mention the characteristic features of band with suitable examples.,no_primary_tag,flagged,,,2eb1bc20-d390-484e-a301-0a8190ad80a4,,
question,163d9023-0bad-4579-9b79-fa4568982694,2017,410,"With the help of appropriate examples, explain the various forms of exchange system.",no_primary_tag,flagged,,,babb2307-765d-423b-bfa1-a44fe04c4b65,,
question,39c095df-3a13-4ed9-92cd-d06b2ca31d4f,2017,411,Explain Ruth Benedict's patterns of culture.,no_primary_tag,flagged,,,4cd21739-1e5b-435b-a7d2-f0e19b48c75e,,
question,9b104ef8-311c-4bf5-80d3-5ed4a5428583,2017,412,Elucidate the basic characteristics of anthropological fieldwork methods.,no_primary_tag,flagged,,,e5cb70b2-03ca-4940-b9d3-bb4f23e29c27,,
question,e0dd0496-4536-4db2-8d60-a947a6f27ec5,2017,413,Critically examine the Stewardian view of neo-evolutionism.,no_primary_tag,flagged,,,bd1d0b6b-722c-4bb9-aa40-01d75f44ea8e,,
question,2a07fef3-5f78-4b7d-9bb6-4d366d293e9b,2017,414,Hardy-Weinberg law.,no_primary_tag,flagged,,,8785e0cb-9e75-4e94-8def-27a59a5ac737,,
question,eeb3c33a-114a-41fb-90fb-9958c677258c,2017,415,Salient features of Mesolithic culture.,no_primary_tag,flagged,,,689f78b1-4306-4afc-b3c9-58dffb12d21f,,
question,33cce56c-66f6-4474-85d6-ca84334a3fce,2017,416,Concept of race.,no_primary_tag,flagged,,,11412729-ba27-4d3a-aded-69a699adf62a,,
question,1845b11e-2816-42df-9d19-143cbd06e867,2017,417,Age at menarche.,no_primary_tag,flagged,,,9c9729e1-f86c-400c-b862-423e0317b688,,
question,1e6d4084-4a8a-4d01-812f-b7c5ce696bf9,2017,418,Anthropology and designing of equipments.,no_primary_tag,flagged,,,6d263e8c-082a-4732-a4a7-4670c81eff63,,
question,1fd1ea24-a994-4e5b-a718-3414d2540027,2017,419,Define Anthropology. Describe the major branches of Anthropology elaborating on any one branch.,no_primary_tag,flagged,,,9716eecc-957a-4520-b1a1-77d10bda3b41,,
question,bb7144e0-7146-4dbf-8028-3b75250adb57,2017,420,Bring out the comparative anatomical features of man and apes. Discuss their evolutionary significance.,no_primary_tag,flagged,,,9e37916e-dd62-4aa5-9453-58a4c864b233,,
question,6ebe1f19-9302-4da8-9e54-364926a30131,2017,421,What are dating methods? Discuss one absolute method and one relative method in detail.,no_primary_tag,flagged,,,4738736b-39b7-4e99-a669-3c519652530f,,
question,43eaf85e-f5d2-4d89-bdc5-17d356587fe2,2017,422,Briefly describe the various methods used in the genetic study of man.,no_primary_tag,flagged,,,986e5ee6-296a-456e-8782-101bb2c46d0a,,
question,372ede53-112e-4a7f-8513-76958f67ac16,2017,423,Discuss the responses and acclimatization to high altitude stresses.,no_primary_tag,flagged,,,5f18a481-01c4-4793-8237-a3f20238afae,,
question,9c41ed56-8e71-452c-9fac-0d415c062012,2017,424,Describe the biological and socio-ecological factors affecting fertility and mortality.,no_primary_tag,flagged,,,41be3178-d598-4d1a-b9c3-4660c95f5457,,
question,1ac8b14c-738c-41b9-a718-436255dd83cd,2017,425,What are the methods of personal identification? Critically examine how personal identification helps in criminal investigations.,no_primary_tag,flagged,,,9baa9b20-4635-4703-93c0-7f5d544ac649,,
question,14fe2e51-52fc-44ca-88f7-28b8ddc99dfa,2017,426,Describe the various methods of studying growth highlighting their merits and demerits.,no_primary_tag,flagged,,,a6083d5b-7221-4e95-a2a0-e114e5f68f9e,,
question,8900254a-fdd5-4392-a3f3-32c85ea3ee5a,2017,427,Discuss Sheldon's method of somatotyping.,no_primary_tag,flagged,,,fcccc3f0-c7de-45d7-8370-d11876104a3f,,
question,59c86eab-00ba-4d96-b459-addd34d3b94e,2018,400,The Relevance of Anthropology.,no_primary_tag,flagged,,,9716eecc-957a-4520-b1a1-77d10bda3b41,,
question,f36f7c11-ccc5-48bd-9a0c-5a9c61433824,2018,401,Difference between Science and Magic.,no_primary_tag,flagged,,,74c33190-fe71-47c1-9c9a-a9978115512a,,
question,36619c95-4f62-4bec-8a7f-17d5f7514bfc,2018,402,Town Planning of Harappan Culture.,no_primary_tag,flagged,,,2214504e-519e-4a33-bf7f-4f876da2d08a,,
question,494bd59b-2c01-49f6-acf7-910862949798,2018,403,Kinship Terminology.,no_primary_tag,flagged,,,ff5ab068-86da-4a9b-bf60-ac560f647c63,,
question,39d4a69e-7eac-49d0-87fb-beb5c229bba6,2018,404,Ways of Acquiring Mate in Tribal Society.,no_primary_tag,flagged,,,5eed334b-f21f-402c-9bdc-caa4402417dd,,
question,b1e04543-db41-4f55-b662-b00f10259945,2018,405,Explain the biological changes that made human beings capable of making culture.,no_primary_tag,flagged,,,2f03172c-8e01-483c-8e62-c04dd8a8d01d,,
question,a2e1408b-ad40-42fe-9a46-48167d626710,2018,406,How does customary law function in the tribal society? Discuss its different sources.,no_primary_tag,flagged,,,8752810d-b580-4f27-8cbe-9e715ea3309c,,
question,eaf538ec-eec9-40c3-91f0-44d762fffb3c,2018,407,What do you understand by the National Character Study? Illustrate the concept.,no_primary_tag,flagged,,,4cd21739-1e5b-435b-a7d2-f0e19b48c75e,,
question,9f49fef2-b6f4-4315-9c92-e368b51f7d0e,2018,408,Define ethnography and present a brief history of ethnographic studies.,no_primary_tag,flagged,,,e5cb70b2-03ca-4940-b9d3-bb4f23e29c27,,
question,3f80b86d-f2af-4e4b-a3ce-a88cc387a38b,2018,409,Give an account of the consequences of food production of Neolithic culture.,no_primary_tag,flagged,,,2214504e-519e-4a33-bf7f-4f876da2d08a,,
question,f450443a-139b-4317-bfe3-33e300298626,2018,410,Critically examine that the structure and content of language are influenced by culture.,no_primary_tag,flagged,,,de48f458-61e8-4f30-8796-6e6346124102,,
question,bd12f441-9570-485b-8237-4a25ad1251f0,2018,411,How is case study method helpful in understanding a phenomena? Explain with suitable example.,no_primary_tag,flagged,,,fcf1600a-316d-4357-97e0-f7a83bc309a7,,
question,2b664156-4f7e-4d5f-af2d-83bf7732e343,2018,412,Describe the culture related to Homo erectus.,no_primary_tag,flagged,,,a7240cf3-7e7d-42d4-b9a9-f195289037bf,,
question,f92e94e5-b84c-40a6-adac-06aff980a75d,2018,413,Write the characteristics of hunting and gathering economy.,no_primary_tag,flagged,,,555c581d-08a4-448f-b22b-8412dab26761,,
question,eb909f67-89af-4a18-bfeb-966862977cf8,2018,414,Gordon Childe's Theory of Cultural Evolution.,no_primary_tag,flagged,,,bd1d0b6b-722c-4bb9-aa40-01d75f44ea8e,,
question,817fc70d-4b80-4888-9762-0680bafd12d3,2018,415,Advanced Molecular Anthropology Techniques.,no_primary_tag,flagged,,,6c5db1e6-1ba9-4f46-833e-3d6e93b0294e,,
question,7cb4cd3d-8cbd-4630-95ba-7eb1acc7468d,2018,416,Categorize Gence that influence Human Survival.,no_primary_tag,flagged,,,6ad5c7c1-139e-4228-b202-35fa7ab4a052,,
question,4989c8ca-bce1-494a-862b-74a4da9b7763,2018,417,Race is a Myth. Justify its Present Day Relevance.,no_primary_tag,flagged,,,11412729-ba27-4d3a-aded-69a699adf62a,,
question,82aee669-7a30-44cb-aa99-c53244011614,2018,418,Issues of Elderly and Senescence in Developing and Developed Countries.,no_primary_tag,flagged,,,30329e7d-d6a1-45be-b6d1-3030389e887f,,
question,a9b3a27f-4066-407b-92d2-7be0a1c930a5,2018,419,Explain the mechanisms of human variation in gene frequencies.,no_primary_tag,flagged,,,a4280511-e2c7-4223-bb99-2379b2221e2b,,
question,59b42321-0ef7-4767-86db-1fe24a0eb26b,2018,420,Do Allen's rule and Bergmann's rule hold for human populations ? Explain with examples.,no_primary_tag,flagged,,,5f18a481-01c4-4793-8237-a3f20238afae,,
question,0e21015c-23e5-4430-bd18-49c2adceea20,2018,421,Explain the impact of discovery of iron technology on contemporary society.,no_primary_tag,flagged,,,a0fd7a11-e2ec-4016-a108-65b4ae9313a7,,
question,e92ca28e-cb5b-4b35-8475-ce9a57f724a5,2018,422,Describe the mechanisms for structural anomalies of autosomes with diagrams.,no_primary_tag,flagged,,,8614c6a2-e198-4464-8fc5-f772880fbfe4,,
question,17988dbe-4569-4c24-8638-49b36baa1f3c,2018,423,Describe the principles of radiocarbon dating. Mention its limitations.,no_primary_tag,flagged,,,e5a52ef5-d183-444d-a7fa-585a003314f9,,
question,4ba9f02f-5876-4624-994a-22e4dd92ea6a,2018,424,Narrate evolution of disease and major causes of ill health in human populations.,no_primary_tag,flagged,,,acc2f17f-1b12-4db1-8d12-9e264a0f2491,,
question,d98a1d81-52bb-44d2-a90f-0eca176dfa61,2018,425,"Distinguish between adaptation, adaptability and acclimatization with examples.",no_primary_tag,flagged,,,5f18a481-01c4-4793-8237-a3f20238afae,,
question,ce6928c0-cd60-4e13-8c8e-f1de039d95b2,2018,426,Define fecundity and explain major factors affecting fecundity in Indian populations.,no_primary_tag,flagged,,,41be3178-d598-4d1a-b9c3-4660c95f5457,,
question,127eb00d-f31c-42b3-803a-df1a4d7d2432,2018,427,Give an account of the field methods used in the study of Archaeological Anthropology.,no_primary_tag,flagged,,,9af27adb-5d99-4104-80bc-121baf03b5d9,,
question,31472d00-a813-4d0a-99fa-9ad1840e24de,2019,400,The relationship between Linguistics and Social-Cultural Anthropology.,no_primary_tag,flagged,,,4ff3f6bc-918f-4308-afa8-850f2062174d,,
question,9c17f839-d02b-4cf6-a2cb-288435bb01ad,2019,401,Cultural Relativism.,no_primary_tag,flagged,,,1284b836-a24e-4695-b3f9-ccb6680ea431,,
question,ee1efbc7-4c63-47af-a778-c5b19ec8e3cd,2019,402,Pastoralism in India.,no_primary_tag,flagged,,,e6773722-a290-4226-8317-d84129fe600a,,
question,d8ec2290-2ed5-4f15-8e11-d207ac024d55,2019,403,Cultural Materialism.,no_primary_tag,flagged,,,37287845-8b66-4be1-ba16-f9246b08bc68,,
question,7fd4fd93-df0d-4d47-998c-913dee8aa83c,2019,404,Relative Dating Methods.,no_primary_tag,flagged,,,4738736b-39b7-4e99-a669-3c519652530f,,
question,ea1244b0-a799-46cd-a19b-964603886e78,2019,405,Discuss the evolutionary significance of bipedalism and erect posture.,no_primary_tag,flagged,,,7258d1b9-0d42-4b7e-ab42-e461c8d4134d,,
question,e0891786-bfb5-467c-abc9-8006b011f134,2019,406,How did Radcliffe-Brown and Levi-Strauss study kinship in terms of social structure?,no_primary_tag,flagged,,,c6a599e4-9a86-4724-be46-3c830afd52c8,,
question,bb6dc5ac-ef5f-4d95-aaaf-c7051f776576,2019,407,Elucidate Mesolithic culture and associated rock art with examples from India.,no_primary_tag,flagged,,,689f78b1-4306-4afc-b3c9-58dffb12d21f,,
question,1d45b8b9-9432-4d5e-887f-94179e09b66d,2019,408,Discuss social stratification according to any three major approaches.,no_primary_tag,flagged,,,11412729-ba27-4d3a-aded-69a699adf62a,,
question,4d248e9f-8e91-4d83-8cdf-f306a22c8a2b,2019,409,"""Europeans are closer to Neanderthals."" Critically discuss in view of the African origin of humankind.",no_primary_tag,flagged,,,39d9f5e3-c8f5-4707-a516-698b6f154308,,
question,7b379374-ec56-4d5b-bb5c-0a0d1336e73c,2019,410,Discuss briefly the major traditions in the Upper Palaeolithic culture of Europe.,no_primary_tag,flagged,,,689f78b1-4306-4afc-b3c9-58dffb12d21f,,
question,0f826fbc-105c-412f-b1da-c1e7751e521b,2019,411,"With reference to the somatoscopic and morphometric characteristics commonly used for racial classification, make critical comments as to wh",no_primary_tag,flagged,,,11412729-ba27-4d3a-aded-69a699adf62a,,
question,56cafc0f-0622-445e-abe1-a36e5ec2ff56,2019,412,Critically explain the anthropological approaches to religion.,no_primary_tag,flagged,,,94a01f31-8534-4dc9-b4e2-f38c4da1319a,,
question,281848e8-f269-4bc2-add0-0b136b6e4606,2019,413,Differentiate between transient and balanced genetic polymorphism. Illustrate your answer with suitable examples from human populations.,no_primary_tag,flagged,,,b4f5023d-1d11-406f-bd3b-887ccf22a4e2,,
question,1c0266f9-e8d1-434b-9bf8-b43647f52258,2019,414,Adaptive primate radiation.,no_primary_tag,flagged,,,c7ffe9e6-08b6-46ea-9c7d-ef597f616ddb,,
question,00a83f1b-4a23-41cd-bc62-fd51aea00af2,2019,415,Implications of mutation in evolution.,no_primary_tag,flagged,,,09ef6e55-4e8b-4a34-a866-bdbd2a79e652,,
question,07ce1a5b-d7ec-4a83-b9c2-39d1031c9514,2019,416,Olduvai Gorge.,empty_or_short;no_primary_tag,flagged,,,319006b7-c8f9-46c8-9575-39e8eec4ac94,,
question,cbe48099-0ed8-466f-8304-d2ea418cc37e,2019,417,Anthropological inputs in facial reconstruction.,no_primary_tag,flagged,,,9baa9b20-4635-4703-93c0-7f5d544ac649,,
question,cf125341-9b47-4cb4-b351-0530aec31698,2019,418,Genetico-environmental factors affecting human growth.,no_primary_tag,flagged,,,7cb03a38-6a6d-46a2-be97-4bb71fecb76d,,
question,25fa25bf-01f2-4522-99f8-3ca9430644db,2019,419,Examine critically the contributions of Victor Turner and Clifford Geertz in anthropology.,no_primary_tag,flagged,,,acf52d65-10d4-4457-abc1-e80cdbd601fc,,
question,32f896f3-e719-4c88-ad6e-948eb66f97ed,2019,420,"""Human adaptations are always bio-cultural in nature."" Discuss with reference to human adaptation to high-altitude climate.",no_primary_tag,flagged,,,5f18a481-01c4-4793-8237-a3f20238afae,,
question,aeb45622-3bc9-45a4-a60b-f054d8f487a8,2019,421,Discuss the methods of studying human growth with their merits and demerits.,no_primary_tag,flagged,,,a6083d5b-7221-4e95-a2a0-e114e5f68f9e,,
question,9ef4bcee-a674-415c-9cde-705b18808194,2019,422,Discuss how indigenous people encounter globalization.,no_primary_tag,flagged,,,16204ce6-990d-4e2a-a468-969b4cc4a631,,
question,d451f0be-33da-4b94-adb7-5ac1dd33510f,2019,423,"""Applied human genetics has come to touch every sphere of human life."" Discuss in light of recent advances in molecular anthropology.",no_primary_tag,flagged,,,2aa830f6-197b-4f2e-9d27-2e3fb9d8b8b0,,
question,fb4d9f42-27e9-481b-83a5-f7312a27e753,2019,424,Evaluate participant observation in producing anthropological knowledge.,no_primary_tag,flagged,,,a8c32027-4800-4a91-9ff0-c4dea0a0f6bb,,
question,9dfdf747-212a-418e-a7af-be29d7323aec,2019,425,Discuss with examples the Megalithic culture of India in the archaeological context.,no_primary_tag,flagged,,,a0fd7a11-e2ec-4016-a108-65b4ae9313a7,,
question,c8dc07ee-25c6-4784-91d3-5c54dbc31d87,2019,426,Discuss the bio-cultural factors influencing fertility in light of the relationship between fecundity and fertility.,no_primary_tag,flagged,,,41be3178-d598-4d1a-b9c3-4660c95f5457,,
question,87236175-623b-4786-952e-87075f1347ad,2019,427,Discuss phenomenology as a research method in anthropological studies.,no_primary_tag,flagged,,,69c81931-ed3d-44a1-976b-57efd57f8fc3,,
question,001e7f22-93b2-4c46-8163-22a240e476eb,2020,400,Natufian culture.,no_primary_tag,flagged,,,2214504e-519e-4a33-bf7f-4f876da2d08a,,
question,7ecba48b-4833-46ec-b0fe-71c5c1ba6363,2020,401,Sapir-Whorf hypothesis.,no_primary_tag,flagged,,,de48f458-61e8-4f30-8796-6e6346124102,,
question,5d50a7e5-6636-40cd-87ca-0bbbc7b002da,2020,402,Human rights and Cultural relativism.,no_primary_tag,flagged,,,1284b836-a24e-4695-b3f9-ccb6680ea431,,
question,5a6b7d1c-bea1-4045-9443-d941bbb1f40c,2020,403,Victor Turner and Liminality.,no_primary_tag,flagged,,,acf52d65-10d4-4457-abc1-e80cdbd601fc,,
question,0066b7db-ec68-4e0c-8518-36dba3dab04e,2020,404,Jane Goodall's contributions in studying primate behaviour.,no_primary_tag,flagged,,,16bffd3a-934a-420d-b1e9-5880221bc059,,
question,7540607e-ef63-4dc0-aec0-025745866b0c,2020,405,Critically evaluate the contesting theories of the emergence and dispersal of modern Homo Sapiens.,no_primary_tag,flagged,,,722cf799-da44-4205-94c6-e4bc1b440691,,
question,7dbb796b-8787-4fc7-b850-636fff6b8305,2020,406,Discuss Erving Goffman's concept of total institutions and its relevance in contemporary society.,no_primary_tag,flagged,,,7fd7bbc6-a66f-475e-b1f1-8e7238d16bcf,,
question,b50f082f-5a6f-4416-a3f1-243f1a5a0682,2020,407,Differentiate between Lower Palaeolithic culture Palaeolithic culture with suitable examples.,no_primary_tag,flagged,,,689f78b1-4306-4afc-b3c9-58dffb12d21f,,
question,1b7f1d85-4401-4c05-bbc4-2cf4b3f2060d,2020,408,Explain the impact of feminist movement on universality of marriage and family structure.,no_primary_tag,flagged,,,1f119bc7-08f7-4c69-b7c1-d5106af85d38,,
question,a83f38ae-c97c-45c9-9a05-13eee952655d,2020,409,Critically examine the demographic and epidemiological consequences with rise in food production and sedentism.,no_primary_tag,flagged,,,acc2f17f-1b12-4db1-8d12-9e264a0f2491,,
question,223905c8-03e3-487c-85f4-c87ec1322a80,2020,410,Elucidate how Darwin and Post-Darwin theories of evolution resulted in the development of Synthetic theory of evolution.,no_primary_tag,flagged,,,2290024d-d715-4aac-b936-a2435f00927c,,
question,9e899c46-afb4-4c4d-bda9-90e2fd19e4ff,2020,411,Discuss various anthropological approaches to the study of personality and culture.,no_primary_tag,flagged,,,4cd21739-1e5b-435b-a7d2-f0e19b48c75e,,
question,aa6d9202-a745-45d3-b32e-a3a1b9fa4665,2020,412,Illustrate with examples the various types of locomotion patterns among the non- human primates.,no_primary_tag,flagged,,,c7ffe9e6-08b6-46ea-9c7d-ef597f616ddb,,
question,8150fb19-6dcc-4512-97ca-2c4d9af4ca47,2020,413,How is the construct of power linked to the notion of conspicuous consumption and its impact on distributive justice?,no_primary_tag,flagged,,,70989950-2e90-4528-96ae-f6808226d3e1,,
question,f185e1c6-b394-43f8-a505-9d9ed15684c2,2020,414,Racism and Eugenics.,no_primary_tag,flagged,,,11412729-ba27-4d3a-aded-69a699adf62a,,
question,22011757-67b2-4efe-abec-148423f9a0f7,2020,415,Genetic drift.,empty_or_short;no_primary_tag,flagged,,,a4280511-e2c7-4223-bb99-2379b2221e2b,,
question,e36819ac-9805-4ada-bae9-fbeab1e7e427,2020,416,Experiential Ethnography.,no_primary_tag,flagged,,,e5cb70b2-03ca-4940-b9d3-bb4f23e29c27,,
question,e21d77e9-39a2-43d8-8250-d3a073d217a4,2020,417,Ethics and Genetic engineering.,no_primary_tag,flagged,,,2aa830f6-197b-4f2e-9d27-2e3fb9d8b8b0,,
question,a02b35f9-8165-4d89-9953-e2aad0d7709f,2020,418,Senescence.,empty_or_short;no_primary_tag,flagged,,,30329e7d-d6a1-45be-b6d1-3030389e887f,,
question,9b609971-8bf7-4ecb-8b32-f7d254713a90,2020,419,"Secular trend in human growth can be positive, negative or neutral. Illustrate with examples.",no_primary_tag,flagged,,,9d4f4ad0-7aae-47e3-bd85-197df449abeb,,
question,650111d5-5495-4a3d-8d3a-edbc596f2083,2020,420,Describe the impact of infectious diseases on indigenous populations.,no_primary_tag,flagged,,,bcd1d8ee-5cff-4455-946d-44478bbb7130,,
question,f5d2aa9f-7a40-4ca2-9a2f-412c52aeb480,2020,421,How may numerical aberrations in sex chromosomes lead to genetic disorders?,no_primary_tag,flagged,,,8614c6a2-e198-4464-8fc5-f772880fbfe4,,
question,34ece46c-6d1a-4f27-a171-a2abc6b36c0b,2020,422,Explain how variations in language usage is related to social inequality.,no_primary_tag,flagged,,,de48f458-61e8-4f30-8796-6e6346124102,,
question,b661af6b-a614-483b-afeb-7a0b9c46f002,2020,423,Describe the biocultural responses to extreme climatic events.,no_primary_tag,flagged,,,5f18a481-01c4-4793-8237-a3f20238afae,,
question,9b9237ba-0a77-4c6b-9072-b2c8218f6125,2020,424,How do marriage rules impact the gene pool of populations?,no_primary_tag,flagged,,,0fc226e1-8263-4cda-97eb-11d9a372d111,,
question,148e8886-e08e-4a11-8c3b-8d52df1f8803,2020,425,How can synergising the core branches of anthropology reinvigorate the holistic spirit of the discipline?,no_primary_tag,flagged,,,9716eecc-957a-4520-b1a1-77d10bda3b41,,
question,71996ac6-da84-4d45-9123-87caefe398ee,2020,426,What are the applications of human genomic research in human welfare?,no_primary_tag,flagged,,,1d90a956-1196-44c8-9c13-c9131c968b2c,,
question,57b7c7d0-b7b3-4429-a1a6-cd82c53b2cad,2020,427,How have interpretation and presentation of data changed from classical to contemporary writings in anthropological texts?,no_primary_tag,flagged,,,0b7c8c0f-a388-4184-ac02-6462d0c49a85,,
question,bda03f45-e784-405c-95c9-eae1d9190032,2021,400,Animism and Deep Ecology.,no_primary_tag,flagged,,,3a94f957-c568-4cbc-96b2-e199b6ec3ef9,,
question,a79a8fb2-0118-42a9-8460-c0a497a6d9ff,2021,401,Marriage Regulations and Alliance Theory.,no_primary_tag,flagged,,,22aa8c80-9739-4c32-8976-6d2027914a45,,
question,44726329-a9eb-4927-95be-28ad601d8ce9,2021,402,Historical Particularism and Franz Boas.,no_primary_tag,flagged,,,fa9d1d97-5250-4c6f-8728-09fda05936eb,,
question,41725657-685f-4643-892e-51edd0a4ab3f,2021,403,"""The bio-cultural approach is the hallmark of Biological Anthropology."" Explain.",no_primary_tag,flagged,,,9af7e0ec-c887-4451-90c2-35c487642acb,,
question,744efd24-84e7-4321-b562-d548a7728af6,2021,404,Thermoluminescence (TL) dating.,no_primary_tag,flagged,,,e5a52ef5-d183-444d-a7fa-585a003314f9,,
question,3fd45183-0caf-4e14-b577-7ff648f62d31,2021,405,What are the physical and cultural characteristics of Homo erectus? Discuss its phylogenetic status.,no_primary_tag,flagged,,,a7240cf3-7e7d-42d4-b9a9-f195289037bf,,
question,76283583-4070-4c83-bab0-1b8d66a57fd2,2021,406,"Elucidate the concept of ""thick description"" of Clifford Geertz with a suitable example.",no_primary_tag,flagged,,,acf52d65-10d4-4457-abc1-e80cdbd601fc,,
question,4813c960-4047-4773-9831-2fad48867fe5,2021,407,Describe the features of early farming cultures and Neolithic of the Near East.,no_primary_tag,flagged,,,2214504e-519e-4a33-bf7f-4f876da2d08a,,
question,6c6fa386-4923-4a57-9bd2-e71f697a0121,2021,408,"How do political organisations of simple societies establish power, authority and legitimacy?",no_primary_tag,flagged,,,70989950-2e90-4528-96ae-f6808226d3e1,,
question,e46e0ef9-f503-4db8-b961-6f4f4728ee3a,2021,409,Explain the genetic mechanisms of micro and macro evolution.,no_primary_tag,flagged,,,2290024d-d715-4aac-b936-a2435f00927c,,
question,e80aa734-8a44-4f07-b741-2d26afcf6082,2021,410,Discuss the salient features of different traditions of European Mesolithic.,no_primary_tag,flagged,,,689f78b1-4306-4afc-b3c9-58dffb12d21f,,
question,0e71e741-324b-4a9d-ad04-ac4db36bea1a,2021,411,Elaborate the scope of anthropology and elucidate its uniqueness in the field of other social sciences.,no_primary_tag,flagged,,,4376e479-7f6c-421c-b0e0-71fb60c16b7d,,
question,0dfa0824-ee2d-4149-a433-4695ca1311d8,2021,412,Mention the major branches of linguistic anthropology and discuss language use in social and cultural settings.,no_primary_tag,flagged,,,4ff3f6bc-918f-4308-afa8-850f2062174d,,
question,1d592c6a-0dc9-4e3e-8ce4-88e765ce564b,2021,413,"""Chromosomal aberrations can play havoc with the human body and mind."" Explain with suitable examples.",no_primary_tag,flagged,,,8614c6a2-e198-4464-8fc5-f772880fbfe4,,
question,5b77398f-66cc-4f20-a492-4b2888175c8e,2021,414,Human adolescent growth spurt.,no_primary_tag,flagged,,,9d4f4ad0-7aae-47e3-bd85-197df449abeb,,
question,7aebb3d3-aa09-42ba-bbe4-7cf26657ad48,2021,415,The losses and gains of erect posture.,no_primary_tag,flagged,,,7258d1b9-0d42-4b7e-ab42-e461c8d4134d,,
question,b5d5a678-f3af-47cf-8fd7-63431d332528,2021,416,Is race a valid and biologically meaningful concept?,no_primary_tag,flagged,,,11412729-ba27-4d3a-aded-69a699adf62a,,
question,67cd8e47-c75e-47f1-9b94-6ac1c398df9e,2021,417,Descent Groups.,no_primary_tag,flagged,,,3726d2c4-3cdb-44fb-ab68-0e3602f03462,,
question,f8b3365b-6b97-4267-9a26-e199b32c368e,2021,418,Modes of Subsistence.,no_primary_tag,flagged,,,555c581d-08a4-448f-b22b-8412dab26761,,
question,39fb4e6c-992f-4ca7-9797-fee3299ae3b3,2021,419,What is acclimatization? Discuss adaptive responses to high altitude and cold climate.,no_primary_tag,flagged,,,5f18a481-01c4-4793-8237-a3f20238afae,,
question,7ca9937f-e426-4576-86f0-cea88d7538d8,2021,420,How are the cases of disputed paternity solved? Discuss the recent techniques.,no_primary_tag,flagged,,,2aa830f6-197b-4f2e-9d27-2e3fb9d8b8b0,,
question,ef4eee95-aa77-4857-9e94-fded7fdcc4c3,2021,421,Critically evaluate Lewis Morgan's classification of family.,no_primary_tag,flagged,,,21218aad-5bdc-49c4-a9cf-b3bf692e1e62,,
question,5f6e9d23-cb61-4a80-8af3-ed75c05d698f,2021,422,Critically evaluate different types of social stratifications with suitable examples.,no_primary_tag,flagged,,,11412729-ba27-4d3a-aded-69a699adf62a,,
question,3acceeeb-9c17-4ef2-9eb3-52caf176f92d,2021,423,Discuss the bio-social determinants of fertility and fecundity.,no_primary_tag,flagged,,,41be3178-d598-4d1a-b9c3-4660c95f5457,,
question,70846ebd-1c9a-4334-827a-76b306da09ae,2021,424,What is Anthropometry? Discuss its role in assessing the nutritional status and sports capability of a person.,no_primary_tag,flagged,,,fcccc3f0-c7de-45d7-8370-d11876104a3f,,
question,cb4cde0c-7268-4d75-aa0b-a574a5469e73,2021,425,Discuss various tools of data collection in conducting anthropological research.,no_primary_tag,flagged,,,a8c32027-4800-4a91-9ff0-c4dea0a0f6bb,,
question,0556d479-b87a-41f8-80cc-cde1516d7f1e,2021,426,Discuss the physiological and evolutionary theories of aging.,no_primary_tag,flagged,,,30329e7d-d6a1-45be-b6d1-3030389e887f,,
question,e623070a-9c3e-4238-b37d-b6074c6348c0,2021,427,Explain the structural analysis of kinship as proposed by Levi-Strauss.,no_primary_tag,flagged,,,c6a599e4-9a86-4724-be46-3c830afd52c8,,
question,9ede792c-f35d-45d1-b63d-d21dd13ed5a7,2022,400,Debate between formalist and substantivist approaches.,no_primary_tag,flagged,,,917e26cb-4ee2-4c4c-929e-eed073126b1a,,
question,50c52d73-bdd5-4b58-83f0-bb4940729372,2022,401,Mesolithic rock art in Indian subcontinent.,no_primary_tag,flagged,,,689f78b1-4306-4afc-b3c9-58dffb12d21f,,
question,1340b7d2-1c88-4b50-b803-90dc8a206b17,2022,402,"Radcliffe-Brown's ideas on status, role and institution.",no_primary_tag,flagged,,,34d1efbc-16be-4d3d-8264-5d5a85371541,,
question,9491fd85-b1dc-4607-b3ca-d3e3b20f2314,2022,403,Pedigree analysis in genetic counselling.,no_primary_tag,flagged,,,986e5ee6-296a-456e-8782-101bb2c46d0a,,
question,df4f5bc7-8237-414b-bdb8-af52ac892b59,2022,404,Participatory Rural Appraisal (PRA) and Participatory Learning and Action (PLA).,no_primary_tag,flagged,,,33460b14-9e77-4fe1-b30b-13f0fcd28b47,,
question,dac82b3f-2137-4154-bd8c-4d22c428398e,2022,405,"""Anthropology is the systematic, objective and holistic study of human kind in all times and places"". Elaborate the argument.",no_primary_tag,flagged,,,9716eecc-957a-4520-b1a1-77d10bda3b41,,
question,948e429b-7f18-4378-ad3c-bdf1ab86a4d4,2022,406,Discuss different forms of primate social organisation.,no_primary_tag,flagged,,,16bffd3a-934a-420d-b1e9-5880221bc059,,
question,d2f38c5a-06b2-4bd7-b407-0d72fd742c73,2022,407,Discuss with suitable examples the typo-technological problems in Indian palaeolithic industry with reference to environmental hypotheses.,no_primary_tag,flagged,,,689f78b1-4306-4afc-b3c9-58dffb12d21f,,
question,d5f26bb5-fb3c-4814-9269-afce133c323d,2022,408,"Discuss how the rules of descent contradict the principles of residence in matrilineal society, mentioning suitable examples?",no_primary_tag,flagged,,,b85abc50-68c3-4cd3-a571-7ce938f3bf66,,
question,3c3246cc-119c-420c-96df-aba2725f53cd,2022,409,Enumerate the evidence of animal domestication in Indian microlithic industry.,no_primary_tag,flagged,,,2214504e-519e-4a33-bf7f-4f876da2d08a,,
question,54c1679a-a86d-4351-9d2b-bddf2c37a669,2022,410,Should we still distinguish between 'classic' and 'progressive Neanderthals ? Discuss the controversy surrounding Neanderthal's position in ,no_primary_tag,flagged,,,39d9f5e3-c8f5-4707-a516-698b6f154308,,
question,7b5b9a4e-369d-457b-a969-b15db3b7d802,2022,411,Why Heath and Carter used anthropometric measurements instead of photographs of an individual to assess the somatotype ? Elaborate their met,no_primary_tag,flagged,,,fcccc3f0-c7de-45d7-8370-d11876104a3f,,
question,eae0dfb5-f20c-4195-ba0a-541b2e0432bd,2022,412,Discuss the historical and cultural contexts that led to superseding ethnocentrism with cultural relativism in anthropology.,no_primary_tag,flagged,,,1284b836-a24e-4695-b3f9-ccb6680ea431,,
question,02f42a1b-15e0-4874-b760-01afc4fb450a,2022,413,Critically examine various anthropological interpretations about the Kula Ring.,no_primary_tag,flagged,,,babb2307-765d-423b-bfa1-a44fe04c4b65,,
question,699dbc8a-5687-4088-a805-242882c85bcc,2022,414,Balanced and transient genetic polymorphism.,no_primary_tag,flagged,,,b4f5023d-1d11-406f-bd3b-887ccf22a4e2,,
question,50942fe6-2a56-4c74-a140-fe6277b61e36,2022,415,Genetic imprinting in human diseases.,no_primary_tag,flagged,,,5caa35cd-8244-45c0-a3f5-7f9ccef73ba7,,
question,722979c6-dda5-41f5-8216-ed9da6bdbba3,2022,416,Stages of human pre-natal development.,no_primary_tag,flagged,,,9d4f4ad0-7aae-47e3-bd85-197df449abeb,,
question,89ce8bb2-4809-46f4-9618-80f6b2ead191,2022,417,"Shaman, sorcerer and medicine man.",no_primary_tag,flagged,,,9cd8c160-87e6-4b06-9a41-e58d607c9ae7,,
question,0bc6e540-5f9a-4160-b85d-bf67a014aede,2022,418,Household and domestic group.,no_primary_tag,flagged,,,81acc079-079e-4045-8d1e-69aab3d8d571,,
question,94bc65aa-7496-418d-b18e-b1aca5716a97,2022,419,Discuss the mechanism of social control in different kinds of political systems.,no_primary_tag,flagged,,,8752810d-b580-4f27-8cbe-9e715ea3309c,,
question,1def4118-5d18-4830-a44d-ded88a10b59d,2022,420,What is meant by health? Is the burden of life style diseases on the rise? Justify your answer with suitable examples.,no_primary_tag,flagged,,,acc2f17f-1b12-4db1-8d12-9e264a0f2491,,
question,2889b245-9c11-41f3-bcfb-7833d56e0c1e,2022,421,Critically evaluate the reasons of reduction in age at menarche in human females over the successive generations.,no_primary_tag,flagged,,,9c9729e1-f86c-400c-b862-423e0317b688,,
question,fc827b3a-629a-412c-b912-5f9bc44e2357,2022,422,Discuss the role of evolutionary forces in creating human diversity.,no_primary_tag,flagged,,,a4280511-e2c7-4223-bb99-2379b2221e2b,,
question,19fc6bc0-2f27-4810-a4b7-816bab01706d,2022,423,Write the historical development of field work tradition in anthropology till recent times.,no_primary_tag,flagged,,,e5cb70b2-03ca-4940-b9d3-bb4f23e29c27,,
question,58757444-d329-47af-96b6-b109a2d26dcc,2022,424,"Discuss the approaches of Leslie White, Julian Steward and Marshall Sahlins in the light of cultural evolution.",no_primary_tag,flagged,,,bd1d0b6b-722c-4bb9-aa40-01d75f44ea8e,,
question,a55318ed-f6ba-4c57-8924-d5aa808b958e,2022,425,Discuss the contemporary population problems in the light of various socio-cultural demographic theories.,no_primary_tag,flagged,,,0d814724-891f-4481-bb48-1e09aee0ed7a,,
question,40824257-3746-41e9-a07d-3a578c28f299,2022,426,What do you understand by blood group systems? How is HLA system different from those based on red cell antigens?,no_primary_tag,flagged,,,6c5db1e6-1ba9-4f46-833e-3d6e93b0294e,,
question,282a66fc-8be9-4f75-8ee3-faf2a5749ab6,2022,427,Discuss how anthropological knowledge of the human body may be used in designing equipments and articles of human use.,no_primary_tag,flagged,,,6d263e8c-082a-4732-a4a7-4670c81eff63,,
question,dc2daafd-6f8b-4fdd-9e41-1cdc9930e0a9,2023,400,Scope and relevance of Social and Cultural Anthropology.,no_primary_tag,flagged,,,7b10e1ce-0eaf-4854-a390-5d9b2abe6999,,
question,9b9b1e32-edcf-4119-a927-1b36d4c10b16,2023,401,Cultural impact of Iron Age.,no_primary_tag,flagged,,,a0fd7a11-e2ec-4016-a108-65b4ae9313a7,,
question,c95f18ff-cd5d-4167-ad95-8e4f3592b24c,2023,402,Race and Ethnicity.,no_primary_tag,flagged,,,11412729-ba27-4d3a-aded-69a699adf62a,,
question,f9a1e832-5e6d-46f1-aefd-9e44e94eafe4,2023,403,Customary laws and Environmental conservation.,no_primary_tag,flagged,,,8752810d-b580-4f27-8cbe-9e715ea3309c,,
question,25dff460-6e74-44a1-ba92-b85bccacf1f4,2023,404,Gene expression.,no_primary_tag,flagged,,,6ad5c7c1-139e-4228-b202-35fa7ab4a052,,
question,2fa814ff-7e5d-4b2c-beff-b61ad5036b9a,2023,405,"Discuss major species of Australopithecus discovered from South and East Africa. Describe the discovery, physical features and significance ",no_primary_tag,flagged,,,319006b7-c8f9-46c8-9575-39e8eec4ac94,,
question,c4e18bc1-85fa-4885-8dbf-a04180eab708,2023,406,Discuss the Paleolithic environment in light of available evidences with special reference to India.,no_primary_tag,flagged,,,689f78b1-4306-4afc-b3c9-58dffb12d21f,,
question,d9e1db12-96b7-4f1e-9c04-c122fe0e98a4,2023,407,Elucidate the different forms of malnutrition. Describe protein-calorie malnutrition with suitable examples.,no_primary_tag,flagged,,,9316e962-bc4e-4611-a9d5-1bf2ab1c48e2,,
question,a1cced2d-1ef5-4d22-b156-855a62e0fd4e,2023,408,What is hominization process? Discuss the major trends in human evolution with the help of suitable examples and illustrations.,no_primary_tag,flagged,,,2f03172c-8e01-483c-8e62-c04dd8a8d01d,,
question,38ca14d9-11ba-46c6-af16-2430e947069e,2023,409,How did Clifford Geertz look at religion. Differentiate between anthropological and psychological approaches to the study of religion.,no_primary_tag,flagged,,,94a01f31-8534-4dc9-b4e2-f38c4da1319a,,
question,258ce8e2-52f7-4ade-b1e3-9d4c1639e9a0,2023,410,What is mixed-longitudinal method of studying human growth. Discuss its merits and demerits.,no_primary_tag,flagged,,,a6083d5b-7221-4e95-a2a0-e114e5f68f9e,,
question,ef98d2e5-24a1-4c37-b31a-cfc48b54b9d3,2023,411,Discuss the role of marriage regulations in traditional societies in India for strengthening social solidarity.,no_primary_tag,flagged,,,22aa8c80-9739-4c32-8976-6d2027914a45,,
question,71f16e6d-b1bc-46e9-a5d6-72c801445e69,2023,412,Discuss various methods of personal identification based on skeletal remains.,no_primary_tag,flagged,,,9baa9b20-4635-4703-93c0-7f5d544ac649,,
question,0258e6ec-e919-41bb-b1d2-c289f6d69353,2023,413,Identify the major Mesolithic sites and describe the typo-technological features with special reference to India.,no_primary_tag,flagged,,,689f78b1-4306-4afc-b3c9-58dffb12d21f,,
question,0fe7b0ff-391a-4544-9071-d82145c7f11a,2023,414,Polygenic Inheritance.,no_primary_tag,flagged,,,5caa35cd-8244-45c0-a3f5-7f9ccef73ba7,,
question,2eca92cb-1db7-4d9f-abf9-e9212e14c939,2023,415,Prehistoric significance of Rakhigarhi.,no_primary_tag,flagged,,,2214504e-519e-4a33-bf7f-4f876da2d08a,,
question,fa0a4590-f7fa-42b5-b5bd-f269a22e3365,2023,416,Glottochronology.,no_primary_tag,flagged,,,28bfe790-bf5d-4f76-8c8f-3595eff091c1,,
question,042676c0-522f-4413-9b9f-8ce2471d182d,2023,417,Menopausal symptoms.,no_primary_tag,flagged,,,9c9729e1-f86c-400c-b862-423e0317b688,,
question,dbe014f4-c266-44be-bd02-83a10db9e1b6,2023,418,William Ogburn and Cultural lag.,no_primary_tag,flagged,,,0d814724-891f-4481-bb48-1e09aee0ed7a,,
question,0ecc3c20-1b12-4e58-9aed-0605b721ac10,2023,419,Critically discuss the controversies related to fieldwork of Bronislaw-Malinowski and Margaret Mead.,no_primary_tag,flagged,,,e5cb70b2-03ca-4940-b9d3-bb4f23e29c27,,
question,3680b176-9f4c-4967-866a-9206a8f71452,2023,420,Discuss the impact of globalization on the economic systems of indigenous communities.,no_primary_tag,flagged,,,16204ce6-990d-4e2a-a468-969b4cc4a631,,
question,4c3f8d60-4c56-4d1e-8a00-3bd124d97553,2023,421,Describe the practical applications of DNA technology in the current scenario.,no_primary_tag,flagged,,,1d90a956-1196-44c8-9c13-c9131c968b2c,,
question,4fe296c8-60f5-4e31-b57c-dbbc98e06d13,2023,422,Describe various methods of qualitative data analysis. Highlight some popular computer softwares used in qualitative analysis.,no_primary_tag,flagged,,,0b7c8c0f-a388-4184-ac02-6462d0c49a85,,
question,a20d16ba-505b-4f2b-8bae-271138a53907,2023,423,What assumptions must be met for a population to be in genetic equilibrium. Explain the importance of genetic equilibrium.,no_primary_tag,flagged,,,8785e0cb-9e75-4e94-8def-27a59a5ac737,,
question,5d0740c8-80a9-42df-b79c-a4d21363d8ce,2023,424,Discuss political and methodological aspects of national character studies. Elucidate the contemporary relevance of such studies.,no_primary_tag,flagged,,,4cd21739-1e5b-435b-a7d2-f0e19b48c75e,,
question,1b2a2d86-44f5-436d-ae25-3a5e8a52eecf,2023,425,Critically examine Arjun Appadurai's conceptualization of the global cultural economy.,no_primary_tag,flagged,,,16204ce6-990d-4e2a-a468-969b4cc4a631,,
question,dba25b17-023f-4887-bcfc-679a710b7442,2023,426,Describe the causes of structural abnormalities of chromosomes with suitable examples.,no_primary_tag,flagged,,,8614c6a2-e198-4464-8fc5-f772880fbfe4,,
question,db6adeba-d96e-4d67-bc9d-ee8c4a295b05,2023,427,Critically discuss A.L. Kroeber's contribution to kinship studies.,no_primary_tag,flagged,,,ff5ab068-86da-4a9b-bf60-ac560f647c63,,
question,366aeeb3-4908-49f9-b5a7-3f580193df19,2024,400,Attributes of culture.,no_primary_tag,flagged,,,a27a1414-eb57-44a6-9e66-31f06c4484d5,,
question,e846a34b-3f29-4d33-86b6-f8d6adf97fe0,2024,401,Harappan maritime trade.,no_primary_tag,flagged,,,2214504e-519e-4a33-bf7f-4f876da2d08a,,
question,6edbc487-3de0-4b2f-8689-a745cf01a472,2024,402,Critical perspective on avoidance and joking relationship.,no_primary_tag,flagged,,,ebb8e119-bb07-4d21-a5bd-3d91b8372fec,,
question,e4098292-4104-480d-a65a-f6fedfbee1ac,2024,403,Lethal and sublethal genes.,no_primary_tag,flagged,,,5caa35cd-8244-45c0-a3f5-7f9ccef73ba7,,
question,8bb7ae20-c696-4eb4-9adc-4bf62a63f11b,2024,404,Hemoglobin in health and disease.,no_primary_tag,flagged,,,bcd1d8ee-5cff-4455-946d-44478bbb7130,,
question,73e43c32-55df-426b-a633-f882ec670141,2024,405,Discuss historical particularism as a critical development to the classical evolutionism.,no_primary_tag,flagged,,,fa9d1d97-5250-4c6f-8728-09fda05936eb,,
question,a4d50fd8-238a-4cc2-9c6d-fc8eaf4a2488,2024,406,Describe the evidences of food production and domestication of animals with special reference to Mehrgarh. Throw light on its significance.,no_primary_tag,flagged,,,2214504e-519e-4a33-bf7f-4f876da2d08a,,
question,ab8de237-daa8-4b4d-b803-8e5d36f2192a,2024,407,Critically comment on the lifestyle diseases and their impact on human health.,no_primary_tag,flagged,,,acc2f17f-1b12-4db1-8d12-9e264a0f2491,,
question,7ce570fa-c3dc-4591-9e9d-6a638447a7ae,2024,408,What is meant by karyotype? How does its analysis help in diagnosis of the chromosomal aberrations in man?,no_primary_tag,flagged,,,9b03e05c-a7ad-422a-9ead-a8785994d814,,
question,8c709f8d-eb86-45c7-b42e-89cd236a23d6,2024,409,Define urbanization and discuss its impact on family in India with examples.,no_primary_tag,flagged,,,1f119bc7-08f7-4c69-b7c1-d5106af85d38,,
question,c1ce208d-1b0b-4fa6-b7d7-37faa1197d87,2024,410,Discuss the contemporary challenges in fieldwork method in anthropological research.,no_primary_tag,flagged,,,e5cb70b2-03ca-4940-b9d3-bb4f23e29c27,,
question,ab772f54-3210-402f-a94b-69523940f9e5,2024,411,Critically discuss the characteristics of the psychological types in the cultures of the American South-West as observed by Ruth Benedict.,no_primary_tag,flagged,,,4cd21739-1e5b-435b-a7d2-f0e19b48c75e,,
question,b620abba-122c-406c-a945-248bd10d8960,2024,412,Discuss the Acheulian and Oldowan traditions of Indian Paleolithic cultures with suitable illustrations.,no_primary_tag,flagged,,,689f78b1-4306-4afc-b3c9-58dffb12d21f,,
question,bc56e1dc-cf5e-461a-8e45-fb407ecbfd9c,2024,413,What is genetic counseling? Briefly discuss various steps involved in it.,no_primary_tag,flagged,,,2aa830f6-197b-4f2e-9d27-2e3fb9d8b8b0,,
question,a35d6870-d006-45bc-af2f-b8cc3a0ca0a0,2024,414,Chronometric dating.,no_primary_tag,flagged,,,e5a52ef5-d183-444d-a7fa-585a003314f9,,
question,2d3e241d-7d96-43d5-813a-f525f290375b,2024,415,Cultural relevance of the Kula.,no_primary_tag,flagged,,,babb2307-765d-423b-bfa1-a44fe04c4b65,,
question,81a9ff15-bb53-4524-86fc-ba672817856f,2024,416,Heritability and its estimation.,no_primary_tag,flagged,,,7cb03a38-6a6d-46a2-be97-4bb71fecb76d,,
question,8fbdb2e8-0a06-438d-89ea-871b02915876,2024,417,Authority and forms of political organization.,no_primary_tag,flagged,,,70989950-2e90-4528-96ae-f6808226d3e1,,
question,3170f87d-4ad3-4a45-bcef-d2dccb749f6f,2024,418,Single-gene mutation disorders in man.,no_primary_tag,flagged,,,e719533c-c31e-4266-a4e9-4c5198e79931,,
question,0eedf324-785b-4960-b8ec-8ad688e5ca26,2024,419,"Discuss the geographical distribution of Homo erectus. Taking into account its physical features, where does it fit in human evolutionary li",no_primary_tag,flagged,,,a7240cf3-7e7d-42d4-b9a9-f195289037bf,,
question,81500c38-684f-41d0-8e3b-b96d71691a6b,2024,420,Discuss the applications of forensic anthropology with suitable examples.,no_primary_tag,flagged,,,9baa9b20-4635-4703-93c0-7f5d544ac649,,
question,c03a3696-57aa-4da0-b7fe-3f7fad4e6277,2024,421,How does Lévi-Strauss look at the Tsimshian myth of Asdiwal? Critically discuss Lévi-Strauss' theory of structuralism in the light of his st,non_ascii_suspect;no_primary_tag,flagged,,,c6a599e4-9a86-4724-be46-3c830afd52c8,,
question,18473036-2775-4d0b-ac92-c9c4b211195a,2024,422,Critically explain the notion of 'deconstruction' in the light of the postmodern works of Jacques Derrida.,no_primary_tag,flagged,,,8d6af656-84bf-4a28-9035-577f12cf8cb1,,
question,129f04d2-5d5b-4c96-a818-11cbabc16bbf,2024,423,What is a multifactorial trait? Illustrate your answer with suitable human examples.,no_primary_tag,flagged,,,5caa35cd-8244-45c0-a3f5-7f9ccef73ba7,,
question,7038bfe0-df37-4179-9d1c-658cc2391432,2024,424,Discuss the applicability of various sampling techniques in selecting the study group.,no_primary_tag,flagged,,,33460b14-9e77-4fe1-b30b-13f0fcd28b47,,
question,ed7ac603-4edb-43ca-a966-e9d35b2d8788,2024,425,Examine critically the concept of social stratification as a basis for sustaining social inequality.,no_primary_tag,flagged,,,11412729-ba27-4d3a-aded-69a699adf62a,,
question,96ad557c-c86e-4ea0-9f71-a1461cd9a740,2024,426,Describe the genetics and inheritance patterns of the ABO and Rh blood groups in man.,no_primary_tag,flagged,,,6c5db1e6-1ba9-4f46-833e-3d6e93b0294e,,
question,63f12164-e745-4b36-8c56-71b69d4b4ded,2024,427,Critically discuss the synergistic effect of biological and cultural factors in human evolution.,no_primary_tag,flagged,,,2f03172c-8e01-483c-8e62-c04dd8a8d01d,,
question,842fa054-6935-4e79-8114-14c850d9e241,2025,400,Mendelian and non-Mendelian traits.,no_primary_tag,flagged,,,e719533c-c31e-4266-a4e9-4c5198e79931,,
question,951887d5-a1c1-493a-83e3-c43acb519c81,2025,401,Theoretical significance of Purum kinship-system.,no_primary_tag,flagged,,,5a36c401-7666-4e04-9394-d2c38d3ba74a,,
question,45cce075-ae60-47dd-9d15-c930fd941e5f,2025,402,Osteodontokeratik culture and its makers.,no_primary_tag,flagged,,,319006b7-c8f9-46c8-9575-39e8eec4ac94,,
question,33e89cd4-666a-426f-ae7a-5147341dba1b,2025,403,Smell as a signal among non-human primates.,no_primary_tag,flagged,,,16bffd3a-934a-420d-b1e9-5880221bc059,,
question,539be9fb-3fe7-4a8a-b7f6-f29d7500c6d1,2025,404,Culture and embodiment.,no_primary_tag,flagged,,,a27a1414-eb57-44a6-9e66-31f06c4484d5,,
question,4e0adb88-9b4d-42c7-8a90-deca2b453208,2025,405,Discuss the Miocene hominoid remains and their significance in evolution.,no_primary_tag,flagged,,,60762017-2118-4c84-8d18-c3257e608c72,,
question,92bbafdb-2190-410d-9a19-12fdeabc3b75,2025,406,Compare and contrast the symbolic approaches of Clifford Geertz and Victor Turner to understand culture.,no_primary_tag,flagged,,,acf52d65-10d4-4457-abc1-e80cdbd601fc,,
question,7fa5868c-9fbe-4f18-a5d9-96cef45fc684,2025,407,How political economy is integrated with ecological and adaptability perspectives in bio-cultural anthropology?,no_primary_tag,flagged,,,e6773722-a290-4226-8317-d84129fe600a,,
question,ea77bb30-a167-476a-ac80-eae3ed3d1cf3,2025,408,"How anthropologists assess the nutritional status of a community? Discuss the significance of intersectionality of ecology, culture, and soc",no_primary_tag,flagged,,,5f18a481-01c4-4793-8237-a3f20238afae,,
question,a143f40c-b0bb-4045-b963-0b2b49e9d5a6,2025,409,Critically examine the drawbacks in assuming culture as an 'integrated-closed system in understanding of contemporary society.,no_primary_tag,flagged,,,a27a1414-eb57-44a6-9e66-31f06c4484d5,,
question,611240a0-911f-42c2-b984-8432d23f4562,2025,410,Differentiate between pedigree and genealogical analyses. Discuss the history and application of these methods in anthropological studies.,no_primary_tag,flagged,,,986e5ee6-296a-456e-8782-101bb2c46d0a,,
question,e172577d-858e-43a7-8307-4c0a64d7c239,2025,411,Anthropology provides a multidimensional understanding of human beings by bridging the gap between science and humanities. Elucidate.,no_primary_tag,flagged,,,4376e479-7f6c-421c-b0e0-71fb60c16b7d,,
question,9bf996ac-e1b9-4974-9426-b1f83cb24392,2025,412,"Write a note on Mousterian tool tradition, Mousterian culture and its makers.",no_primary_tag,flagged,,,39d9f5e3-c8f5-4707-a516-698b6f154308,,
question,7fcfc792-7bc2-45e7-864b-891a53df5158,2025,413,Critically examine James Frazer's theory of evolutionism. Elucidate the place of religion in modernity.,no_primary_tag,flagged,,,dcda72e4-1ea2-4c4e-95fc-0a5b51338b7e,,
question,afbdae42-1931-44d5-9f59-97a7a288a3bb,2025,414,"Multispecies, Multi-sited and Critical Ethnography.",no_primary_tag,flagged,,,e5cb70b2-03ca-4940-b9d3-bb4f23e29c27,,
question,2e68fa7e-48f0-4baf-bcd6-1402e0c9b822,2025,415,Evolutionary significance of menopause.,no_primary_tag,flagged,,,9c9729e1-f86c-400c-b862-423e0317b688,,
question,f9d3e5c0-c1de-43c1-9f8c-ab2814118310,2025,416,Fission track dating method and its applications.,no_primary_tag,flagged,,,e5a52ef5-d183-444d-a7fa-585a003314f9,,
question,a4b1ea27-e879-42f4-b172-2c5f456a6223,2025,417,Mitochondrial DNA and human evolution.,no_primary_tag,flagged,,,722cf799-da44-4205-94c6-e4bc1b440691,,
question,95e3b1ef-2017-4372-bc16-75f377bd3b1c,2025,418,Foetal origin of adult diseases and contribution of David Barker.,no_primary_tag,flagged,,,acc2f17f-1b12-4db1-8d12-9e264a0f2491,,
question,8f1321d4-1886-4665-adf7-43859357a28a,2025,419,"What are genetic markers? Discuss their applications in understanding population variation, disease association and forensics.",no_primary_tag,flagged,,,6c5db1e6-1ba9-4f46-833e-3d6e93b0294e,,
question,4d9f56e9-d9a0-43f1-ac0c-dfa0efc2a6f7,2025,420,"""The agenda of biological anthropology became more scientific from the middle of the twentieth century."" Justify.",no_primary_tag,flagged,,,9af7e0ec-c887-4451-90c2-35c487642acb,,
question,cf180a6e-90b1-4fd7-84fa-e475f18b6bc1,2025,421,"Describe briefly the theoretical perspectives in linguistic anthropology to explain the relationship of culture, language and thought.",no_primary_tag,flagged,,,de48f458-61e8-4f30-8796-6e6346124102,,
question,40f58f48-a95c-4b43-bf96-8f47251d4fc6,2025,422,"How the study of variation in forms of marriage led to rethinking on the concepts of social reproduction, kinship and family?",no_primary_tag,flagged,,,5eed334b-f21f-402c-9bdc-caa4402417dd,,
question,1d7f1cf0-44ec-49bf-9cc5-afb6577b235d,2025,423,What are the major theories proposed in support of the origin of food production? How the change in subsistence economy brought revolution d,no_primary_tag,flagged,,,2214504e-519e-4a33-bf7f-4f876da2d08a,,
question,91540ab3-7916-4a84-98e4-fed2bcc0f3a8,2025,424,Critically discuss the centrality of the African continent in the narrative of human evolution.,no_primary_tag,flagged,,,319006b7-c8f9-46c8-9575-39e8eec4ac94,,
question,6e2f0a01-6e3a-456f-a293-677ffa0d438e,2025,425,How the theories of postmodernism are relevant in promoting social justice and empowerment of marginalised communities?,no_primary_tag,flagged,,,8d6af656-84bf-4a28-9035-577f12cf8cb1,,
question,85860117-ca84-4671-b5e3-97f5149ab41c,2025,426,'Genome-wide Disease Association Studies (GWAS) advanced our understanding of health and disease.' Discuss.,no_primary_tag,flagged,,,1d90a956-1196-44c8-9c13-c9131c968b2c,,
question,939117db-f35f-4120-a37f-c402b41b4544,2025,427,Examine the utility of human remains in forensic analysis. Discuss the facial reconstruction technique.,no_primary_tag,flagged,,,9baa9b20-4635-4703-93c0-7f5d544ac649,,
