question_id,pyq_paper_id,year,paper,question_number,order_verdict,stored_key_label,stored_key_text,upsc_key_label,upsc_key_text,current_correct_option_id,new_correct_option_id,applies,verdict,note
54e8305d-a038-4099-bb86-d1fb5e925b3e,980cfb08-efbd-453f-8dbc-251fefb9d3f5,2020,GS,1,ORDER_OK,c,"1,3 and 4 only",c,"1,3 and 4 only",50c44e06-3d5f-4c04-945a-e78acabd1493,,no,MATCH,
1b396279-3e99-4ea2-becb-efbe2179f5d9,980cfb08-efbd-453f-8dbc-251fefb9d3f5,2020,GS,2,ORDER_OK,d,"2, 3 and 4 only",d,"2, 3 and 4 only",bdf29861-71c0-4594-821b-b6699c1e0c42,,no,MATCH,
d4647efe-2a93-42c5-9859-74a87c83ee81,980cfb08-efbd-453f-8dbc-251fefb9d3f5,2020,GS,3,ORDER_OK,b,2 only,b,2 only,9e7b7e16-baf4-44c9-bffe-2e4a929db2f3,,no,MATCH,
d2892ad6-97a9-43e2-abe9-13b75adb8c11,980cfb08-efbd-453f-8dbc-251fefb9d3f5,2020,GS,4,ORDER_OK,b,2 and 3 only,b,2 and 3 only,77c0833c-98b2-44c7-bee9-f0496c7eeca2,,no,MATCH,
c3924051-cf9a-46dc-8963-0b5dfa227a7d,980cfb08-efbd-453f-8dbc-251fefb9d3f5,2020,GS,5,ORDER_OK,c,1 and 3 only,c,1 and 3 only,3487a15c-49c5-4c54-9162-f5aa5579347f,,no,MATCH,
7aba3f5e-a58d-43d4-a9c8-04ab69524196,980cfb08-efbd-453f-8dbc-251fefb9d3f5,2020,GS,6,ORDER_OK,d,North of Nubra Valley,d,North of Nubra Valley,d88f6124-27c4-4bd4-9a59-6039ca9666a3,,no,MATCH,
fcd92c55-173f-4320-bc08-5f4320d44bcc,980cfb08-efbd-453f-8dbc-251fefb9d3f5,2020,GS,7,ORDER_OK,a,1 and 3 only,a,1 and 3 only,1fb836d3-cb55-403c-a955-16693cd07a54,,no,MATCH,
8da41853-f145-4f61-9596-0357d4b7005e,980cfb08-efbd-453f-8dbc-251fefb9d3f5,2020,GS,8,ORDER_OK,a,1 only,b,2 and 3 only,b1764660-e743-42f4-94b6-1394c706e0c3,37bc065c-85a1-49c0-9481-08ed2a7ecdca,yes,CORRECTION,"set to corpus option (b) ""2 and 3 only""; source https://upsc.gov.in/sites/default/files/AnsKey-CSP-20-Paper-I-091121.pdf"
f66c200b-bf27-4d68-98d4-89e41ed23fa4,980cfb08-efbd-453f-8dbc-251fefb9d3f5,2020,GS,9,ORDER_OK,c,2 only,c,2 only,5b489322-f659-4c61-bfb7-0234dbc6282b,,no,MATCH,
c2bc25a6-ec83-4ded-bc78-bbbe7a4866c0,980cfb08-efbd-453f-8dbc-251fefb9d3f5,2020,GS,10,ORDER_OK,c,Nagarjunsagar-Srisailam,c,Nagarjunsagar-Srisailam,f6b4d809-3255-4e5e-9633-72005db2dfee,,no,MATCH,
a0f2bd55-c8f7-4153-98f6-fa91752557dc,980cfb08-efbd-453f-8dbc-251fefb9d3f5,2020,GS,11,ORDER_OK,a,A licence is required to cultivate that plant.,a,A licence is required to cultivate that plant.,20e755a1-ff6d-4b62-8303-07f9aa9d038f,,no,MATCH,
a4499e0b-57d5-423a-b68b-f1fcdd751edb,980cfb08-efbd-453f-8dbc-251fefb9d3f5,2020,GS,12,ORDER_OK,a,ports handling foreign trade,a,ports handling foreign trade,d9bad4c9-af94-4e22-b1a9-c8167b4df5ba,,no,MATCH,
b1cb882e-e0d6-43e2-899d-544e3f2126f3,980cfb08-efbd-453f-8dbc-251fefb9d3f5,2020,GS,13,ORDER_OK,d,"1, 2 and 3",d,"1, 2 and 3",07adb156-0927-4fb6-bbe2-56b44756ff5b,,no,MATCH,
9c7e455b-742a-4f5b-a656-552c39af2e04,980cfb08-efbd-453f-8dbc-251fefb9d3f5,2020,GS,14,ORDER_OK,a,"1, 2, 5 and 6 only",a,"1, 2, 5 and 6 only",76fcebc1-e643-4687-a069-8fdd444678f6,,no,MATCH,
7c5d0cea-a366-48a6-b0aa-d3889da9edb8,980cfb08-efbd-453f-8dbc-251fefb9d3f5,2020,GS,15,ORDER_OK,a,long-term damage done by a tonne of CO2 emissions in a given year.,a,long-term damage done by a tonne of CO2 emissions in a given year.,75622399-9482-4f57-9583-9e517e2d8a04,,no,MATCH,
f1bf2ba6-b47e-4f99-8f02-7abe2126d427,980cfb08-efbd-453f-8dbc-251fefb9d3f5,2020,GS,16,ORDER_OK,a,1 only,a,1 only,8e0fe206-1517-4ca8-8257-dd41144bb60d,,no,MATCH,
0dac6259-4710-4183-840f-5aecf8383b8f,980cfb08-efbd-453f-8dbc-251fefb9d3f5,2020,GS,17,ORDER_OK,a,Cotton,a,Cotton,6d5998a0-706b-4def-b623-62d2395a7f83,,no,MATCH,
3692e405-bdb5-4bfc-9a94-96fc9cf83294,980cfb08-efbd-453f-8dbc-251fefb9d3f5,2020,GS,18,ORDER_OK,d,Neither 1 nor 2,d,Neither 1 nor 2,5c882281-8b24-40f4-9a6e-1cc009823c15,,no,MATCH,
e4b96246-3ebc-4cf9-970a-8bdb861faacc,980cfb08-efbd-453f-8dbc-251fefb9d3f5,2020,GS,19,ORDER_OK,c,1 and 4 only,c,1 and 4 only,024ac08b-7477-48b3-a538-a48c013ac361,,no,MATCH,
8e9356a4-06be-48bf-a2f6-69680627d0f1,980cfb08-efbd-453f-8dbc-251fefb9d3f5,2020,GS,20,ORDER_OK,c,4 only,a,"1, 2 and 3 only",a66b5b20-8446-4ac5-a9fd-85c4d09db595,55f82bb8-f6de-4cf2-82ae-b33948845890,yes,CORRECTION,"set to corpus option (a) ""1, 2 and 3 only""; source https://upsc.gov.in/sites/default/files/AnsKey-CSP-20-Paper-I-091121.pdf"
e56621bd-a5f0-404b-980e-336f981a476c,980cfb08-efbd-453f-8dbc-251fefb9d3f5,2020,GS,21,ORDER_OK,b,1 and 3 only,b,1 and 3 only,9ac9dbbd-a793-42cd-8a5b-b9ba86edaf27,,no,MATCH,
5f43c16e-a29d-4959-8893-94a7dc45798a,980cfb08-efbd-453f-8dbc-251fefb9d3f5,2020,GS,22,ORDER_OK,a,1 and 2 only,a,1 and 2 only,119b0277-9ba8-4b8d-b9c4-4efe4f3bf204,,no,MATCH,
2553704a-cc22-406e-a86f-6ec71cab6b4a,980cfb08-efbd-453f-8dbc-251fefb9d3f5,2020,GS,23,ORDER_OK,c,"1,3 and 4 only",c,"1,3 and 4 only",1ecd6a67-b825-4e64-b1a9-1c859781cba3,,no,MATCH,
baf66cd4-0d10-4b83-8753-dc2f6884e317,980cfb08-efbd-453f-8dbc-251fefb9d3f5,2020,GS,24,ORDER_OK,a,Birds,a,Birds,9b4c732d-0220-401a-98f7-65b4d358abbd,,no,MATCH,
bde6ce8e-2e57-4d43-9c23-c1024e040b73,980cfb08-efbd-453f-8dbc-251fefb9d3f5,2020,GS,25,ORDER_OK,a,Kanha National Park,a,Kanha National Park,11f8af0e-cddd-405b-9540-628e44fc0057,,no,MATCH,
a84bd717-ee65-485d-aa57-f910d42ce553,980cfb08-efbd-453f-8dbc-251fefb9d3f5,2020,GS,26,ORDER_OK,d,"1, 2 and 3",d,"1, 2 and 3",80d1c442-3b31-4baa-9dd5-1f91cd573d16,,no,MATCH,
6bfa8f1d-1eec-431b-a756-01b9b8eb56ae,980cfb08-efbd-453f-8dbc-251fefb9d3f5,2020,GS,27,ORDER_OK,c,3 and 4 only,a,1 and 2 only,2291bf29-e805-492a-97a8-05a08e4fa889,a743638a-0972-49c6-afcc-614cbfc5c46f,yes,CORRECTION,"set to corpus option (a) ""1 and 2 only""; source https://upsc.gov.in/sites/default/files/AnsKey-CSP-20-Paper-I-091121.pdf"
5115b1b3-b6f6-4e12-b407-39737b88ad73,980cfb08-efbd-453f-8dbc-251fefb9d3f5,2020,GS,28,ORDER_OK,a,"1, 2 and 3 only",a,"1, 2 and 3 only",06356bf2-4471-44c4-a57a-e5724c55c770,,no,MATCH,
0c7077a7-3830-4f3f-89fa-364252f747ec,980cfb08-efbd-453f-8dbc-251fefb9d3f5,2020,GS,29,ORDER_OK,d,"1, 2 and 3",d,"1, 2 and 3",cc167eb3-0738-4ab7-be1a-911a3a33c7bd,,no,MATCH,
0ee2f03b-b719-4878-877e-3a0c05ab9df8,980cfb08-efbd-453f-8dbc-251fefb9d3f5,2020,GS,30,ORDER_OK,d,"1, 2 and 3",d,"1, 2 and 3",852c2a7c-ac94-4a8d-b86b-50f20afeb7ec,,no,MATCH,
fcadc9e6-300c-4fbd-af4a-2c83814ade09,980cfb08-efbd-453f-8dbc-251fefb9d3f5,2020,GS,31,ORDER_OK,c,"2, 3 and 6 only",c,"2, 3 and 6 only",778d554c-6ee7-4830-813b-99189dae6b91,,no,MATCH,
c56fb969-b220-4517-9ce2-efa1de75c29a,980cfb08-efbd-453f-8dbc-251fefb9d3f5,2020,GS,32,ORDER_OK,c,1 and 3 only,a,1 and 2 only,5f21216b-5f5f-4454-82ed-b79788204507,2145cc8d-b8fe-429c-a21c-ed2dd6d137ce,yes,CORRECTION,"set to corpus option (a) ""1 and 2 only""; source https://upsc.gov.in/sites/default/files/AnsKey-CSP-20-Paper-I-091121.pdf"
665f7270-fd72-4159-a3be-6b7a5cfc2dc4,980cfb08-efbd-453f-8dbc-251fefb9d3f5,2020,GS,33,ORDER_OK,d,"1, 2, 3 and 4",d,"1, 2, 3 and 4",5f4923ed-23d4-4f3f-92cb-b00bfdf0e8a5,,no,MATCH,
b8d43fdd-4d9d-4323-a8ca-d1cef94412bf,980cfb08-efbd-453f-8dbc-251fefb9d3f5,2020,GS,34,ORDER_OK,b,2 only,b,2 only,aaefe9f0-d483-47f4-8168-1bd556ca2d45,,no,MATCH,
eaa9fc54-ffaf-4666-a9ab-30f74a4cfad1,980cfb08-efbd-453f-8dbc-251fefb9d3f5,2020,GS,35,ORDER_OK,a,"Argentina, Mexico, South Africa and Turkey",a,"Argentina, Mexico, South Africa and Turkey",adfb4ba5-97d7-46a0-aa7f-fe8914af6b3d,,no,MATCH,
d8d76598-a6e5-4ff1-84e8-c797d9e16a18,980cfb08-efbd-453f-8dbc-251fefb9d3f5,2020,GS,36,ORDER_OK,b,"1, 3 and 4 only",b,"1, 3 and 4 only",c041fb27-77be-4b9b-a5b4-1ed64fcd78fe,,no,MATCH,
a6aa0068-62eb-4d66-8a04-28cd3558bef5,980cfb08-efbd-453f-8dbc-251fefb9d3f5,2020,GS,37,ORDER_OK,a,1 and 2 only,a,1 and 2 only,a1ed689a-aac4-4cd5-b5bf-dc979e42e695,,no,MATCH,
35f67d99-fd34-4ef9-b10e-2cf73df955b7,980cfb08-efbd-453f-8dbc-251fefb9d3f5,2020,GS,38,ORDER_OK,a,1 and 2 only,c,3 and 4 only,fe27cd5f-f497-437c-b0e4-756b366d9bd2,337e6ed2-cf33-4311-b255-03bc68238e32,yes,CORRECTION,"set to corpus option (c) ""3 and 4 only""; source https://upsc.gov.in/sites/default/files/AnsKey-CSP-20-Paper-I-091121.pdf"
3eb2a1cb-1647-4b69-a44a-c4c7d97c6b6f,980cfb08-efbd-453f-8dbc-251fefb9d3f5,2020,GS,39,ORDER_OK,d,Neither 1 nor 2,d,Neither 1 nor 2,76712240-57de-475a-a411-b6a03caa81d3,,no,MATCH,
c4caf2e1-78a2-432a-baa2-b39ba05245e7,980cfb08-efbd-453f-8dbc-251fefb9d3f5,2020,GS,40,ORDER_OK,c,1 and 3 only,c,1 and 3 only,949107e1-07a1-430c-8e97-b9e48b6c1107,,no,MATCH,"booklet prints ""(a)"" twice; the second is read as (d), the only label not printed"
c6b2224c-bdbc-410e-acd7-99214a5a47ce,980cfb08-efbd-453f-8dbc-251fefb9d3f5,2020,GS,41,ORDER_OK,b,It is a largely non-debt creating capital flow.,b,It is a largely non-debt creating capital flow.,ccac96b4-f397-48fd-8ab7-9f1a2ec86416,,no,MATCH,
84e876c4-4765-4334-8985-fe37ea63ec9f,980cfb08-efbd-453f-8dbc-251fefb9d3f5,2020,GS,42,ORDER_OK,,,X,,,,no,DROPPED,UPSC dropped this item; stored key already empty; publish with no correct answer
5fce46a1-488d-44c6-8335-1c2c9e5023f3,980cfb08-efbd-453f-8dbc-251fefb9d3f5,2020,GS,43,ORDER_OK,a,Crude oil,a,Crude oil,ff3cdbc7-6759-42a9-b738-fe0aa39e244c,,no,MATCH,
c701e982-9ac4-41fd-93d5-a3251dc0174f,980cfb08-efbd-453f-8dbc-251fefb9d3f5,2020,GS,44,ORDER_OK,d,"1, 2 and 3",d,"1, 2 and 3",55f6d5d7-cf23-4f8f-9f56-c6170413ceb1,,no,MATCH,
08052d86-a3cb-4afc-9067-e92185dcc786,980cfb08-efbd-453f-8dbc-251fefb9d3f5,2020,GS,45,ORDER_OK,b,Some use imported uranium and others use domestic supplies,b,Some use imported uranium and others use domestic supplies,ba8b7e50-f781-4e3b-a32a-9507e64e4c97,,no,MATCH,
2ddc41ea-7954-49ad-96b9-4bfca23de596,980cfb08-efbd-453f-8dbc-251fefb9d3f5,2020,GS,46,ORDER_OK,c,1 and 3 only,c,1 and 3 only,85ea8dca-b005-47e1-8a07-e8b60d07d514,,no,MATCH,
a8c900ae-5914-4a86-8b69-5c4fff47af7c,980cfb08-efbd-453f-8dbc-251fefb9d3f5,2020,GS,47,ORDER_OK,b,2 only,b,2 only,82a23431-1c51-4345-93f9-0915bc295ecb,,no,MATCH,
4bed944b-dffd-4fac-859d-fdac09fa66be,980cfb08-efbd-453f-8dbc-251fefb9d3f5,2020,GS,48,ORDER_OK,b,3 and 4 only,b,3 and 4 only,9d20cf1b-d4c5-42b3-9357-f83da9214b4b,,no,MATCH,
b374b04f-94a6-4f74-8cd2-ad831d96ed46,980cfb08-efbd-453f-8dbc-251fefb9d3f5,2020,GS,49,ORDER_OK,d,Neither 1 nor 2,b,2 only,ee9f54f3-a4e9-4e0f-b895-e967a1617e9d,56e4f4e6-6a1c-42a1-b75b-f2b7ee96d3d1,yes,CORRECTION,"set to corpus option (b) ""2 only""; source https://upsc.gov.in/sites/default/files/AnsKey-CSP-20-Paper-I-091121.pdf"
a69b69b0-34b3-4b46-b4a3-7ca78eafd349,980cfb08-efbd-453f-8dbc-251fefb9d3f5,2020,GS,50,ORDER_OK,b,1.3 and 4 only,b,1.3 and 4 only,f3c544ad-c96f-49e4-a5c3-b9d86480c620,,no,MATCH,
1da61e0a-8889-4b7f-bb2a-9b046a7fbfc3,980cfb08-efbd-453f-8dbc-251fefb9d3f5,2020,GS,51,ORDER_OK,a,1 and 2 only,c,"1, 3 and 4 only",41136830-8ada-4b20-9767-a4d66acc4d6a,e11b23c1-0f69-46d2-b30a-959fc4e0c671,yes,CORRECTION,"set to corpus option (c) ""1, 3 and 4 only""; source https://upsc.gov.in/sites/default/files/AnsKey-CSP-20-Paper-I-091121.pdf"
b1ce30b2-5dde-4c57-afe9-f3ca408208ac,980cfb08-efbd-453f-8dbc-251fefb9d3f5,2020,GS,52,ORDER_OK,a,1 and 2 only,d,"1, 2 and 3",077303d1-5510-48c8-91e0-c28766f8ea9d,29867155-cdd0-46da-9d92-a3619eae19e7,yes,CORRECTION,"set to corpus option (d) ""1, 2 and 3""; source https://upsc.gov.in/sites/default/files/AnsKey-CSP-20-Paper-I-091121.pdf"
1ba0a212-a09f-4e24-a274-3360e01d9454,980cfb08-efbd-453f-8dbc-251fefb9d3f5,2020,GS,53,ORDER_OK,d,Evolved LISA,d,Evolved LISA,0b37ddf6-899a-4688-a3f6-4846573c89d5,,no,MATCH,
899a3e91-0514-4792-b7ee-0f8b66bc31f1,980cfb08-efbd-453f-8dbc-251fefb9d3f5,2020,GS,54,ORDER_OK,a,1 only,d,"1, 2 and 3",70872f65-4ff2-42ce-8e5b-c7e44fe2afc8,37eb8449-fba6-4c41-bffc-053ec0b91428,yes,CORRECTION,"set to corpus option (d) ""1, 2 and 3""; source https://upsc.gov.in/sites/default/files/AnsKey-CSP-20-Paper-I-091121.pdf"
785eb850-8fa9-4783-9306-a63ace6ae9d7,980cfb08-efbd-453f-8dbc-251fefb9d3f5,2020,GS,55,ORDER_OK,d,1.2 and 3,b,1 and 2 only,b5d65955-9c77-4575-ba4b-7bd9d0f2f769,e8f9cf22-edb8-423c-8620-e366d9ab6877,yes,CORRECTION,"set to corpus option (b) ""1 and 2 only""; source https://upsc.gov.in/sites/default/files/AnsKey-CSP-20-Paper-I-091121.pdf"
bdac99c9-67b1-47ea-b212-9080c395fa94,980cfb08-efbd-453f-8dbc-251fefb9d3f5,2020,GS,56,ORDER_OK,a,Digital security infrastructure,a,Digital security infrastructure,9f035f40-a51d-46ac-b983-bc7cec09c07b,,no,MATCH,
02226499-918b-48ef-8705-25d2289d22ea,980cfb08-efbd-453f-8dbc-251fefb9d3f5,2020,GS,57,ORDER_OK,c,1 and 3 only,c,1 and 3 only,b0dca320-76b5-4cde-ad03-88d962760244,,no,MATCH,
4a14d545-314f-4ae6-b873-b7da18caa76b,980cfb08-efbd-453f-8dbc-251fefb9d3f5,2020,GS,58,ORDER_OK,a,"1, 2 and 3 only",a,"1, 2 and 3 only",87aeac9e-90b2-4940-a150-86c48e5586e0,,no,MATCH,
cd53c932-0d21-4ba0-b579-d681a7d1c85a,980cfb08-efbd-453f-8dbc-251fefb9d3f5,2020,GS,59,ORDER_OK,a,1 only,a,1 only,0216d519-b5fa-4042-afda-6ab53f0939ba,,no,MATCH,
98137db9-4d8c-4b35-bee2-97fb534817f3,980cfb08-efbd-453f-8dbc-251fefb9d3f5,2020,GS,60,ORDER_OK,d,to leave it unchanged,d,to leave it unchanged,77c78608-69f5-499e-a631-91ff21c1a984,,no,MATCH,
fa88904b-434c-406e-954f-1534723204b4,980cfb08-efbd-453f-8dbc-251fefb9d3f5,2020,GS,61,ORDER_OK,c,Perfections whose attainment led to the Bodhisattva path,c,Förfections whose attainment led to the Bodhisattva path,c2689297-a0af-4e4c-9c04-227e80b70cda,,no,MATCH,"corpus (c) ""Perfections whose attainment led to the Bodhisattva path"" vs booklet (c) ""Förfections whose attainment led to the Bodhisattva path"": scan artefact, same text"
92af1ea0-e912-4fe0-9a72-bd028e0117e1,980cfb08-efbd-453f-8dbc-251fefb9d3f5,2020,GS,62,ORDER_OK,b,2 and 3 only,b,2 and 3 only,72cc2a9e-a98a-47b5-ac56-31c50c9b4997,,no,MATCH,
84b16f58-5d94-454e-a0cd-6a71e73aec34,980cfb08-efbd-453f-8dbc-251fefb9d3f5,2020,GS,63,ORDER_OK,b,its unprofitability in the world market because of new inventions,b,its unprofitability in the world market because of new inventions,3567a079-2222-49c1-8c09-87588ece2f32,,no,MATCH,
0521b6b7-433b-4da7-bb53-a1b1cc30ccef,980cfb08-efbd-453f-8dbc-251fefb9d3f5,2020,GS,64,ORDER_OK,d,he wanted to train British civilians for administrative purpose in India,d,he wanted to train British civilians for administrative purpose in India,cebd6599-0581-4264-9bd4-d88586af2533,,no,MATCH,
7ea81d0f-4148-4fb7-829f-f121f032477e,980cfb08-efbd-453f-8dbc-251fefb9d3f5,2020,GS,65,ORDER_OK,d,Birsa Munda’s Revolt of 1899-1900,d,Birsa Munda’s Revolt of 1899-1900,55786c87-9bf5-4806-8ea6-a723346f7db4,,no,MATCH,
538b55a8-7847-44ed-aeb4-79ac397840b3,980cfb08-efbd-453f-8dbc-251fefb9d3f5,2020,GS,66,ORDER_OK,d,"1, 2 and 3",c,3 only,946d46e7-483e-4d55-8874-aeda3784b38b,d74d6e4e-0a49-419b-b4ca-47f5f76f91a0,yes,CORRECTION,"set to corpus option (c) ""3 only""; source https://upsc.gov.in/sites/default/files/AnsKey-CSP-20-Paper-I-091121.pdf"
a57d77dc-e64a-4db0-89c1-5a66599a53ef,980cfb08-efbd-453f-8dbc-251fefb9d3f5,2020,GS,67,ORDER_OK,d,prevention of mitochondrial diseases in offspring,d,prevention of mitochondrial diseases in offspring,ec87dd57-3b53-4a25-99cb-63b783bbab58,,no,MATCH,
b026b038-56ac-4c5e-a5ef-cfcc30a11699,980cfb08-efbd-453f-8dbc-251fefb9d3f5,2020,GS,68,ORDER_OK,c,"2, 4 and 5 only",b,"1, 3 and 4 only",9f6cb333-4ad7-499e-a460-1064cfd90198,d8661621-a251-4378-8071-47153580b795,yes,CORRECTION,"set to corpus option (b) ""1, 3 and 4 only""; source https://upsc.gov.in/sites/default/files/AnsKey-CSP-20-Paper-I-091121.pdf"
ff3f2cb7-276d-4705-95ec-700fd3e20ecc,980cfb08-efbd-453f-8dbc-251fefb9d3f5,2020,GS,69,ORDER_OK,c,"1, 3 and 4 only",c,"1, 3 and 4 only",41471396-5e7c-4b6a-9804-8b98a6974f56,,no,MATCH,
3c7f59ef-a535-4c6a-bc0c-92b73d702ed7,980cfb08-efbd-453f-8dbc-251fefb9d3f5,2020,GS,70,ORDER_OK,d,1 and 3 only,d,1 and 3 only,a8c861fb-875e-439c-b024-94df44d20679,,no,MATCH,
2e1f5091-3061-4097-9fd1-744b2dc9e736,980cfb08-efbd-453f-8dbc-251fefb9d3f5,2020,GS,71,ORDER_OK,b,2 and 3 only,b,2 and 3 only,ad8c6152-d6f9-47d9-92f8-e6ac1ddea38b,,no,MATCH,
2202f9de-cbff-41cc-9a54-cdb5ccac2bbb,980cfb08-efbd-453f-8dbc-251fefb9d3f5,2020,GS,72,ORDER_OK,b,2 and 3 only,b,2 and 3 only,63ec1c86-2e49-46a2-9be4-5674de400939,,no,MATCH,
62c192da-5df7-4f79-aacb-b55819c788b0,980cfb08-efbd-453f-8dbc-251fefb9d3f5,2020,GS,73,ORDER_OK,a,Indian handicrafts were ruined.,a,Indian handicrafts were ruined.,bbebfc36-4864-432c-9c13-2c7a0329f363,,no,MATCH,
5db566ba-f959-4aa0-97c9-cbba7c1c5d97,980cfb08-efbd-453f-8dbc-251fefb9d3f5,2020,GS,74,ORDER_OK,c,2-4-1-3,c,2-4-1-3,57dcc0e7-9531-4377-bf81-6829b37f41ab,,no,MATCH,
06ac4820-0c31-4979-b5de-7bc55fdf84c8,980cfb08-efbd-453f-8dbc-251fefb9d3f5,2020,GS,75,ORDER_DIFFERS,c,A diary to be maintained for daily accounts,c,A bill of exchange,ae766cd5-5a7c-4e5b-a26e-8506419892f3,fe6eeaa4-e2b5-4780-ba5e-5eefa8e185b8,yes,CORRECTION,"permutation: corpus (b) = booklet (c), corpus (c) = booklet (b); set to corpus option (b) ""A bill of exchange""; source https://upsc.gov.in/sites/default/files/AnsKey-CSP-20-Paper-I-091121.pdf; the letter-based check saw a MATCH here: the stored letter equals UPSC's letter but names a different text"
6509b366-42a6-42ba-9881-084bff3d7489,980cfb08-efbd-453f-8dbc-251fefb9d3f5,2020,GS,76,ORDER_OK,a,1 and 2 only,a,1 and 2 only,58456d16-ea4f-4db9-8622-7bec367b1cd1,,no,MATCH,
b2ab3c54-1152-4fcd-b270-9b98f7f757bf,980cfb08-efbd-453f-8dbc-251fefb9d3f5,2020,GS,77,ORDER_OK,,,X,,,,no,DROPPED,UPSC dropped this item; stored key already empty; publish with no correct answer
9423c52f-5b55-48a6-a07a-ec866f7d35e3,980cfb08-efbd-453f-8dbc-251fefb9d3f5,2020,GS,78,ORDER_OK,a,Gopal Baba Walangkar,a,Gopal Baba Walangkar,907ce1e3-130b-4c74-a445-516a24cdd0c0,,no,MATCH,
858f8fdc-7583-4ee6-b339-fd7c9351a840,980cfb08-efbd-453f-8dbc-251fefb9d3f5,2020,GS,79,ORDER_OK,a,measurement of land,a,measurement of land,29431168-0ffa-458d-aa5a-1c98913876f3,,no,MATCH,
a4826f58-4081-4ff1-9295-ee16461d77ac,980cfb08-efbd-453f-8dbc-251fefb9d3f5,2020,GS,80,ORDER_OK,a,Ashoka,a,Ashoka,a5fcda73-e407-4015-bbed-6b7f2f290bd4,,no,MATCH,
6b02c9a7-7cfc-474c-bc10-f5ff0d7d5be3,980cfb08-efbd-453f-8dbc-251fefb9d3f5,2020,GS,81,ORDER_OK,b,the Government is responsible to the Parliament and can be removed by it,b,the Government is responsible to the Parliament and can be removed by it,276d2757-255b-4b87-a70b-f2f64d230c97,,no,MATCH,
7678c9d9-369c-420d-8c34-20f375bb4113,980cfb08-efbd-453f-8dbc-251fefb9d3f5,2020,GS,82,ORDER_OK,a,Directive Principles of State Policy,a,Directive Principles of State Policy,45fa1dc5-afbb-4dd4-9002-c5182fd1dab3,,no,MATCH,
1115f9c5-f253-4501-a891-f352cfc4030b,980cfb08-efbd-453f-8dbc-251fefb9d3f5,2020,GS,83,ORDER_OK,d,Neither 1 nor 2,d,Neither 1 nor 2,a5a04656-9c17-4672-9e62-f0dd117aea3c,,no,MATCH,
0caaffdf-9450-4b45-affb-2181717f6a7f,980cfb08-efbd-453f-8dbc-251fefb9d3f5,2020,GS,84,ORDER_OK,d,economic determinism,a,the final goal of a stateless society,12304e86-207c-4cbd-8248-94fbc1823197,06d62c04-dd53-44e6-a083-dfebb5194283,yes,CORRECTION,"set to corpus option (a) ""the final goal of a stateless society""; source https://upsc.gov.in/sites/default/files/AnsKey-CSP-20-Paper-I-091121.pdf"
bde1c129-8ef0-480a-b90c-8ad92376f5fd,980cfb08-efbd-453f-8dbc-251fefb9d3f5,2020,GS,85,ORDER_OK,d,An agency for the implementation of public policy,d,An agency for the implementation of public policy,74410ea1-d38a-4e3a-9eef-4fce21c04ac5,,no,MATCH,
0f868ff0-00f0-44c2-a552-fb0b22bfd574,980cfb08-efbd-453f-8dbc-251fefb9d3f5,2020,GS,86,ORDER_OK,a,a part of the Constitution but has no legal effect,d,a part of the Constitution but has no legal effect independently of other parts,ceaec0bf-5736-4757-addf-e09597d91b10,df6724e7-2730-4d0d-b86b-541cb7096ee9,yes,CORRECTION,"set to corpus option (d) ""a part of the Constitution but has no legal effect independently of other parts""; source https://upsc.gov.in/sites/default/files/AnsKey-CSP-20-Paper-I-091121.pdf"
3fc1f385-fc13-457c-bdf2-fb722ad8a403,980cfb08-efbd-453f-8dbc-251fefb9d3f5,2020,GS,87,ORDER_OK,d,a credit system granted by IMF to its members,d,a credit system granted by IMF to its members,df7f2f85-1315-48d5-acfd-d33035a8e50a,,no,MATCH,
ca9d82e1-3c83-4b55-bf3c-59823981ba35,980cfb08-efbd-453f-8dbc-251fefb9d3f5,2020,GS,88,ORDER_OK,d,2 and 3 only,d,2 and 3 only,5230652c-100b-4d92-a721-1f8a5f2968dd,,no,MATCH,
eb91c74c-7467-4ce2-9880-159cd59d3da9,980cfb08-efbd-453f-8dbc-251fefb9d3f5,2020,GS,89,ORDER_OK,a,1 only,d,Neither 1 nor 2,1b4e0770-d877-4f55-a6a0-d00101871ac7,33837b5a-64ff-4384-a066-cd5e516d2cf0,yes,CORRECTION,"set to corpus option (d) ""Neither 1 nor 2""; source https://upsc.gov.in/sites/default/files/AnsKey-CSP-20-Paper-I-091121.pdf"
c9b2ce8e-1f63-4dcd-b7eb-d077fad24031,980cfb08-efbd-453f-8dbc-251fefb9d3f5,2020,GS,90,ORDER_OK,d,2 and 3 only,c,1 and 3 only,c3b86fe0-ded7-4a7c-a6a0-c269a7773a8c,16429ccc-eacf-417c-bbcc-7dea9f7530a7,yes,CORRECTION,"set to corpus option (c) ""1 and 3 only""; source https://upsc.gov.in/sites/default/files/AnsKey-CSP-20-Paper-I-091121.pdf"
86fd0e13-5e22-41ba-9e9c-5565bd8cc713,980cfb08-efbd-453f-8dbc-251fefb9d3f5,2020,GS,91,ORDER_OK,b,2 and 4 only,b,2 and 4 only,31d0e4cb-2f48-41a8-8101-454d82959c3f,,no,MATCH,
05250453-3c59-42e4-8d17-a6a1d65885ac,980cfb08-efbd-453f-8dbc-251fefb9d3f5,2020,GS,92,ORDER_OK,b,amending the Constitution,b,amending the Constitution,16412bad-77b4-4c62-aa89-ea64563b61f7,,no,MATCH,
fb79ba0d-ccb1-41bf-a803-e5cb3a5ff8b8,980cfb08-efbd-453f-8dbc-251fefb9d3f5,2020,GS,93,ORDER_OK,d,"1, 2 and 4 only",d,"1, 2 and 4 only",19a474fe-f935-4c42-a4da-87153ce8b742,,no,MATCH,
4ce02dce-e75a-4904-98f0-9f21ae0df47d,980cfb08-efbd-453f-8dbc-251fefb9d3f5,2020,GS,94,ORDER_OK,d,Right to Equality,d,Right to Equality,52d8915c-ba30-4b99-a56b-f0afacca9d11,,no,MATCH,
63971d23-068e-4c96-87fb-1e607b2951d4,980cfb08-efbd-453f-8dbc-251fefb9d3f5,2020,GS,95,ORDER_OK,b,a Directive Principle of State Policy,b,a Directive Principle of State Policy,e8eb485c-9a5d-41ba-b8b9-7bb10822d3f5,,no,MATCH,
0349bbbc-e3d9-440b-9e77-ea880238b630,980cfb08-efbd-453f-8dbc-251fefb9d3f5,2020,GS,96,ORDER_OK,d,"Provisions of the Fiscal Responsibility and Budget Management Act, 2003",d,"Provisions of the Fiscal Responsibility and Budget Management Act, 2003",3de669d0-a2e4-4e49-a3d9-ee0b5384cd18,,no,MATCH,
b5a471ff-359e-4276-8a5d-23a81e9cb2a4,980cfb08-efbd-453f-8dbc-251fefb9d3f5,2020,GS,97,ORDER_OK,d,limited government,d,limited government,d9239d45-725d-47f6-880f-ed8507229580,,no,MATCH,
e51a8516-2470-4f82-959d-eb7986276a44,980cfb08-efbd-453f-8dbc-251fefb9d3f5,2020,GS,98,ORDER_OK,d,"1, 2 and 3",d,"1, 2 and 3",5038ae39-d914-45c0-b458-d2052ec7c858,,no,MATCH,
4ec32727-dc5c-445c-a744-4c99ad403fc2,980cfb08-efbd-453f-8dbc-251fefb9d3f5,2020,GS,99,ORDER_OK,a,1 and 2 only,a,1 and 2 only,82dbb61b-cc3c-4ee5-b43c-ace34c952776,,no,MATCH,
0f6ee510-c8f8-4f71-9411-73a52cd46b93,980cfb08-efbd-453f-8dbc-251fefb9d3f5,2020,GS,100,ORDER_OK,c,1 and 3 only,c,1 and 3 only,a7e9eccf-db58-4242-9a11-b8e55608eb69,,no,MATCH,
839ee115-0e11-4752-bf5c-0f07acab5e2e,4d0bed5e-3b8a-4143-92c3-614ede901af5,2024,GS,1,ORDER_OK,d,Four,d,Four,3b7f8f04-c2e9-49bb-9ee2-95ad0a136931,,no,MATCH,
419166da-a673-47c1-b4c5-37f8fc1b8c3a,4d0bed5e-3b8a-4143-92c3-614ede901af5,2024,GS,2,ORDER_OK,a,"1, 2 and 3",a,"1, 2 and 3",6f61e6fd-ddd5-4c55-9320-b3aa14810df9,,no,MATCH,
0b121439-e875-40ee-a4b9-b3e96ff7809e,4d0bed5e-3b8a-4143-92c3-614ede901af5,2024,GS,3,ORDER_OK,b,Only two,b,Only two,5c25e53e-9841-49ec-ae85-d766577a9753,,no,MATCH,
ecf47fe9-6523-4356-9009-9ff2a5d04ad2,4d0bed5e-3b8a-4143-92c3-614ede901af5,2024,GS,4,ORDER_OK,d,"1, 2 and 3",d,"1, 2 and 3",a4ef07dc-79a0-4726-aadb-ff65af06a5e3,,no,MATCH,
5ac5cead-d026-4622-b41d-4b95d4903459,4d0bed5e-3b8a-4143-92c3-614ede901af5,2024,GS,5,ORDER_OK,c,Inter-State quarantine is a Union subject under the Union List.,c,Inter-State quarantine is a Union subject under the Union List.,4bc52042-6d52-40fb-8991-e9c5a0579137,,no,MATCH,
9bb3f4e6-2f1f-443c-a767-205e0e11ab96,4d0bed5e-3b8a-4143-92c3-614ede901af5,2024,GS,6,ORDER_OK,d,Article 21,d,Article 21,e606b6cf-4bfd-44b0-ac08-7c8bbe248854,,no,MATCH,
64c264f2-89dd-4974-a7ef-41565b3d38ae,4d0bed5e-3b8a-4143-92c3-614ede901af5,2024,GS,7,ORDER_OK,d,1 and 3 only,d,1 and 3 only,13be550e-949a-4752-a847-b65c64d1a7a9,,no,MATCH,
4092070a-0926-4f29-b728-4fc0f4c3a873,4d0bed5e-3b8a-4143-92c3-614ede901af5,2024,GS,8,ORDER_OK,c,Operation Sadbhavana,c,Operation Sadbhavana,315a70bf-2881-46d5-95e6-34b449806448,,no,MATCH,
5d2ce052-06c0-40e5-bb91-95235e936027,4d0bed5e-3b8a-4143-92c3-614ede901af5,2024,GS,9,ORDER_OK,a,Canada and the United States of America,a,Canada and the United States of America,228cebf0-504e-4501-aba1-fa1fa3ec7704,,no,MATCH,
03ddf8f8-5af1-49d6-b616-33f6dda05381,4d0bed5e-3b8a-4143-92c3-614ede901af5,2024,GS,10,ORDER_OK,c,1 and 3 only,c,1 and 3 only,a23efc1e-d510-4977-8ee3-dc227be225a1,,no,MATCH,
7a84bbd6-b19b-427f-af1e-fee17b439ee9,4d0bed5e-3b8a-4143-92c3-614ede901af5,2024,GS,11,ORDER_OK,d,Dr. Sachchidananda Sinha,d,Dr. Sachchidananda Sinha,19c6d54a-7aa0-42b9-afff-bd30b23ea143,,no,MATCH,
45b67036-b975-4848-8c6f-2e9ff8d5f615,4d0bed5e-3b8a-4143-92c3-614ede901af5,2024,GS,12,ORDER_OK,a,1 only,a,1 only,375ae824-7967-4d78-84a2-423e24d84574,,no,MATCH,
c5279362-2cb0-405b-9cf9-62c0b1802e71,4d0bed5e-3b8a-4143-92c3-614ede901af5,2024,GS,13,ORDER_OK,c,Madhyama vyayoga,c,Madhyama vyayoga,1cbe9dd9-d2f3-4762-b458-920a1021b927,,no,MATCH,
49e03c74-dd7f-4829-92ff-d914ba2982e3,4d0bed5e-3b8a-4143-92c3-614ede901af5,2024,GS,14,ORDER_OK,c,Sarvastivada Vinaya,c,Sarvastivada Vinaya,ac09d754-f6a2-4d61-87e6-437409c70eca,,no,MATCH,
c7a15a6d-9db6-4ecf-bcdd-0964e1af810c,4d0bed5e-3b8a-4143-92c3-614ede901af5,2024,GS,15,ORDER_OK,b,Only two,b,Only two,46c23715-8aad-402f-bfef-b48cfb222542,,no,MATCH,
40529684-21c8-42fa-a8ce-4948200be6a8,4d0bed5e-3b8a-4143-92c3-614ede901af5,2024,GS,16,ORDER_OK,d,1 2 and 3,d,1 2 and 3,ca3f0fbc-df67-4f8d-972c-662a4af08a97,,no,MATCH,
d6e1ee2a-7da5-45c8-8bc4-4cb22ecfe8a8,4d0bed5e-3b8a-4143-92c3-614ede901af5,2024,GS,17,ORDER_OK,a,"1, 2 and 4",a,"1, 2 and 4",7725d039-cc9c-4bdd-b8bb-360b786c7a0e,,no,MATCH,
95aaeb13-7786-4130-aa1f-66fe9dac4f69,4d0bed5e-3b8a-4143-92c3-614ede901af5,2024,GS,18,ORDER_OK,c,"1, 2 and 3",c,"1, 2 and 3",96883481-923f-4eb4-962d-073306bd8769,,no,MATCH,
10ba934c-1cab-4906-a31b-96e3fec57636,4d0bed5e-3b8a-4143-92c3-614ede901af5,2024,GS,19,ORDER_OK,d,3 only,d,3 only,2d5e8266-f842-415c-88d1-d6f138f66439,,no,MATCH,
b3305b4a-483e-441d-a71c-d26399c4d2a8,4d0bed5e-3b8a-4143-92c3-614ede901af5,2024,GS,20,ORDER_OK,b,"1, 3 and 4 only",a,"1, 2 and 3 only",428a1339-6e2c-4c45-b987-26f420a0cbd7,e74d043f-9b28-4aa8-8f70-61292a5e083f,yes,CORRECTION,"set to corpus option (a) ""1, 2 and 3 only""; source https://upsc.gov.in/sites/default/files/AnsKey-CivilServicesPExam-2024-GeneralStudies-I-210525.pdf"
623f2387-100b-4e2f-9896-5fe18d6767ba,4d0bed5e-3b8a-4143-92c3-614ede901af5,2024,GS,21,ORDER_OK,d,1 and 3,c,2 and 3 only,51499773-83c5-4d98-8442-81dace69a0bc,85c42981-22b0-45dd-8156-62d2ce2bbb96,yes,CORRECTION,"set to corpus option (c) ""2 and 3 only""; source https://upsc.gov.in/sites/default/files/AnsKey-CivilServicesPExam-2024-GeneralStudies-I-210525.pdf"
0882c6df-1b80-4fd7-b786-7b8b48d4c265,4d0bed5e-3b8a-4143-92c3-614ede901af5,2024,GS,22,ORDER_OK,c,"1, 3 and 4",d,"2, 3 and 4",63911e08-f416-4360-be77-505c9f67b41f,9ca15649-baa0-4b62-a127-b06c962bd7b6,yes,CORRECTION,"set to corpus option (d) ""2, 3 and 4""; source https://upsc.gov.in/sites/default/files/AnsKey-CivilServicesPExam-2024-GeneralStudies-I-210525.pdf"
67da786c-e7a9-4989-a23f-30a78de616d3,4d0bed5e-3b8a-4143-92c3-614ede901af5,2024,GS,23,ORDER_OK,c,the lower court prohibiting continuation of proceedings in a case,c,the lower court prohibiting continuation of proceedings in a case,00f247c4-25ed-4428-9a9a-62dfc6c0b171,,no,MATCH,
c514c304-1427-4fdf-94a0-e7eac77400d0,4d0bed5e-3b8a-4143-92c3-614ede901af5,2024,GS,24,ORDER_OK,b,2 only,b,2 only,58049252-d6ab-4e9a-b35c-b46e82a11c4c,,no,MATCH,
6e88e0bb-718a-4e9a-84fe-6664204ad399,4d0bed5e-3b8a-4143-92c3-614ede901af5,2024,GS,25,ORDER_OK,c,Both 1 and 2,c,Both 1 and 2,f06f4d96-36ba-49d9-a54f-c10c01492e36,,no,MATCH,
903bb50d-c9e6-449e-bd3f-96a68dc31d4e,4d0bed5e-3b8a-4143-92c3-614ede901af5,2024,GS,26,ORDER_OK,d,Subrahmanyam Jaishankar,d,Subrahmanyam Jaishankar,933e52f5-6c3f-4d23-b76b-f76b0b1161ea,,no,MATCH,
f1b31fdf-401e-4c30-8d39-13d01d566654,4d0bed5e-3b8a-4143-92c3-614ede901af5,2024,GS,27,ORDER_OK,b,Only two pairs,b,Only two pairs,1a6f5007-c966-4ecb-b069-c90d2ade6473,,no,MATCH,
23c8b66b-d7ae-4c25-8fcc-5c5cee9c12d0,4d0bed5e-3b8a-4143-92c3-614ede901af5,2024,GS,28,ORDER_OK,d,"Statement-I is incorrect, but Statement-II is correct",a,Both Statement-I and Statement-II are correct and Statement-II explains Statement-I,7472bbfb-b5a1-41f8-9bc3-3368b5463c2f,8cc013ca-bf58-42d4-9c1a-921b2aebc4f2,yes,CORRECTION,"set to corpus option (a) ""Both Statement-I and Statement-II are correct and Statement-II explains Statement-I""; source https://upsc.gov.in/sites/default/files/AnsKey-CivilServicesPExam-2024-GeneralStudies-I-210525.pdf"
3cc3340d-69b3-4299-9746-a0df1ce06e3c,4d0bed5e-3b8a-4143-92c3-614ede901af5,2024,GS,29,ORDER_OK,c,Both 1 and 2,c,Both 1 and 2,129e28e4-e486-48ca-b7ed-4efe693db5fc,,no,MATCH,
092e239a-5da3-4095-a381-1224014b7160,4d0bed5e-3b8a-4143-92c3-614ede901af5,2024,GS,30,ORDER_OK,d,Power plants using fossil fuels.,d,Power plants using fossil fuels.,63a35a9a-f632-4419-85ba-7462ca3be494,,no,MATCH,
015f825d-2ae0-4272-a518-cc7b5d83cfbc,4d0bed5e-3b8a-4143-92c3-614ede901af5,2024,GS,31,ORDER_OK,a,Both Statement-I and Statement-II are correct and Statement-II explains Statement-I,a,Both Statement-I and Statement-II are correct and Statement-II explains Statement-I,b4488391-53be-4c88-ba09-98ad661e38fe,,no,MATCH,
cc7e3897-d721-4b30-a38d-27ca54d7c15c,4d0bed5e-3b8a-4143-92c3-614ede901af5,2024,GS,33,ORDER_OK,d,"1, 2 and 4",d,"1, 2 and 4",af184ac2-d6d4-4c12-a4aa-2c3fd22eee7a,,no,MATCH,
8c697241-5143-4e18-a401-1d3617c32740,4d0bed5e-3b8a-4143-92c3-614ede901af5,2024,GS,34,ORDER_OK,b,2 and 3 only,b,2 and 3 only,cc3fb02d-788c-44ae-8e58-f915fb5c5733,,no,MATCH,
fbca24f4-91e2-4c66-86b2-5d38e52842fa,4d0bed5e-3b8a-4143-92c3-614ede901af5,2024,GS,35,ORDER_OK,b,2 and 3,b,2 and 3,ec1db4d4-551e-4e86-a37c-ef294b8872a6,,no,MATCH,
e6ba99d6-f1d7-45c2-8690-768a1f9ec1a7,4d0bed5e-3b8a-4143-92c3-614ede901af5,2024,GS,36,ORDER_OK,a,Krishnadevaraya,a,Krishnadevaraya,f3e4b9fe-8777-4f63-8165-389612e49efd,,no,MATCH,
2f37036a-7941-4740-8ac1-d4520282146c,4d0bed5e-3b8a-4143-92c3-614ede901af5,2024,GS,38,ORDER_OK,b,2 only,b,2 only,cf1f506e-20d4-4892-88ba-1954bf7637ce,,no,MATCH,
8f3e1b0e-7094-4669-9df1-a884b21ae34a,4d0bed5e-3b8a-4143-92c3-614ede901af5,2024,GS,39,ORDER_OK,a,1 only,a,1 only,26e1692b-7867-4fd3-89fe-45661dbb1365,,no,MATCH,
1e9f2a05-8180-479e-90f1-07b9c4098793,4d0bed5e-3b8a-4143-92c3-614ede901af5,2024,GS,40,ORDER_OK,c,Garba dance,c,Garba dance,6db0b39e-02d9-4559-8905-66417e14b93e,,no,MATCH,
09b05d83-41b2-43fd-830d-edc8b0568cd4,4d0bed5e-3b8a-4143-92c3-614ede901af5,2024,GS,41,ORDER_OK,d,"Statement-I is incorrect, but Statement-II in correct",a,Both Statement-I and Statement-II are correct and Statement-II explains Statement-I,cbcfb78f-2482-443c-a06a-42dbceab609c,856cb5ec-0ef3-4baf-9c4a-e58efcddd4a3,yes,CORRECTION,"set to corpus option (a) ""Both Statement-I and Statement-II are correct and Statement-II explains Statement-I""; source https://upsc.gov.in/sites/default/files/AnsKey-CivilServicesPExam-2024-GeneralStudies-I-210525.pdf"
4ddd91f0-ed54-487a-9653-d1df65681b66,4d0bed5e-3b8a-4143-92c3-614ede901af5,2024,GS,42,ORDER_OK,d,"Statement-I is incorrect, but Statement-II is correct",d,"Statement-I is incorrect, but Statement-II is correct",a2494394-fb8a-4170-91f5-7d03e7c854b7,,no,MATCH,
35c5afcd-80c8-4732-8dcb-d790df0c25f5,4d0bed5e-3b8a-4143-92c3-614ede901af5,2024,GS,43,ORDER_OK,c,2 and 3 only,a,1 only,d5561187-d3f0-4845-b25e-61004564ec9f,c7635755-5e11-4ec8-89e8-27c100f776ee,yes,CORRECTION,"set to corpus option (a) ""1 only""; source https://upsc.gov.in/sites/default/files/AnsKey-CivilServicesPExam-2024-GeneralStudies-I-210525.pdf"
effcf320-7607-4940-8cf4-70fae4458a26,4d0bed5e-3b8a-4143-92c3-614ede901af5,2024,GS,44,ORDER_OK,b,1 and 2,b,1 and 2,0bee268b-9e64-45fb-8c3a-7c31f845bd9a,,no,MATCH,
e955df5c-e536-4fea-856a-db9b10de5dbb,4d0bed5e-3b8a-4143-92c3-614ede901af5,2024,GS,45,ORDER_OK,c,2 and 3,c,2 and 3,0be49cd7-06cd-4299-bdc8-a9dff401fb51,,no,MATCH,
b65eb979-146e-479d-8493-1a6953a18b65,4d0bed5e-3b8a-4143-92c3-614ede901af5,2024,GS,46,ORDER_OK,c,"Statement-I is correct, but Statement-II is incorrect",c,"Statement-I is correct, but Statement-II is incorrect",11d50385-1564-4832-a3ce-556a6586c9d8,,no,MATCH,
2c9a3f3e-7b88-4b01-9465-c45376f71065,4d0bed5e-3b8a-4143-92c3-614ede901af5,2024,GS,47,ORDER_OK,d,"Statement-I is incorrect, but Statement-II is correct",d,"Statement-I is incorrect, but Statement-II is correct",55102d14-aa4a-4b93-9f47-950b9b6cfbe9,,no,MATCH,
1a3e5133-a843-41bc-819d-caa9f364d61a,4d0bed5e-3b8a-4143-92c3-614ede901af5,2024,GS,48,ORDER_OK,d,"1, 2 and 3",d,"1, 2 and 3",f7fb0502-5d40-4a10-acf5-da9dbc308c55,,no,MATCH,
d1e69d16-155c-45e4-87af-7e88ee2f5e4a,4d0bed5e-3b8a-4143-92c3-614ede901af5,2024,GS,49,ORDER_OK,b,2 only,b,2 only,73710d0b-b263-4b3b-bc74-eac7e29eb5a3,,no,MATCH,
7b6b14ca-cdd6-495d-acd8-af8d2fd24931,4d0bed5e-3b8a-4143-92c3-614ede901af5,2024,GS,50,ORDER_OK,b,2 and 3 only,b,2 and 3 only,eb085385-11e2-485d-8a89-633a5d5d9b83,,no,MATCH,
c04a4a0c-b192-4277-ac8d-5fa78b8cccaf,4d0bed5e-3b8a-4143-92c3-614ede901af5,2024,GS,51,ORDER_OK,d,"Statement-I is incorrect, but Statement-II is correct",d,"Statement-I is incorrect, but Statement-II is correct",752f6773-58c8-4c85-bf08-f9312399a5cd,,no,MATCH,
18b7adde-6b72-4ab8-aedd-9af63781ccd1,4d0bed5e-3b8a-4143-92c3-614ede901af5,2024,GS,52,ORDER_OK,b,"Both Statement-I and Statement-II are correct, but Statement-II does not explain Statement-I",a,Both Statement-I and Statement-II are correct and Statement-I Statement-II explains,ee1f58f6-ea68-42ae-a68c-e0b07173f1b2,4234aa8a-e00f-4e59-b986-f9f684696604,yes,CORRECTION,"set to corpus option (a) ""Both Statement-I and Statement-II are correct and Statement-I Statement-II explains""; source https://upsc.gov.in/sites/default/files/AnsKey-CivilServicesPExam-2024-GeneralStudies-I-210525.pdf"
da459d32-01ff-4e07-a0af-0216469cf259,4d0bed5e-3b8a-4143-92c3-614ede901af5,2024,GS,53,ORDER_OK,c,Only three,d,All four,8839d910-d3e1-47fc-9377-fc8745b3c641,35595d32-98f0-4a23-8a09-91af7659867d,yes,CORRECTION,"set to corpus option (d) ""All four""; source https://upsc.gov.in/sites/default/files/AnsKey-CivilServicesPExam-2024-GeneralStudies-I-210525.pdf"
ffd8c7fd-a5f0-46b1-9f7f-efe032cde507,4d0bed5e-3b8a-4143-92c3-614ede901af5,2024,GS,54,ORDER_OK,a,1 only,a,1 only,89b11ac0-b83e-4ecc-9846-a29448c16104,,no,MATCH,
ae2fdad6-8dd9-4b2e-a5d7-c1850a4dc77a,4d0bed5e-3b8a-4143-92c3-614ede901af5,2024,GS,55,ORDER_OK,c,Cote d’ Ivoire Coast and Ghana,c,Cote d’ Ivoire Coast and Ghana,df1ed11c-738b-47a0-9764-ca34f98f1e50,,no,MATCH,
e18cc3a7-2d67-419b-9d01-294efa4cf363,4d0bed5e-3b8a-4143-92c3-614ede901af5,2024,GS,56,ORDER_OK,b,Gomati – Ghaghara – Gandak – Kosi,b,Gomati – Ghaghara – Gandak – Kosi,d46e5068-740d-497a-9f91-62a91dd9ca03,,no,MATCH,
dd27636a-5d7e-4052-8f23-ad10c6ff89eb,4d0bed5e-3b8a-4143-92c3-614ede901af5,2024,GS,57,ORDER_OK,a,Both Statement-II and Statement-III are correct and both of them explain Statement-I,a,Both Statement-II and Statement-III are correct and both of them explain Statement-I,4487fab9-3e67-4330-8770-0a2348496f8d,,no,MATCH,
a9c69e0b-c622-4d75-bdbe-f79cb030f47e,4d0bed5e-3b8a-4143-92c3-614ede901af5,2024,GS,58,ORDER_OK,c,Only three,b,Only two,00e5e420-75a0-4f29-a6fc-351d10c9dfa8,d47d99c5-1380-4f21-a6dc-88deaf352b8c,yes,CORRECTION,"set to corpus option (b) ""Only two""; source https://upsc.gov.in/sites/default/files/AnsKey-CivilServicesPExam-2024-GeneralStudies-I-210525.pdf"
876e0cf7-4637-46f0-bbf1-fb5a935efa0b,4d0bed5e-3b8a-4143-92c3-614ede901af5,2024,GS,59,ORDER_OK,a,Only one,a,Only one,fa581422-2707-4d6f-b668-15a18bd8327e,,no,MATCH,
77d98c3d-f11e-4ef9-b7d0-aa700b0739d8,4d0bed5e-3b8a-4143-92c3-614ede901af5,2024,GS,60,ORDER_OK,b,Only two,b,Only two,5347e931-9921-49e8-87ea-817a672f4240,,no,MATCH,
d2ebbe2c-b785-4d2b-a8d7-ef10b058e368,4d0bed5e-3b8a-4143-92c3-614ede901af5,2024,GS,61,ORDER_OK,c,Insects,c,Insects,b5373d10-7d86-40ba-b07a-fce10c7604e9,,no,MATCH,
582299d5-d24d-4807-bc16-3d71cd6b36ca,4d0bed5e-3b8a-4143-92c3-614ede901af5,2024,GS,62,ORDER_OK,a,Both Statement-I and Statement-II are correct and Statement-II explains Statement-I,a,Both Statement-I and Statement-II are correct and Statement-II explains Statement-I,c0a91663-b80e-4fa2-b6cf-37510bb1bd13,,no,MATCH,
79eed5ad-433c-4c73-a5e1-403851e6f3f6,4d0bed5e-3b8a-4143-92c3-614ede901af5,2024,GS,63,ORDER_OK,d,All four,d,All four,cac3c4bb-14b7-44f9-ae26-7ca3416a3e31,,no,MATCH,
37693dcb-a24d-4b61-9c55-638233e37e60,4d0bed5e-3b8a-4143-92c3-614ede901af5,2024,GS,64,ORDER_OK,d,2 and 3,a,2 only,34a72514-12fa-45b3-9c0a-c2ad3993c250,f76e78ae-d00f-45fe-8fef-23859e77c6cc,yes,CORRECTION,"set to corpus option (a) ""2 only""; source https://upsc.gov.in/sites/default/files/AnsKey-CivilServicesPExam-2024-GeneralStudies-I-210525.pdf"
d76de44b-a734-43e9-b46b-8d1207b08020,4d0bed5e-3b8a-4143-92c3-614ede901af5,2024,GS,65,ORDER_OK,c,1 and 3 only,a,1 and 2 only,ae5f1eea-f8ae-4400-8ea4-8e36b4942bca,f9206945-29c6-47db-ad26-3bd90150778b,yes,CORRECTION,"set to corpus option (a) ""1 and 2 only""; source https://upsc.gov.in/sites/default/files/AnsKey-CivilServicesPExam-2024-GeneralStudies-I-210525.pdf"
f96c65be-cd6c-4e31-b2ac-906a75585f1e,4d0bed5e-3b8a-4143-92c3-614ede901af5,2024,GS,66,ORDER_OK,a,"It is a platform for accelerating the transition towards food and water systems that are net-zero (carbon), nature-positive and that aims to increase farmer resilience.",a,"It is a platform for accelerating the transition towards food and water systems that are net-zero (carbon), nature-positive and that aims to increase farmer resilience.",0a154b12-b4bd-4b51-a36b-c9ec1b690046,,no,MATCH,
6b938cbe-c52f-4c43-84c6-8ba71e5d03f1,4d0bed5e-3b8a-4143-92c3-614ede901af5,2024,GS,67,ORDER_OK,b,Only two,d,All four,37fc828a-cc99-4ad5-9320-909ee6932474,f1ccab80-afcf-48c4-bc8b-198f66586ab3,yes,CORRECTION,"set to corpus option (d) ""All four""; source https://upsc.gov.in/sites/default/files/AnsKey-CivilServicesPExam-2024-GeneralStudies-I-210525.pdf"
bb290bf8-ffd7-448c-bd43-32c6612c32c8,4d0bed5e-3b8a-4143-92c3-614ede901af5,2024,GS,68,ORDER_OK,a,Fig,a,Fig,4f30fd82-9234-470a-bcaf-53e8abbfba8b,,no,MATCH,
a3fc5c52-8f37-4339-9a0f-ca346c901ea9,4d0bed5e-3b8a-4143-92c3-614ede901af5,2024,GS,69,ORDER_OK,c,All three,c,All three,8318f716-e4fd-409b-b77c-950d9ca6686d,,no,MATCH,
57d52a3b-f232-4d4c-987e-d3b126d0296e,4d0bed5e-3b8a-4143-92c3-614ede901af5,2024,GS,70,ORDER_OK,d,None,a,Only one,4e0aee0f-e2eb-44ab-8cfc-72681bc5b5f1,29f10d40-ea87-46b6-bd71-4155fc5eef2e,yes,CORRECTION,"set to corpus option (a) ""Only one""; source https://upsc.gov.in/sites/default/files/AnsKey-CivilServicesPExam-2024-GeneralStudies-I-210525.pdf"
4e703559-287a-4355-a460-1eb2ec60d1f7,4d0bed5e-3b8a-4143-92c3-614ede901af5,2024,GS,71,ORDER_OK,b,2 and 3 only,a,1 and 2 only,61b549f4-69e8-4122-98a3-bd02ef5a9775,6b86a309-e0d9-49f2-86ea-943d46bebd97,yes,CORRECTION,"options b/c carry identical text in both corpus and booklet (source defect); set to corpus option (a) ""1 and 2 only""; source https://upsc.gov.in/sites/default/files/AnsKey-CivilServicesPExam-2024-GeneralStudies-I-210525.pdf"
2396cd17-b01f-45db-9ce4-90604271d68a,4d0bed5e-3b8a-4143-92c3-614ede901af5,2024,GS,72,ORDER_OK,a,1 only,a,1 only,3509ead7-d582-474d-a53a-4c850be6a471,,no,MATCH,
fd9862f9-38fe-4e72-b9f9-3245215eb419,4d0bed5e-3b8a-4143-92c3-614ede901af5,2024,GS,73,ORDER_OK,d,Marine West coast climate,d,Marine West coast climate,400ef2c8-1425-453f-9633-454eb1ad1b78,,no,MATCH,
7685480e-845e-41b0-bc15-86264a4cf8ff,4d0bed5e-3b8a-4143-92c3-614ede901af5,2024,GS,74,ORDER_OK,c,Both 1 and 2,c,Both 1 and 2,e41ad1ed-2391-4ac4-99fd-3499c6406b42,,no,MATCH,
8f1a11a7-26ac-4c3a-a10d-eb867872cb9c,4d0bed5e-3b8a-4143-92c3-614ede901af5,2024,GS,75,ORDER_OK,b,2 only,d,2 and 4,c055ed3c-028d-43e7-a3f7-6cb28b8cdef4,f1fd6224-60ad-4c14-973c-f11c6199b4c9,yes,CORRECTION,"set to corpus option (d) ""2 and 4""; source https://upsc.gov.in/sites/default/files/AnsKey-CivilServicesPExam-2024-GeneralStudies-I-210525.pdf"
3fc5c1ce-6ae9-44b2-9ee1-ba5257fb4753,4d0bed5e-3b8a-4143-92c3-614ede901af5,2024,GS,76,ORDER_OK,b,Congo Basin,b,Congo Basin,a6a01d58-4235-400d-a7ab-d7daabffa0a4,,no,MATCH,
8634d5c9-7fbc-4c91-8e7c-fee191ebbbf9,4d0bed5e-3b8a-4143-92c3-614ede901af5,2024,GS,77,ORDER_OK,d,"1, 2 and 3",d,"1, 2 and 3",25651693-28aa-4e9b-807f-5dc80ad14eba,,no,MATCH,
d2370f4d-526b-414a-84a1-722186e47432,4d0bed5e-3b8a-4143-92c3-614ede901af5,2024,GS,78,ORDER_OK,b,Only three,b,Only three,f528a7c5-0097-455f-b607-bafb03bb13c7,,no,MATCH,
34592bea-a422-483c-9343-95e4dca1a49b,4d0bed5e-3b8a-4143-92c3-614ede901af5,2024,GS,79,ORDER_OK,c,Only three,c,Only three,09fdec4a-1b0f-46e0-9c3f-e242c1b1c8ac,,no,MATCH,
c5260b80-4bc1-40a1-addd-82fe43001844,4d0bed5e-3b8a-4143-92c3-614ede901af5,2024,GS,81,ORDER_OK,c,the birth rate minus death rate.,d,the average number of live births a woman would have by the end of her child-bearing age.,af757fbd-29fb-47c3-85e1-8f96f3e590c7,5cc19b6b-0afa-4df2-9823-c2053fc6ec86,yes,CORRECTION,"set to corpus option (d) ""the average number of live births a woman would have by the end of her child-bearing age.""; source https://upsc.gov.in/sites/default/files/AnsKey-CivilServicesPExam-2024-GeneralStudies-I-210525.pdf"
2e712ad3-2360-47fa-ab03-ee4e693fad35,4d0bed5e-3b8a-4143-92c3-614ede901af5,2024,GS,82,ORDER_OK,c,"1, 2 and 3",c,"1, 2 and 3",c13af602-7a04-4f12-938a-63d6c442f513,,no,MATCH,
459035d6-a907-48ae-a15b-ae1c87cf19c1,4d0bed5e-3b8a-4143-92c3-614ede901af5,2024,GS,83,ORDER_OK,b,2 and 3 only,d,"1, 2 and 3",f58f689a-5111-474a-924b-d78a3372cdd5,f4ed3873-c9b6-4c46-9f0e-5782c7aeac1a,yes,CORRECTION,"set to corpus option (d) ""1, 2 and 3""; source https://upsc.gov.in/sites/default/files/AnsKey-CivilServicesPExam-2024-GeneralStudies-I-210525.pdf"
ca228e0b-2318-47ab-a4c0-65c64733dba5,4d0bed5e-3b8a-4143-92c3-614ede901af5,2024,GS,84,ORDER_OK,d,1 and 3 only,d,1 and 3 only,f4b48e79-3439-496a-a35b-029838b9f2c6,,no,MATCH,
e225b3e0-c610-4a34-85c7-00d01b1e9d4f,4d0bed5e-3b8a-4143-92c3-614ede901af5,2024,GS,85,ORDER_OK,b,Only two,b,Only two,c9864b0f-3f09-446b-b104-a60ed3f778bb,,no,MATCH,
937b1d0f-14bb-4f36-9aad-87547456df20,4d0bed5e-3b8a-4143-92c3-614ede901af5,2024,GS,86,ORDER_OK,a,1 and 2 only,c,"1, 2, 3 and 4",78a53b52-4f1e-44de-ab7d-a231ece7b6b7,6b223037-97f6-4245-97eb-cebaf5f0f35c,yes,CORRECTION,"set to corpus option (c) ""1, 2, 3 and 4""; source https://upsc.gov.in/sites/default/files/AnsKey-CivilServicesPExam-2024-GeneralStudies-I-210525.pdf"
b67926f5-572e-4b8e-99c1-47f41909d1d1,4d0bed5e-3b8a-4143-92c3-614ede901af5,2024,GS,87,ORDER_OK,b,Only two,b,Only two,db537b8c-dfe5-4b16-82ed-7d985cebaf0f,,no,MATCH,
abdec883-f464-4f50-bf59-a15461992059,4d0bed5e-3b8a-4143-92c3-614ede901af5,2024,GS,88,ORDER_OK,c,Metaverse,c,Metaverse,79bc8888-5cc3-480f-85a4-b619bf48e7c9,,no,MATCH,
535ee99c-bdcf-47b5-9437-a7a80f11181f,4d0bed5e-3b8a-4143-92c3-614ede901af5,2024,GS,89,ORDER_OK,d,Neither 1 nor 2,d,Neither 1 nor 2,986d523d-8204-47be-88e0-27db36c9d1a0,,no,MATCH,
2b42e56f-7f32-445e-9a3b-7369b0d1bd9a,4d0bed5e-3b8a-4143-92c3-614ede901af5,2024,GS,90,ORDER_OK,a,1 only,a,1 only,3d40d9fe-6d69-4d74-8c43-fabadca7bac2,,no,MATCH,
4b2eed21-82e3-4b07-8141-97e3cfc65e98,4d0bed5e-3b8a-4143-92c3-614ede901af5,2024,GS,91,ORDER_OK,b,2 and 3 only,b,2 and 3 only,b9e257de-e8c1-4871-bf87-2f1b22bea2c5,,no,MATCH,
fce460bf-8c1e-4123-81b7-a34d2e93a4a4,4d0bed5e-3b8a-4143-92c3-614ede901af5,2024,GS,92,ORDER_OK,d,"Statement-I is incorrect, but Statement-II is correct",d,"Statement-I is incorrect, but Statement-II is correct",4132c9fb-2cd6-4ff6-adbf-5faa49f33dc2,,no,MATCH,
b838a908-c6e5-4ed5-9a43-4b00ba308bba,4d0bed5e-3b8a-4143-92c3-614ede901af5,2024,GS,93,ORDER_OK,a,Nitric oxide,a,Nitric oxide,af1f4628-a17e-44f2-b483-cfd918eff0bb,,no,MATCH,
c6083881-370e-4f05-b73a-75abf1575632,4d0bed5e-3b8a-4143-92c3-614ede901af5,2024,GS,94,ORDER_OK,b,Only two,b,Only two,74f99197-8b1b-4553-80ae-0883531c2462,,no,MATCH,
446a88ee-d972-4db6-9434-1a0b920d1548,4d0bed5e-3b8a-4143-92c3-614ede901af5,2024,GS,95,ORDER_OK,d,None,d,None,34e2f028-36b2-4580-b2fa-c56107715730,,no,MATCH,
f41dcfd9-a42d-4fb8-80a0-a16cabf01936,4d0bed5e-3b8a-4143-92c3-614ede901af5,2024,GS,96,ORDER_OK,a,1 only,a,1 only,406ef8b0-9327-4186-91bb-0c9e3eaf3770,,no,MATCH,
2be45d4e-48cc-4a90-ad0d-7733029d9307,4d0bed5e-3b8a-4143-92c3-614ede901af5,2024,GS,97,ORDER_OK,d,Water vapour,d,Water vapour,f8488273-fbe3-4da9-a7c1-cb4e01ee9f6c,,no,MATCH,
1d4bd057-6051-45e5-a290-5b36322a97d0,4d0bed5e-3b8a-4143-92c3-614ede901af5,2024,GS,98,ORDER_OK,c,Long duration energy storage,c,Long duration energy storage,a37e4062-e14e-47a8-9b31-6b7d7a8ff6b6,,no,MATCH,
2739c4e9-3115-448a-97d6-a7013ad50d5d,4d0bed5e-3b8a-4143-92c3-614ede901af5,2024,GS,99,ORDER_OK,d,Wastewater treatment technologies,d,Wastewater treatment technologies,46f43159-cdc9-4122-90a7-e789ee10b34a,,no,MATCH,
846ebbd8-6370-4ccc-8372-f402daf513be,4d0bed5e-3b8a-4143-92c3-614ede901af5,2024,GS,100,ORDER_OK,b,Forex market,c,Money market,05a38da8-ecbd-41dd-bc6a-c861abf842c2,1b8d2011-7626-413d-9f50-911bc8ef3d1f,yes,CORRECTION,"set to corpus option (c) ""Money market""; source https://upsc.gov.in/sites/default/files/AnsKey-CivilServicesPExam-2024-GeneralStudies-I-210525.pdf"
2c4a5dba-473a-4ae7-a2a2-66cd3cc6b2e4,9e191ae4-68b9-47bf-9121-6d9d468a7bc5,2024,CSAT,1,UNCHECKABLE,b,2 and 3 only,,,2bbb388c-f4f1-4c3f-a3ff-f6cdb6889ebd,,no,UNAVAILABLE,"No CSAT booklet in the repository, so neither option order nor a text-resolved key can be checked."
3539fbdd-6d76-4f49-8c93-4f03f73b4edc,9e191ae4-68b9-47bf-9121-6d9d468a7bc5,2024,CSAT,2,UNCHECKABLE,a,1 only,,,576659bc-54cf-46be-bfd9-6a397554c72c,,no,UNAVAILABLE,"No CSAT booklet in the repository, so neither option order nor a text-resolved key can be checked."
1162cc71-1661-4116-981f-484d1440bff7,9e191ae4-68b9-47bf-9121-6d9d468a7bc5,2024,CSAT,3,UNCHECKABLE,c,Both 1 and 2,,,ec359755-0a94-45da-b826-a7a538589993,,no,UNAVAILABLE,"No CSAT booklet in the repository, so neither option order nor a text-resolved key can be checked."
82d0955f-843e-4df2-ba94-8303096c89be,9e191ae4-68b9-47bf-9121-6d9d468a7bc5,2024,CSAT,4,UNCHECKABLE,d,Neither 1 nor 2,,,6af4de91-fd0b-40cb-976b-17cac0713438,,no,UNAVAILABLE,"No CSAT booklet in the repository, so neither option order nor a text-resolved key can be checked."
9dd12dbe-fe04-40e1-8fc3-1f36f1918482,9e191ae4-68b9-47bf-9121-6d9d468a7bc5,2024,CSAT,5,UNCHECKABLE,b,9,,,ed3b44df-d338-4b30-8154-ba86221848e2,,no,UNAVAILABLE,"No CSAT booklet in the repository, so neither option order nor a text-resolved key can be checked."
6c1bde1c-2a93-40cc-b552-c869271406a3,9e191ae4-68b9-47bf-9121-6d9d468a7bc5,2024,CSAT,6,UNCHECKABLE,d,0,,,911b77a1-9d4a-4c53-9542-5d9ddf519845,,no,UNAVAILABLE,"No CSAT booklet in the repository, so neither option order nor a text-resolved key can be checked."
091a7301-5342-4840-b5a5-b4da570858c3,9e191ae4-68b9-47bf-9121-6d9d468a7bc5,2024,CSAT,7,UNCHECKABLE,c,20%,,,9229ed16-95d9-4865-940b-fa36f4d1e8bc,,no,UNAVAILABLE,"No CSAT booklet in the repository, so neither option order nor a text-resolved key can be checked."
41c9a42a-6989-4a6e-9287-afb11cbafe35,9e191ae4-68b9-47bf-9121-6d9d468a7bc5,2024,CSAT,8,UNCHECKABLE,c,6 hours 45 minutes,,,23d631af-2e33-4421-8dff-b3095373d372,,no,UNAVAILABLE,"No CSAT booklet in the repository, so neither option order nor a text-resolved key can be checked."
55bb81c9-d4fc-4ee2-ae00-f6f2baf3ad6c,9e191ae4-68b9-47bf-9121-6d9d468a7bc5,2024,CSAT,9,UNCHECKABLE,d,200,,,5262481d-f221-4cb0-a423-2ac0958a5358,,no,UNAVAILABLE,"No CSAT booklet in the repository, so neither option order nor a text-resolved key can be checked."
004f4422-206c-4db1-a2fb-8133b2d0c309,9e191ae4-68b9-47bf-9121-6d9d468a7bc5,2024,CSAT,10,UNCHECKABLE,b,"8th January, 2023",,,4a23804a-476c-4b3a-a39c-f6e8951f9afb,,no,UNAVAILABLE,"No CSAT booklet in the repository, so neither option order nor a text-resolved key can be checked."
2f0ba23b-4ad7-43b6-b1b2-d39726ece143,9e191ae4-68b9-47bf-9121-6d9d468a7bc5,2024,CSAT,11,UNCHECKABLE,a,Curriculum for urban planning courses should have diverse and interdisciplinary approach.,,,f2d0571f-ea88-4bf8-8503-bd90c5e9059e,,no,UNAVAILABLE,"No CSAT booklet in the repository, so neither option order nor a text-resolved key can be checked."
302100d5-a1dc-4f70-9f27-351f76b92e9c,9e191ae4-68b9-47bf-9121-6d9d468a7bc5,2024,CSAT,12,UNCHECKABLE,a,1 only,,,9328ea86-669a-478c-ac3c-76f89ec4f317,,no,UNAVAILABLE,"No CSAT booklet in the repository, so neither option order nor a text-resolved key can be checked."
ab58b89b-a851-4106-b45d-44161d86f9a3,9e191ae4-68b9-47bf-9121-6d9d468a7bc5,2024,CSAT,13,UNCHECKABLE,b,Social media are not ideal or moral institutions but the products built by companies to make profits.,,,7d96ace9-b22f-4300-83dc-1d01dbcd8a80,,no,UNAVAILABLE,"No CSAT booklet in the repository, so neither option order nor a text-resolved key can be checked."
39d3782b-3479-4097-b074-bf49ca0ae601,9e191ae4-68b9-47bf-9121-6d9d468a7bc5,2024,CSAT,14,UNCHECKABLE,c,Both 1 and 2,,,50f7271e-0029-4eb5-b342-77e6a8e184ed,,no,UNAVAILABLE,"No CSAT booklet in the repository, so neither option order nor a text-resolved key can be checked."
2c5726fa-2ab1-4748-a70a-3201e0c7aa74,9e191ae4-68b9-47bf-9121-6d9d468a7bc5,2024,CSAT,15,UNCHECKABLE,b,3 and 37 but not 2,,,288b12ac-76ca-4348-9a37-36cf90853d16,,no,UNAVAILABLE,"No CSAT booklet in the repository, so neither option order nor a text-resolved key can be checked."
60c8c46f-ea1b-43cf-a31b-5bd74a7d71a2,9e191ae4-68b9-47bf-9121-6d9d468a7bc5,2024,CSAT,16,UNCHECKABLE,a,20%,,,9ca144c0-f633-49f8-b14d-4af33c5a0237,,no,UNAVAILABLE,"No CSAT booklet in the repository, so neither option order nor a text-resolved key can be checked."
31a8dc04-b9ad-4796-b662-d1bf7c62fa6c,9e191ae4-68b9-47bf-9121-6d9d468a7bc5,2024,CSAT,17,UNCHECKABLE,d,9,,,22e8d762-828d-4284-8042-74d040d4c919,,no,UNAVAILABLE,"No CSAT booklet in the repository, so neither option order nor a text-resolved key can be checked."
11d35f1d-a7cb-469c-86e7-8d1392cf67c4,9e191ae4-68b9-47bf-9121-6d9d468a7bc5,2024,CSAT,18,UNCHECKABLE,c,3,,,563e3a64-d7a6-4ceb-843c-3cc7e8355896,,no,UNAVAILABLE,"No CSAT booklet in the repository, so neither option order nor a text-resolved key can be checked."
5f3f7644-c126-4a43-b99a-2a4b44ebae8c,9e191ae4-68b9-47bf-9121-6d9d468a7bc5,2024,CSAT,19,UNCHECKABLE,b,4,,,fc89827e-f7e8-4f97-85f6-003fc439e1fa,,no,UNAVAILABLE,"No CSAT booklet in the repository, so neither option order nor a text-resolved key can be checked."
6c9860e6-1584-4e10-aa4c-fc444f72ee0f,9e191ae4-68b9-47bf-9121-6d9d468a7bc5,2024,CSAT,20,UNCHECKABLE,c,1 and 3 only,,,66784d48-0bbb-4b2f-8246-defcbe9ea67f,,no,UNAVAILABLE,"No CSAT booklet in the repository, so neither option order nor a text-resolved key can be checked."
97c86058-851f-4e92-9ab5-a740724d6c98,9e191ae4-68b9-47bf-9121-6d9d468a7bc5,2024,CSAT,21,UNCHECKABLE,d,Neither 1 nor 2,,,87feb827-bca3-4a93-a7d2-f4ca71bda6c8,,no,UNAVAILABLE,"No CSAT booklet in the repository, so neither option order nor a text-resolved key can be checked."
0b4e9c6e-f51e-4262-92e8-460387a0b312,9e191ae4-68b9-47bf-9121-6d9d468a7bc5,2024,CSAT,22,UNCHECKABLE,c,Public policy should ensure that competencies and achievements of young people are aligned with their expectations.,,,de8f817d-2c56-44e7-9f7e-b05c03620ee2,,no,UNAVAILABLE,"No CSAT booklet in the repository, so neither option order nor a text-resolved key can be checked."
87e92256-0838-4b4d-81f7-b01a430ba892,9e191ae4-68b9-47bf-9121-6d9d468a7bc5,2024,CSAT,23,UNCHECKABLE,d,Science must pursue truth but be responsible for social welfare.,,,0d76f44f-1216-40bf-91a1-7fab1a711bc3,,no,UNAVAILABLE,"No CSAT booklet in the repository, so neither option order nor a text-resolved key can be checked."
1d1637ff-4992-40d2-a78f-9e00dfc979bb,9e191ae4-68b9-47bf-9121-6d9d468a7bc5,2024,CSAT,24,UNCHECKABLE,c,"A, A, C, D",,,d1cfc6c5-9e10-4068-8855-7b086e770150,,no,UNAVAILABLE,"No CSAT booklet in the repository, so neither option order nor a text-resolved key can be checked."
f25d0b92-2f37-42b9-87fc-683c0739df64,9e191ae4-68b9-47bf-9121-6d9d468a7bc5,2024,CSAT,25,UNCHECKABLE,a,"₹ 30,000",,,27000e7a-56c8-4969-a26d-35b461a59af6,,no,UNAVAILABLE,"No CSAT booklet in the repository, so neither option order nor a text-resolved key can be checked."
87467e49-6581-4340-a4c4-ab13152d1f16,9e191ae4-68b9-47bf-9121-6d9d468a7bc5,2024,CSAT,26,UNCHECKABLE,b,56.25%,,,72cae084-5d01-4dc3-b32b-983ac7fde858,,no,UNAVAILABLE,"No CSAT booklet in the repository, so neither option order nor a text-resolved key can be checked."
5742f882-98c8-49ec-99e2-8ebeeb018097,9e191ae4-68b9-47bf-9121-6d9d468a7bc5,2024,CSAT,27,UNCHECKABLE,d,93.75%,,,52808f34-c628-4fbe-b463-a1860adbda43,,no,UNAVAILABLE,"No CSAT booklet in the repository, so neither option order nor a text-resolved key can be checked."
fc21fcc9-dfef-4404-ab86-8ccae04d0222,9e191ae4-68b9-47bf-9121-6d9d468a7bc5,2024,CSAT,28,UNCHECKABLE,b,20%,,,f8553dfc-9a96-41d1-aeed-2a536d6138e7,,no,UNAVAILABLE,"No CSAT booklet in the repository, so neither option order nor a text-resolved key can be checked."
06774a34-5f8e-4e44-b872-502e6b6bd88b,9e191ae4-68b9-47bf-9121-6d9d468a7bc5,2024,CSAT,29,UNCHECKABLE,a,30 years,,,8c6dc27e-c321-433d-8636-ccf6aca0b58a,,no,UNAVAILABLE,"No CSAT booklet in the repository, so neither option order nor a text-resolved key can be checked."
494a0ce1-56a7-44a7-99dc-e0c29f47e47f,9e191ae4-68b9-47bf-9121-6d9d468a7bc5,2024,CSAT,30,UNCHECKABLE,d,"1, 2 and 3",,,696571c9-9034-4944-98ef-2800c2bcb4c7,,no,UNAVAILABLE,"No CSAT booklet in the repository, so neither option order nor a text-resolved key can be checked."
3af241ad-ee0c-44e1-9d70-e2c6d79fbf11,9e191ae4-68b9-47bf-9121-6d9d468a7bc5,2024,CSAT,31,UNCHECKABLE,d,Neither 1 nor 2,,,76f20d60-7d5c-4dbb-b6c1-bd0ddd5b3a45,,no,UNAVAILABLE,"No CSAT booklet in the repository, so neither option order nor a text-resolved key can be checked."
223bac19-05a5-4d01-ad50-4baaf8c3d363,9e191ae4-68b9-47bf-9121-6d9d468a7bc5,2024,CSAT,32,UNCHECKABLE,b,2 only,,,f572879d-2711-4d57-8ec6-5bdc02e5247f,,no,UNAVAILABLE,"No CSAT booklet in the repository, so neither option order nor a text-resolved key can be checked."
6f1d95df-c160-42b1-a094-c07f8885f9fa,9e191ae4-68b9-47bf-9121-6d9d468a7bc5,2024,CSAT,33,UNCHECKABLE,c,local values and universal values,,,8b758427-60b6-44b3-bdf1-78a4fd56db29,,no,UNAVAILABLE,"No CSAT booklet in the repository, so neither option order nor a text-resolved key can be checked."
3fede841-e44b-4467-945e-d010939e0e51,9e191ae4-68b9-47bf-9121-6d9d468a7bc5,2024,CSAT,34,UNCHECKABLE,a,1 and 2 only,,,8fb79478-a1cd-4942-adc7-85041ee39520,,no,UNAVAILABLE,"No CSAT booklet in the repository, so neither option order nor a text-resolved key can be checked."
3dac9e06-64bc-479f-8618-491407bf03b8,9e191ae4-68b9-47bf-9121-6d9d468a7bc5,2024,CSAT,35,UNCHECKABLE,d,8,,,99bb8757-c70f-43af-b624-e91ceadf8fd2,,no,UNAVAILABLE,"No CSAT booklet in the repository, so neither option order nor a text-resolved key can be checked."
1174a73f-8f35-4d88-bde8-e5739ce798a4,9e191ae4-68b9-47bf-9121-6d9d468a7bc5,2024,CSAT,36,UNCHECKABLE,b,42 kg,,,189ae177-cbb8-45a6-85d7-80a8dd5804d3,,no,UNAVAILABLE,"No CSAT booklet in the repository, so neither option order nor a text-resolved key can be checked."
79ee35f7-4345-48cc-b59a-42df424d3fe3,9e191ae4-68b9-47bf-9121-6d9d468a7bc5,2024,CSAT,37,UNCHECKABLE,a,3 times,,,cbbc9945-fa3a-42ff-bfd0-4cd9a6d6dea1,,no,UNAVAILABLE,"No CSAT booklet in the repository, so neither option order nor a text-resolved key can be checked."
f0a7aa48-c47c-4632-b93f-6017a048b098,9e191ae4-68b9-47bf-9121-6d9d468a7bc5,2024,CSAT,38,UNCHECKABLE,c,2031,,,427d2308-a257-4ec7-b5d6-1826298a3447,,no,UNAVAILABLE,"No CSAT booklet in the repository, so neither option order nor a text-resolved key can be checked."
8c03e1ea-165f-4af3-866f-ab0814b7fc48,9e191ae4-68b9-47bf-9121-6d9d468a7bc5,2024,CSAT,39,UNCHECKABLE,d,"1, 2 and 3",,,cf86c171-051d-4417-be6c-446a6b7d571d,,no,UNAVAILABLE,"No CSAT booklet in the repository, so neither option order nor a text-resolved key can be checked."
449dfb11-ecce-4334-b07b-9237c14c3ccc,9e191ae4-68b9-47bf-9121-6d9d468a7bc5,2024,CSAT,40,UNCHECKABLE,c,17.5°,,,adc8b2e4-e759-49cd-badc-c1026deb074c,,no,UNAVAILABLE,"No CSAT booklet in the repository, so neither option order nor a text-resolved key can be checked."
71ac5f49-795e-4779-b3a5-af66ff18d46e,9e191ae4-68b9-47bf-9121-6d9d468a7bc5,2024,CSAT,41,UNCHECKABLE,c,Both 1 and 2,,,49087ac3-44dd-4208-975c-366cab485705,,no,UNAVAILABLE,"No CSAT booklet in the repository, so neither option order nor a text-resolved key can be checked."
50d27b8e-da2c-438d-8f8f-afc821e05db4,9e191ae4-68b9-47bf-9121-6d9d468a7bc5,2024,CSAT,42,UNCHECKABLE,d,Neither 1 nor 2,,,1585faa1-a9df-4e30-af7c-7576f8474704,,no,UNAVAILABLE,"No CSAT booklet in the repository, so neither option order nor a text-resolved key can be checked."
05112a99-97f9-4ac6-8cfe-c0679059d2b1,9e191ae4-68b9-47bf-9121-6d9d468a7bc5,2024,CSAT,43,UNCHECKABLE,a,1 only,,,de8e1148-6833-48bd-8900-eca0b56a5f1d,,no,UNAVAILABLE,"No CSAT booklet in the repository, so neither option order nor a text-resolved key can be checked."
dc820524-583d-4e9b-a788-6499a226d08d,9e191ae4-68b9-47bf-9121-6d9d468a7bc5,2024,CSAT,44,UNCHECKABLE,a,Parents in general may not be of much help when children are on their way to becoming adults.,,,32d92401-48a5-4c53-a2f4-0dd1583debda,,no,UNAVAILABLE,"No CSAT booklet in the repository, so neither option order nor a text-resolved key can be checked."
7bf92855-4136-4571-ba64-86dde8d62223,9e191ae4-68b9-47bf-9121-6d9d468a7bc5,2024,CSAT,45,UNCHECKABLE,b,56,,,025622df-bd4d-41da-8428-5c534854cc5f,,no,UNAVAILABLE,"No CSAT booklet in the repository, so neither option order nor a text-resolved key can be checked."
72b086c3-cd7a-40ae-a9f9-f717dffb954c,9e191ae4-68b9-47bf-9121-6d9d468a7bc5,2024,CSAT,46,UNCHECKABLE,b,84,,,f29afc94-49ff-40ab-ae31-3c78aa91d8e0,,no,UNAVAILABLE,"No CSAT booklet in the repository, so neither option order nor a text-resolved key can be checked."
8f19bd3c-7d57-451b-9109-b7d003443184,9e191ae4-68b9-47bf-9121-6d9d468a7bc5,2024,CSAT,47,UNCHECKABLE,d,"₹ 1,350",,,9f7bcaa2-0c5f-4534-86ff-c294d85764e2,,no,UNAVAILABLE,"No CSAT booklet in the repository, so neither option order nor a text-resolved key can be checked."
4eae5e47-69b4-43ca-acaf-3b507273bb7f,9e191ae4-68b9-47bf-9121-6d9d468a7bc5,2024,CSAT,48,UNCHECKABLE,a,9,,,4b1f2611-47bc-4edf-b6dc-1901a8d2f42a,,no,UNAVAILABLE,"No CSAT booklet in the repository, so neither option order nor a text-resolved key can be checked."
674838be-c1ee-42a4-a578-ea09fd4628db,9e191ae4-68b9-47bf-9121-6d9d468a7bc5,2024,CSAT,50,UNCHECKABLE,c,Both 1 and 2,,,48430cf7-359d-4f6c-9e1d-74cfccae5ffc,,no,UNAVAILABLE,"No CSAT booklet in the repository, so neither option order nor a text-resolved key can be checked."
b276ec10-650a-455a-ad95-d2c5cdc8c652,9e191ae4-68b9-47bf-9121-6d9d468a7bc5,2024,CSAT,51,UNCHECKABLE,b,This can be used as one of the methods of carbon sequestration.,,,2db4bdb9-dccd-4067-a0d0-9bcb46068013,,no,UNAVAILABLE,"No CSAT booklet in the repository, so neither option order nor a text-resolved key can be checked."
7a273537-8a48-4ab1-9b70-811299f3f838,9e191ae4-68b9-47bf-9121-6d9d468a7bc5,2024,CSAT,52,UNCHECKABLE,a,1 only,,,dd8c2643-b746-420e-88b1-9b33c315eee1,,no,UNAVAILABLE,"No CSAT booklet in the repository, so neither option order nor a text-resolved key can be checked."
118405c4-ba25-4d52-96da-fc66961446c2,9e191ae4-68b9-47bf-9121-6d9d468a7bc5,2024,CSAT,53,UNCHECKABLE,c,"This finding can help in the development of organic, ecologically sustainable pesticides.",,,a9a69eab-6be2-4bc4-bf92-1845896efab5,,no,UNAVAILABLE,"No CSAT booklet in the repository, so neither option order nor a text-resolved key can be checked."
f320ce55-ea3c-4536-9f73-c268690207e1,9e191ae4-68b9-47bf-9121-6d9d468a7bc5,2024,CSAT,54,UNCHECKABLE,c,10,,,2ab51e3f-98f2-4e3a-ab3f-0845519a2134,,no,UNAVAILABLE,"No CSAT booklet in the repository, so neither option order nor a text-resolved key can be checked."
cc956f71-3eee-46f6-af16-1dab0df5b4b7,9e191ae4-68b9-47bf-9121-6d9d468a7bc5,2024,CSAT,59,UNCHECKABLE,c,"The Question can be answered by using both the Statements together, but cannot be answered using either Statement alone",,,b8b6178d-18e0-4bbf-8f2e-f9bf6b7717a3,,no,UNAVAILABLE,"No CSAT booklet in the repository, so neither option order nor a text-resolved key can be checked."
6af0a5f3-4f60-468c-bfb8-2e9a2a46a802,9e191ae4-68b9-47bf-9121-6d9d468a7bc5,2024,CSAT,60,UNCHECKABLE,c,"The Question can be answered by using both the Statements together, but cannot be answered using either Statement alone",,,fc2ef326-5904-428c-90af-2dfd1aeb1a36,,no,UNAVAILABLE,"No CSAT booklet in the repository, so neither option order nor a text-resolved key can be checked."
b7919ccf-db7e-4123-8f6a-6362b3d221e6,9e191ae4-68b9-47bf-9121-6d9d468a7bc5,2024,CSAT,61,UNCHECKABLE,a,Responsible media should not distort the real in an ideal democracy.,,,ec7f11af-05f3-465c-a18d-7ada91537205,,no,UNAVAILABLE,"No CSAT booklet in the repository, so neither option order nor a text-resolved key can be checked."
aa3205df-0e9f-4311-a6a7-9e334919e78a,9e191ae4-68b9-47bf-9121-6d9d468a7bc5,2024,CSAT,62,UNCHECKABLE,d,Interconnected devices can be at security risk and home users may have privacy risk.,,,d339c265-4f3a-4cd3-820b-7731b7c369a4,,no,UNAVAILABLE,"No CSAT booklet in the repository, so neither option order nor a text-resolved key can be checked."
0a944097-5a35-4421-8d77-f40431e147ae,9e191ae4-68b9-47bf-9121-6d9d468a7bc5,2024,CSAT,63,UNCHECKABLE,c,"Maintaining high environmental standards is now a prerequisite for achieving a steady, sufficient and inclusive growth.",,,1e62f439-4433-4ad7-8ae1-50ef60699e0a,,no,UNAVAILABLE,"No CSAT booklet in the repository, so neither option order nor a text-resolved key can be checked."
e310b811-0ec0-485e-9add-938c54886dd8,9e191ae4-68b9-47bf-9121-6d9d468a7bc5,2024,CSAT,64,UNCHECKABLE,c,"The Question can be answered by using both the Statements together, but cannot be answered using either Statement alone",,,ee9d5574-16c6-471e-aeee-a29839e17c46,,no,UNAVAILABLE,"No CSAT booklet in the repository, so neither option order nor a text-resolved key can be checked."
359346a6-e3b5-4d53-bade-e4076c340572,9e191ae4-68b9-47bf-9121-6d9d468a7bc5,2024,CSAT,65,UNCHECKABLE,c,"The Question can be answered by using both the Statements together, but cannot be answered using either Statement alone",,,43189999-4d47-4dab-96c6-befe0a8f477d,,no,UNAVAILABLE,"No CSAT booklet in the repository, so neither option order nor a text-resolved key can be checked."
8de740f1-cd04-4692-9283-9e85db22c812,9e191ae4-68b9-47bf-9121-6d9d468a7bc5,2024,CSAT,66,UNCHECKABLE,d,The Question cannot be answered even by using both the Statements together,,,3cadfb56-3bb7-41aa-964a-01b8afaff6ca,,no,UNAVAILABLE,"No CSAT booklet in the repository, so neither option order nor a text-resolved key can be checked."
412beca7-d6e9-412c-a3f5-8096b7151ab1,9e191ae4-68b9-47bf-9121-6d9d468a7bc5,2024,CSAT,67,UNCHECKABLE,a,"The Question can be answered by using one of the Statements alone, but cannot be answered using the other Statement alone",,,646db55e-38d0-485c-b6a0-64f37db4b8f0,,no,UNAVAILABLE,"No CSAT booklet in the repository, so neither option order nor a text-resolved key can be checked."
785df2f5-29ca-4566-b551-a9c30bccd030,9e191ae4-68b9-47bf-9121-6d9d468a7bc5,2024,CSAT,68,UNCHECKABLE,d,The Question cannot be answered even by using both the Statements together,,,4cc5465f-17a4-4b80-a4f1-4ae6bca42e03,,no,UNAVAILABLE,"No CSAT booklet in the repository, so neither option order nor a text-resolved key can be checked."
b9eeb719-5313-41eb-ae7f-050adf8e9e80,9e191ae4-68b9-47bf-9121-6d9d468a7bc5,2024,CSAT,69,UNCHECKABLE,c,"The Question can be answered by using both the Statements together, but cannot be answered using either Statement alone",,,dbadcfa8-51b9-4e6b-af5f-f143333f54d3,,no,UNAVAILABLE,"No CSAT booklet in the repository, so neither option order nor a text-resolved key can be checked."
d185e37e-0419-4342-8e50-48656a9e2c10,9e191ae4-68b9-47bf-9121-6d9d468a7bc5,2024,CSAT,70,UNCHECKABLE,d,The Question cannot be answered even by using both the Statements together,,,04997698-c4dc-4106-8406-ae9170de26a8,,no,UNAVAILABLE,"No CSAT booklet in the repository, so neither option order nor a text-resolved key can be checked."
991219b8-5bbf-46b5-a499-3df34bde9b45,9e191ae4-68b9-47bf-9121-6d9d468a7bc5,2024,CSAT,71,UNCHECKABLE,a,"It is the poetry, not science or religion, which recognizes and accepts imperfections in humans.",,,2b737b40-2466-4746-8b01-8dc2e41707a3,,no,UNAVAILABLE,"No CSAT booklet in the repository, so neither option order nor a text-resolved key can be checked."
f595b163-eead-4799-84ef-a50ed5cbd975,9e191ae4-68b9-47bf-9121-6d9d468a7bc5,2024,CSAT,72,UNCHECKABLE,d,Neither 1 nor 2,,,c9564f5c-5ab6-4124-ac4a-72714554285a,,no,UNAVAILABLE,"No CSAT booklet in the repository, so neither option order nor a text-resolved key can be checked."
c13c3151-4dbe-402b-883f-f87413d41c0a,9e191ae4-68b9-47bf-9121-6d9d468a7bc5,2024,CSAT,73,UNCHECKABLE,a,"The Question can be answered by using one of the Statements alone, but cannot be answered using the other Statement alone",,,763f5c3f-7c1c-482f-b777-a5d0cd544fa5,,no,UNAVAILABLE,"No CSAT booklet in the repository, so neither option order nor a text-resolved key can be checked."
2ecc2229-42c2-4f48-86e0-7285bb82f553,9e191ae4-68b9-47bf-9121-6d9d468a7bc5,2024,CSAT,74,UNCHECKABLE,c,Both SP and RQ,,,115fe269-05ac-4bfc-af5d-9ed1b644696a,,no,UNAVAILABLE,"No CSAT booklet in the repository, so neither option order nor a text-resolved key can be checked."
2aa3ea5d-24a9-4666-8b89-fd7074ffb362,9e191ae4-68b9-47bf-9121-6d9d468a7bc5,2024,CSAT,75,UNCHECKABLE,d,–25,,,f49beb54-0221-4a21-8fa3-0ecdec5ba821,,no,UNAVAILABLE,"No CSAT booklet in the repository, so neither option order nor a text-resolved key can be checked."
d8758c57-5f4e-4a65-9706-d38c9bb03969,9e191ae4-68b9-47bf-9121-6d9d468a7bc5,2024,CSAT,76,UNCHECKABLE,d,Neither 1 nor 2,,,a9ed12fe-41ff-4cae-99d6-7ef8adb5f871,,no,UNAVAILABLE,"No CSAT booklet in the repository, so neither option order nor a text-resolved key can be checked."
eccb7e80-8a4e-42e6-a6e6-236c7c39847a,9e191ae4-68b9-47bf-9121-6d9d468a7bc5,2024,CSAT,77,UNCHECKABLE,a,11880,,,34160513-002c-4bc0-a618-4540f0f11fbd,,no,UNAVAILABLE,"No CSAT booklet in the repository, so neither option order nor a text-resolved key can be checked."
6e6b13a6-a4c0-47d7-a758-441ec819b42e,9e191ae4-68b9-47bf-9121-6d9d468a7bc5,2024,CSAT,78,UNCHECKABLE,d,AANERA,,,00839284-8520-4a8f-acbe-5746c8e4480a,,no,UNAVAILABLE,"No CSAT booklet in the repository, so neither option order nor a text-resolved key can be checked."
a38a5bb3-c16e-434a-a032-6571d3cc569a,9e191ae4-68b9-47bf-9121-6d9d468a7bc5,2024,CSAT,79,UNCHECKABLE,b,155,,,d90ab0cf-f9de-40fe-acc5-2877ba644e45,,no,UNAVAILABLE,"No CSAT booklet in the repository, so neither option order nor a text-resolved key can be checked."
dce199e2-b0b8-4693-951a-edfce464b095,9e191ae4-68b9-47bf-9121-6d9d468a7bc5,2024,CSAT,80,UNCHECKABLE,b,2,,,9c6f843e-cf18-41ba-9e9f-acc261f63c72,,no,UNAVAILABLE,"No CSAT booklet in the repository, so neither option order nor a text-resolved key can be checked."
