question_number,topic,assign_topic_id,stem
1,Reading Comprehension,ad50fd87-c83c-4feb-a8b2-2947ae967e73,"Based on the above passage, the following assumptions have been made: 1. Collection, proce"
2,Reading Comprehension,ad50fd87-c83c-4feb-a8b2-2947ae967e73,Which one of the following statements best reflects the crux of the passage?
3,Reading Comprehension,ad50fd87-c83c-4feb-a8b2-2947ae967e73,"Based on the above passage, the following assumptions have been made: 1. Organic farming i"
4,Reading Comprehension,ad50fd87-c83c-4feb-a8b2-2947ae967e73,"Which one of the following statements best reflects the most logical, rational and practic"
5,Reading Comprehension,ad50fd87-c83c-4feb-a8b2-2947ae967e73,"Based on the above passage, the following assumptions have been made: 1. To implement the "
6,Quant and DI,0f739131-d019-48b8-9375-49d18cbf7444,"A box contains 14 black balls, 20 blue balls, 26 green balls, 28 yellow balls, 38 red ball"
7,General mental ability,10b8404d-601b-48f2-a433-be996892a3d8,"If 'ZERO' is written as 'CHUR', then how is 'PLAYER' written?"
8,Logical reasoning,ffaec54f-12ef-46ac-b93d-e6db2e243280,Consider the following statements: 1. A is older than B. 2. C and D are of the same age. 3
9,Logical reasoning,ffaec54f-12ef-46ac-b93d-e6db2e243280,"Consider the following including the Question and the Statements: There are 5 members A, B"
10,General mental ability,10b8404d-601b-48f2-a433-be996892a3d8,Choose the group which is different from the others:
11,Reading Comprehension,ad50fd87-c83c-4feb-a8b2-2947ae967e73,Which one of the following statements best reflects the most logical and rational implicat
12,Reading Comprehension,ad50fd87-c83c-4feb-a8b2-2947ae967e73,Which of the following statements best reflects the logical inference from the passage giv
13,Reading Comprehension,ad50fd87-c83c-4feb-a8b2-2947ae967e73,Which one of the following statements best reflects the most logical and rational inferenc
14,Quant and DI,0f739131-d019-48b8-9375-49d18cbf7444,"If 7  9  10 = 8, 9  11  30 = 5, 11  17  21 = 13, what is the value of 23  4  15 ?"
15,Quant and DI,0f739131-d019-48b8-9375-49d18cbf7444,Let x be a positive integer such that 7x + 96 is divisible by x. How many values of x are 
16,Quant and DI,0f739131-d019-48b8-9375-49d18cbf7444,"If p, q, r and s are distinct single digit positive numbers, then what is the greatest val"
17,Quant and DI,0f739131-d019-48b8-9375-49d18cbf7444,A number N is formed by writing 9 for 99 times. What is the remainder if N is divided by 1
18,Quant and DI,0f739131-d019-48b8-9375-49d18cbf7444,Each digit of a 9-digit number is 1. It is multiplied by itself. What is the sum of the di
19,Quant and DI,0f739131-d019-48b8-9375-49d18cbf7444,What is the sum of all digits which appear in all the integers from 10 to 100 ?
20,Quant and DI,0f739131-d019-48b8-9375-49d18cbf7444,ABCD is a square. One point on each of AB and CD; and two distinct points on each of BC an
21,Reading Comprehension,ad50fd87-c83c-4feb-a8b2-2947ae967e73,Which one of the following statements best reflects the crucial message conveyed by the au
22,Reading Comprehension,ad50fd87-c83c-4feb-a8b2-2947ae967e73,Which one of the following statements best implies the most rational assumption that can b
23,Reading Comprehension,ad50fd87-c83c-4feb-a8b2-2947ae967e73,Which one of the following statements best reflects the crux of the passage?
24,Quant and DI,0f739131-d019-48b8-9375-49d18cbf7444,"Three of the five positive integers p, q, r, s, t are even and two of them are odd (not ne"
25,Quant and DI,0f739131-d019-48b8-9375-49d18cbf7444,Consider the following in respect of prime number p and composite number c. 1. 𝑝+𝑐 𝑝−𝑐 can
26,Quant and DI,0f739131-d019-48b8-9375-49d18cbf7444,"A 3-digit number ABC, on multiplication with D gives 37DD where A, B, C and D are differen"
27,Quant and DI,0f739131-d019-48b8-9375-49d18cbf7444,"For any choices of values of X, Y and Z, the 6 digit number of the form XYZXYZ is divisibl"
28,General mental ability,10b8404d-601b-48f2-a433-be996892a3d8,125 identical cubes are arranged in the form of cubical block. How many cubes are surround
29,General mental ability,10b8404d-601b-48f2-a433-be996892a3d8,How many distinct 8-digit numbers can be formed by rearranging the digits of the number 11
30,Quant and DI,0f739131-d019-48b8-9375-49d18cbf7444,"A, B, C working independently can do a piece of work in 8, 16 and 12 days respectively. A "
31,Reading Comprehension,ad50fd87-c83c-4feb-a8b2-2947ae967e73,"Which one of the following statements best reflects the most rational, practical and immed"
32,Reading Comprehension,ad50fd87-c83c-4feb-a8b2-2947ae967e73,Which one the following statements best reflects what is implied by the passage?
33,Reading Comprehension,ad50fd87-c83c-4feb-a8b2-2947ae967e73,Which one of the following statements best reflects the most logical and rational message 
34,Quant and DI,0f739131-d019-48b8-9375-49d18cbf7444,"Raj has ten pairs of red, nine pairs of white and eight pairs of black shoes in a box. If "
35,General mental ability,10b8404d-601b-48f2-a433-be996892a3d8,"In how many ways can a batsman score exactly 25 runs by scoring single runs, fours and six"
36,General mental ability,10b8404d-601b-48f2-a433-be996892a3d8,There are four letters and four envelopes and exactly one letter is to be put in exactly o
37,Quant and DI,0f739131-d019-48b8-9375-49d18cbf7444,What is the remainder when 85 × 87 × 89 × 91 × 95 × 96 is divided by 100?
38,Quant and DI,0f739131-d019-48b8-9375-49d18cbf7444,What is the unit digit in the expansion of (57242)9×7×5×3×1 ?
39,Quant and DI,0f739131-d019-48b8-9375-49d18cbf7444,"If ABC and DEF are both 3-digit numbers such that A, B, C, D, E, and F are distinct non-ze"
40,Quant and DI,0f739131-d019-48b8-9375-49d18cbf7444,D is a 3-digit number such that the ratio of the number to the sum of its digits is least.
41,Reading Comprehension,ad50fd87-c83c-4feb-a8b2-2947ae967e73,Which one of the following statements most likely reflects as to what the author of the pa
42,Reading Comprehension,ad50fd87-c83c-4feb-a8b2-2947ae967e73,"Which one of the following statements best reflects the most rational, logical and practic"
43,Reading Comprehension,ad50fd87-c83c-4feb-a8b2-2947ae967e73,"Based on the above passage, which one of the following terms expresses the ultimate goal o"
44,Quant and DI,0f739131-d019-48b8-9375-49d18cbf7444,What is the remainder if 2192 is divided by 6?
45,General mental ability,10b8404d-601b-48f2-a433-be996892a3d8,Consider the sequence ABC_ _ABC_DABBCD_ABCD that follows a certain pattern. Which of the f
46,Quant and DI,0f739131-d019-48b8-9375-49d18cbf7444,AB and CD are 2-digit numbers. Multiplying AB with CD results in a 3-digit number DEF. Add
47,Logical reasoning,ffaec54f-12ef-46ac-b93d-e6db2e243280,"Consider the following statements in respect of five candidates P, Q, R, S, and T. Two sta"
48,Logical reasoning,ffaec54f-12ef-46ac-b93d-e6db2e243280,"Let P, Q, R, S and T be five statements such that: I. If P is true, then both Q and S are "
49,Quant and DI,0f739131-d019-48b8-9375-49d18cbf7444,"A cuboid of dimensions 7cm × 5cm × 3cm is painted red, green and blue colour on each pair "
50,General mental ability,10b8404d-601b-48f2-a433-be996892a3d8,"The letters of the word ""INCOMPREHENSIBILITIES"" are arranged alphabetically in reverse ord"
51,Reading Comprehension,ad50fd87-c83c-4feb-a8b2-2947ae967e73,Which one of the following statements best reflects the most logical message implied by th
52,Reading Comprehension,ad50fd87-c83c-4feb-a8b2-2947ae967e73,"Regarding the financialization of household savings, which of the following statements bes"
53,Reading Comprehension,ad50fd87-c83c-4feb-a8b2-2947ae967e73,"Based on the above passage, the following assumptions have been made: 1. Patent protection"
54,Reading Comprehension,ad50fd87-c83c-4feb-a8b2-2947ae967e73,"Based on the above passage, the following assumptions have been made: 1. Protection of pri"
55,Quant and DI,0f739131-d019-48b8-9375-49d18cbf7444,"In an examination, the maximum marks for each of the four papers namely P, Q, R and S are "
56,General mental ability,10b8404d-601b-48f2-a433-be996892a3d8,"A flag has to be designed with 4 horizontal strips using some or all of the colours red, g"
57,Quant and DI,0f739131-d019-48b8-9375-49d18cbf7444,A rectangular floor measures 4 m in length and 2.2m in breadth. Tiles of size 140 cm by 60
58,Logical reasoning,ffaec54f-12ef-46ac-b93d-e6db2e243280,"There are five persons, P, Q, R, S and T each one of whom has to be assigned one task. Nei"
59,Quant and DI,0f739131-d019-48b8-9375-49d18cbf7444,"There are large number of silver coins weighing 2gm, 5gm, 10gm, 25gm, 50gm each. Consider "
60,Logical reasoning,ffaec54f-12ef-46ac-b93d-e6db2e243280,Consider the following: I. A + B means A is neither smaller nor equal to B. II. A – B mean
61,Reading Comprehension,ad50fd87-c83c-4feb-a8b2-2947ae967e73,Which one of the following statements best reflects the most logical and rational massage 
62,Reading Comprehension,ad50fd87-c83c-4feb-a8b2-2947ae967e73,Which one of the following statements best reflects the most logical and practical message
63,Reading Comprehension,ad50fd87-c83c-4feb-a8b2-2947ae967e73,Which one of the following statements best reflects the crux of the passage?
64,Quant and DI,0f739131-d019-48b8-9375-49d18cbf7444,40 children are standing in a circle and one of them (say child-1) has a ring. The ring is
65,General mental ability,10b8404d-601b-48f2-a433-be996892a3d8,"What is the middle terms of the sequence Z, Z, Y, Y, Y, X, X, X, X, W, W, W, W, W,… ,A?"
66,Logical reasoning,ffaec54f-12ef-46ac-b93d-e6db2e243280,Questions: Is p greater than q? Statement-1: p × q is greater than zero. Statement-2: p2 i
67,Logical reasoning,ffaec54f-12ef-46ac-b93d-e6db2e243280,"Questions: Is (p + q- r) greater than (p – q + r), where p, q and r are integers? Statemen"
68,Quant and DI,0f739131-d019-48b8-9375-49d18cbf7444,"In a party, 75 persons took tea, 60 persons took coffee and 15 persons took both tea and c"
69,Logical reasoning,ffaec54f-12ef-46ac-b93d-e6db2e243280,Consider a 3-digit number. Question: What is the number? Statement-1: The sum of the digit
70,Logical reasoning,ffaec54f-12ef-46ac-b93d-e6db2e243280,For five children with ages a < b < c < d < e; any two successive ages differs by 2 years.
71,Reading Comprehension,ad50fd87-c83c-4feb-a8b2-2947ae967e73,"With reference to the above passage, the following assumptions have been made: 1. Global w"
72,Reading Comprehension,ad50fd87-c83c-4feb-a8b2-2947ae967e73,"Which one of the following statements best reflects the most logical, rational and crucial"
73,Reading Comprehension,ad50fd87-c83c-4feb-a8b2-2947ae967e73,"Which one of the following statements best reflects the most logical, rational and crucial"
74,Quant and DI,0f739131-d019-48b8-9375-49d18cbf7444,A principal P becomes Q in 1 year when compounded half-yearly with R% annual rate of inter
75,Quant and DI,0f739131-d019-48b8-9375-49d18cbf7444,How many natural numbers are there which given a remainder of 31 when 1186 is divided by t
76,Quant and DI,0f739131-d019-48b8-9375-49d18cbf7444,"Let pp, qq and rr be 2 digit numbers where p < q < r. If pp + qq + rr =tt0, where tt0 is a"
77,General mental ability,10b8404d-601b-48f2-a433-be996892a3d8,"What is the sum of all 4-digit numbers less than 2000 formed by the digits 1, 2, 3 and 4, "
78,Quant and DI,0f739131-d019-48b8-9375-49d18cbf7444,What is the number of selections of 10 consecutive things out of 12 things in a circle tak
79,Quant and DI,0f739131-d019-48b8-9375-49d18cbf7444,"If today is Sunday, then which day is it exactly on 1010th day?"
80,Quant and DI,0f739131-d019-48b8-9375-49d18cbf7444,There are three traffic signals. Each signal changes colour from green to red and then fro
