"id","topic_id","step","result"
"0a436899-d8f0-485b-a919-4953d2be2476","10b21db7-8b86-4fa9-a1f6-8cd7d21085da","reviewed","ok"
"0a436899-d8f0-485b-a919-4953d2be2476","10b21db7-8b86-4fa9-a1f6-8cd7d21085da","locked","ok"
"c4bfb3ef-66fe-4e5e-bfbc-a77b7071ebcc","2fd766ca-2573-4fee-99c2-fa88df93628f","reviewed","ok"
"c4bfb3ef-66fe-4e5e-bfbc-a77b7071ebcc","2fd766ca-2573-4fee-99c2-fa88df93628f","locked","ok"
"491fe810-62d1-4082-9b1c-c6e36abda6e1","424d99d5-720f-409e-ba66-8660ac95a486","reviewed","ok"
"491fe810-62d1-4082-9b1c-c6e36abda6e1","424d99d5-720f-409e-ba66-8660ac95a486","locked","ok"
"3b2683dc-f03b-4cc6-b944-5f20370a51b1","01f2ee8f-c655-4c2e-912e-e0f18a2d3201","reviewed","ok"
"3b2683dc-f03b-4cc6-b944-5f20370a51b1","01f2ee8f-c655-4c2e-912e-e0f18a2d3201","locked","ok"
"9661c8d0-58f6-4d1a-a5e6-468f4480f0ff","f36e118c-31e6-42b2-a5f9-27c3af609569","reviewed","ok"
"9661c8d0-58f6-4d1a-a5e6-468f4480f0ff","f36e118c-31e6-42b2-a5f9-27c3af609569","locked","ok"
"f26fdcf1-8e0b-4f08-a897-cd392d466f36","c2079ba4-41e3-4db0-908b-a6fd4a550cab","reviewed","ok"
"f26fdcf1-8e0b-4f08-a897-cd392d466f36","c2079ba4-41e3-4db0-908b-a6fd4a550cab","locked","ok"
"eac76e01-2ba5-41f6-85de-e8f27f89bb00","1cefdf19-0cb1-4bad-a0f3-d5cde6ee8c46","reviewed","ok"
"eac76e01-2ba5-41f6-85de-e8f27f89bb00","1cefdf19-0cb1-4bad-a0f3-d5cde6ee8c46","locked","ok"
"057210a2-04fc-4b2b-b4a7-7831bcf881ef","297ad27e-8c0b-4d60-aa9c-14356fb9f86d","reviewed","ok"
"057210a2-04fc-4b2b-b4a7-7831bcf881ef","297ad27e-8c0b-4d60-aa9c-14356fb9f86d","locked","ok"
"80c94e1e-5e6e-4a2c-88c1-16d346f192d9","e4d298ea-2f5a-4589-b8b2-60c2f45b3dec","reviewed","ok"
"80c94e1e-5e6e-4a2c-88c1-16d346f192d9","e4d298ea-2f5a-4589-b8b2-60c2f45b3dec","locked","ok"
"e46045f2-92de-471d-aac5-25fa37ae4558","e452f72a-bd16-4faa-87c0-ca8608723b7c","reviewed","ok"
"e46045f2-92de-471d-aac5-25fa37ae4558","e452f72a-bd16-4faa-87c0-ca8608723b7c","locked","ok"
"a989c51e-f5e3-4c81-b08d-80ff4fdef1ba","71faffff-a24e-49ae-918e-1216b65553d8","reviewed","ok"
"a989c51e-f5e3-4c81-b08d-80ff4fdef1ba","71faffff-a24e-49ae-918e-1216b65553d8","locked","ok"
"ae65d1dc-5dc7-4612-a14f-193cc06cccd4","56f7c35d-3af0-4342-928b-b164ebbca889","reviewed","ok"
"ae65d1dc-5dc7-4612-a14f-193cc06cccd4","56f7c35d-3af0-4342-928b-b164ebbca889","locked","ok"
"3fc6ab4c-8d3b-4320-aa9b-8e07d2663ff0","52353d37-6133-45af-89b6-767cbeded669","reviewed","ok"
"3fc6ab4c-8d3b-4320-aa9b-8e07d2663ff0","52353d37-6133-45af-89b6-767cbeded669","locked","ok"
"51db534b-c05f-4f82-b7bc-3f1842aeec5a","9dd02f97-b76e-4e51-95fe-cd68265df28c","reviewed","ok"
"51db534b-c05f-4f82-b7bc-3f1842aeec5a","9dd02f97-b76e-4e51-95fe-cd68265df28c","locked","ok"
"08bcc7e2-f0a8-45b2-974d-7a60cac880f6","84bc7a94-9656-46c9-9de1-fd3340e27473","reviewed","ok"
"08bcc7e2-f0a8-45b2-974d-7a60cac880f6","84bc7a94-9656-46c9-9de1-fd3340e27473","locked","ok"
"8c873373-9b79-457b-96da-0142a841881e","eccadce1-2c9a-4672-9eef-65ee4bfaeb84","reviewed","ok"
"8c873373-9b79-457b-96da-0142a841881e","eccadce1-2c9a-4672-9eef-65ee4bfaeb84","locked","ok"
"6788038d-59af-4d71-a18b-06905b974974","8d4ec341-9a21-4ff4-86bb-1785004d3e64","reviewed","ok"
"6788038d-59af-4d71-a18b-06905b974974","8d4ec341-9a21-4ff4-86bb-1785004d3e64","locked","ok"
"483f54c1-501c-4f34-965e-b4fd636da8e3","a96131f1-d6e5-473a-9950-49bff7b7a514","reviewed","ok"
"483f54c1-501c-4f34-965e-b4fd636da8e3","a96131f1-d6e5-473a-9950-49bff7b7a514","locked","ok"
"1b340aae-0325-4a90-bcd8-7a506b2777dd","f26292d1-d93f-42fa-863a-7049b5a8663c","reviewed","ok"
"1b340aae-0325-4a90-bcd8-7a506b2777dd","f26292d1-d93f-42fa-863a-7049b5a8663c","locked","ok"
"4fd1e634-ce23-44a1-bd18-6cb9b3dcf5bc","9fa06a82-fffa-48e5-8d9c-f712dfed4e93","reviewed","ok"
"4fd1e634-ce23-44a1-bd18-6cb9b3dcf5bc","9fa06a82-fffa-48e5-8d9c-f712dfed4e93","locked","ok"
"227a617f-5727-485f-84db-974205a36b4e","b40455eb-5470-4a6a-a540-db75843698ba","reviewed","ok"
"227a617f-5727-485f-84db-974205a36b4e","b40455eb-5470-4a6a-a540-db75843698ba","locked","ok"
"3c2b0cbe-0221-42cd-841e-080eac147757","32f78939-6d1f-462f-947d-297acdf453f6","reviewed","ok"
"3c2b0cbe-0221-42cd-841e-080eac147757","32f78939-6d1f-462f-947d-297acdf453f6","locked","ok"
"82274747-7f2e-4933-a7da-8f0fbc205004","8a64f844-7e04-436c-ab9a-5fa2e9ceb99d","reviewed","ok"
"82274747-7f2e-4933-a7da-8f0fbc205004","8a64f844-7e04-436c-ab9a-5fa2e9ceb99d","locked","ok"
"35e2210d-3c51-451b-84bf-45c21ba6e351","0893cd2f-eb6e-4259-ab1b-d5e7784f3de8","reviewed","ok"
"35e2210d-3c51-451b-84bf-45c21ba6e351","0893cd2f-eb6e-4259-ab1b-d5e7784f3de8","locked","ok"
"01e9efd2-a50d-4736-a444-3157f498a7dc","bf06f202-6d47-497c-a4e2-5f7f377d0fbb","reviewed","ok"
"01e9efd2-a50d-4736-a444-3157f498a7dc","bf06f202-6d47-497c-a4e2-5f7f377d0fbb","locked","ok"
"5f8294a5-1fd5-4dcd-9b62-40ffa2405eb9","ffdc4541-194f-4155-a578-d0fc9d7d4c91","reviewed","ok"
"5f8294a5-1fd5-4dcd-9b62-40ffa2405eb9","ffdc4541-194f-4155-a578-d0fc9d7d4c91","locked","ok"
"bfc7a224-8ce2-4a08-8b9e-4f6ef3711b76","93940073-ade8-459c-91cf-c7384d4b5cd9","reviewed","ok"
"bfc7a224-8ce2-4a08-8b9e-4f6ef3711b76","93940073-ade8-459c-91cf-c7384d4b5cd9","locked","ok"
"6b2c916b-a407-4566-8da3-c57e900f3348","67d37b2c-817d-44d9-ae33-a795612fc581","reviewed","ok"
"6b2c916b-a407-4566-8da3-c57e900f3348","67d37b2c-817d-44d9-ae33-a795612fc581","locked","ok"
"94b59f09-934e-42f8-84f9-6039f6ae0e42","f760738d-0cb4-465f-9aa4-ebef3fc42346","reviewed","ok"
"94b59f09-934e-42f8-84f9-6039f6ae0e42","f760738d-0cb4-465f-9aa4-ebef3fc42346","locked","ok"
"33d16aa3-3b37-4cb5-b98f-c7f7f7f96b05","c2de8b3d-f79b-47b4-9b9e-5199a2230dbf","reviewed","ok"
"33d16aa3-3b37-4cb5-b98f-c7f7f7f96b05","c2de8b3d-f79b-47b4-9b9e-5199a2230dbf","locked","ok"
"3c999483-8e6a-4809-94ab-ae258470d060","32f83c7c-b513-4853-bb49-c6ffc6a19b40","reviewed","ok"
"3c999483-8e6a-4809-94ab-ae258470d060","32f83c7c-b513-4853-bb49-c6ffc6a19b40","locked","ok"
"e36178f3-3313-4ba2-949a-bbb96fe52d3c","c26f0386-26ac-4035-96d6-3522f658cb19","reviewed","ok"
"e36178f3-3313-4ba2-949a-bbb96fe52d3c","c26f0386-26ac-4035-96d6-3522f658cb19","locked","ok"
"7db79757-9e70-44b0-aa8f-5fd3a6cd118c","9a417628-ca65-4a32-bac1-87c365f40334","reviewed","ok"
"7db79757-9e70-44b0-aa8f-5fd3a6cd118c","9a417628-ca65-4a32-bac1-87c365f40334","locked","ok"
"9bf5ea30-425d-48b0-a80b-6fb1280cc5f4","9cc0f630-ab4f-4a0a-b5b2-9212f18af346","reviewed","ok"
"9bf5ea30-425d-48b0-a80b-6fb1280cc5f4","9cc0f630-ab4f-4a0a-b5b2-9212f18af346","locked","ok"
"6207766a-c042-46c4-ae42-fdda95be9cfb","75f89786-112e-4d19-ace5-a941f8fe577b","reviewed","ok"
"6207766a-c042-46c4-ae42-fdda95be9cfb","75f89786-112e-4d19-ace5-a941f8fe577b","locked","ok"
"2dfd0b8a-4bed-4890-a2d3-413a97abe336","4ac5fc1d-9fcf-4772-bd60-d9cfa9f8e673","reviewed","ok"
"2dfd0b8a-4bed-4890-a2d3-413a97abe336","4ac5fc1d-9fcf-4772-bd60-d9cfa9f8e673","locked","ok"
"202456e3-8c23-44b4-98c0-5dc666c48495","edfa8f79-7e0a-4f3e-8726-dbd3a97fb1de","reviewed","ok"
"202456e3-8c23-44b4-98c0-5dc666c48495","edfa8f79-7e0a-4f3e-8726-dbd3a97fb1de","locked","ok"
"548853fe-4b83-425b-838d-8cb32051a3ca","afd4a13d-c570-493d-8b6a-3923c701219f","reviewed","ok"
"548853fe-4b83-425b-838d-8cb32051a3ca","afd4a13d-c570-493d-8b6a-3923c701219f","locked","ok"
"17206bdc-5060-4597-87a4-872432234057","dd67a013-938d-4ae2-b9bc-816d6a072d65","reviewed","ok"
"17206bdc-5060-4597-87a4-872432234057","dd67a013-938d-4ae2-b9bc-816d6a072d65","locked","ok"
"33856a44-3c32-456b-9181-c1831a3db1f7","0e4fdd22-0bfe-ee0a-c0bc-d74b9518afeb","reviewed","ok"
"33856a44-3c32-456b-9181-c1831a3db1f7","0e4fdd22-0bfe-ee0a-c0bc-d74b9518afeb","locked","ok"
"c09eef2b-3215-43a0-8aef-4b771ed926f0","556d4723-154e-48d6-ad3f-046a8018586d","reviewed","ok"
"c09eef2b-3215-43a0-8aef-4b771ed926f0","556d4723-154e-48d6-ad3f-046a8018586d","locked","ok"
"47bb76b8-360d-4c8e-a87e-e332681a0188","a0b3ccef-9ea8-4bce-9a3d-1eacb5cfe165","reviewed","ok"
"47bb76b8-360d-4c8e-a87e-e332681a0188","a0b3ccef-9ea8-4bce-9a3d-1eacb5cfe165","locked","ok"
"0847e1b8-66f4-401e-9069-c7925e693d53","bd20e212-5d6f-44c3-bddf-daede6e0516f","reviewed","ok"
"0847e1b8-66f4-401e-9069-c7925e693d53","bd20e212-5d6f-44c3-bddf-daede6e0516f","locked","ok"
"7c7519ac-c8bb-417b-ad0d-05e80593bf71","13785b33-e6ef-4cb5-839e-94394ed1ff49","reviewed","ok"
"7c7519ac-c8bb-417b-ad0d-05e80593bf71","13785b33-e6ef-4cb5-839e-94394ed1ff49","locked","ok"
"fe01e87a-9c8f-45ad-939a-e7a960be9388","7a2c2e52-c0f0-4a62-bb28-69fe43fbd971","reviewed","ok"
"fe01e87a-9c8f-45ad-939a-e7a960be9388","7a2c2e52-c0f0-4a62-bb28-69fe43fbd971","locked","ok"
"c315537f-b426-46ad-a1dc-672b1f9a9111","a19f6fb1-032a-4a8d-acf7-ebfddc401394","reviewed","ok"
"c315537f-b426-46ad-a1dc-672b1f9a9111","a19f6fb1-032a-4a8d-acf7-ebfddc401394","locked","ok"
"6e7fe34f-5a84-4cb7-a521-581fbd541152","a966cebe-c5d9-4989-ad3f-1ebd16c23f89","reviewed","ok"
"6e7fe34f-5a84-4cb7-a521-581fbd541152","a966cebe-c5d9-4989-ad3f-1ebd16c23f89","locked","ok"
"9203bfbd-e9b6-4c59-8e03-30d03ff4dd87","15e5b403-5be3-49c4-a4c5-8c3805cc2694","reviewed","ok"
"9203bfbd-e9b6-4c59-8e03-30d03ff4dd87","15e5b403-5be3-49c4-a4c5-8c3805cc2694","locked","ok"
"959ed018-f41a-41ad-bdab-2aa1f687633b","afc33796-d20d-4103-a4d0-f88f8e3e1087","reviewed","ok"
"959ed018-f41a-41ad-bdab-2aa1f687633b","afc33796-d20d-4103-a4d0-f88f8e3e1087","locked","ok"
"caa2b350-0ed3-4f96-923b-9d2c0221a676","fbfff264-c421-4b05-96da-071a02ee172f","reviewed","ok"
"caa2b350-0ed3-4f96-923b-9d2c0221a676","fbfff264-c421-4b05-96da-071a02ee172f","locked","ok"
"60c8afa9-6607-4556-928a-3aebe10acd33","a5161b93-a3a2-4368-b9a3-d7313146789c","reviewed","ok"
"60c8afa9-6607-4556-928a-3aebe10acd33","a5161b93-a3a2-4368-b9a3-d7313146789c","locked","ok"
"741d105d-c4a8-48bc-84de-69c79117fc89","3a832583-6e5b-41c8-9af7-7e3e8d73781d","reviewed","ok"
"741d105d-c4a8-48bc-84de-69c79117fc89","3a832583-6e5b-41c8-9af7-7e3e8d73781d","locked","ok"
"483bfe69-1516-4adc-8f70-ae46ab3fd389","4db77fe0-323e-4f1f-88c3-f35a6c823427","reviewed","ok"
"483bfe69-1516-4adc-8f70-ae46ab3fd389","4db77fe0-323e-4f1f-88c3-f35a6c823427","locked","ok"
"bdec5422-24bf-416b-a7ab-5fe351765da9","013dda2f-724d-4c10-bd03-9bd2b4b8314c","reviewed","ok"
"bdec5422-24bf-416b-a7ab-5fe351765da9","013dda2f-724d-4c10-bd03-9bd2b4b8314c","locked","ok"
"4098622c-0871-4b85-add7-f297811dbbf6","61c4b3c3-5391-41c0-99c5-ee6ba3111979","reviewed","ok"
"4098622c-0871-4b85-add7-f297811dbbf6","61c4b3c3-5391-41c0-99c5-ee6ba3111979","locked","ok"
"d603ce7f-6542-430d-ae7d-61c4ce0ffdb1","d1525b57-f332-4174-9f7d-b8edd11e0e8b","reviewed","ok"
"d603ce7f-6542-430d-ae7d-61c4ce0ffdb1","d1525b57-f332-4174-9f7d-b8edd11e0e8b","locked","ok"
"b4226be3-41fb-4e1a-add9-2d89424e2261","390cb8c4-537c-469c-b3d1-14d9194d8cea","reviewed","ok"
"b4226be3-41fb-4e1a-add9-2d89424e2261","390cb8c4-537c-469c-b3d1-14d9194d8cea","locked","ok"
"ce079760-9207-4f11-a775-c9810fc70741","5cbfa9f6-7496-4309-801f-ed8a969f6bb2","reviewed","ok"
"ce079760-9207-4f11-a775-c9810fc70741","5cbfa9f6-7496-4309-801f-ed8a969f6bb2","locked","ok"
"ee6b4694-a6e8-4a57-9016-7495fec2ce62","3fd989c1-f53a-42e5-b1f1-e18d34c21497","reviewed","ok"
"ee6b4694-a6e8-4a57-9016-7495fec2ce62","3fd989c1-f53a-42e5-b1f1-e18d34c21497","locked","ok"
"d359d2cc-d454-4a8f-93f3-0010e50990ae","4d006fea-73a6-4926-bd63-2d02b64af242","reviewed","ok"
"d359d2cc-d454-4a8f-93f3-0010e50990ae","4d006fea-73a6-4926-bd63-2d02b64af242","locked","ok"
"ca3dbeea-48b7-434e-8da7-9fdffad56d16","b3d81d2c-a6e7-40d0-84dc-eea66c22bee7","reviewed","ok"
"ca3dbeea-48b7-434e-8da7-9fdffad56d16","b3d81d2c-a6e7-40d0-84dc-eea66c22bee7","locked","ok"
"061bc245-6ad7-4609-9c73-1d2282406b96","26aeb1e5-1491-4618-bba6-bf43e884ea89","reviewed","ok"
"061bc245-6ad7-4609-9c73-1d2282406b96","26aeb1e5-1491-4618-bba6-bf43e884ea89","locked","ok"
"4cb7121e-7a15-4811-9044-014245d471bc","85494d30-76ae-44b5-a20d-e7689645f374","reviewed","ok"
"4cb7121e-7a15-4811-9044-014245d471bc","85494d30-76ae-44b5-a20d-e7689645f374","locked","ok"
"ab931381-db9d-4b8e-a8ed-d175519b341d","eedab1ad-56e1-4f9a-bf27-e6b077af1760","reviewed","ok"
"ab931381-db9d-4b8e-a8ed-d175519b341d","eedab1ad-56e1-4f9a-bf27-e6b077af1760","locked","ok"
"101d57d8-4129-4e7a-a820-c7260b796d84","c542e271-f9eb-4304-a2fb-6ca4471c6cc1","reviewed","ok"
"101d57d8-4129-4e7a-a820-c7260b796d84","c542e271-f9eb-4304-a2fb-6ca4471c6cc1","locked","ok"
"ca7d6b99-f512-4a67-b00b-1f2bb96c496a","c4012952-1df1-4ce4-a6ce-f54083541fd6","reviewed","ok"
"ca7d6b99-f512-4a67-b00b-1f2bb96c496a","c4012952-1df1-4ce4-a6ce-f54083541fd6","locked","ok"
"3f6920ec-2ecd-4f8e-bbbf-ba6e3eabdc9a","e7dfdb22-8ee7-445d-9f0a-e27ccf215314","reviewed","ok"
"3f6920ec-2ecd-4f8e-bbbf-ba6e3eabdc9a","e7dfdb22-8ee7-445d-9f0a-e27ccf215314","locked","ok"
"f9633d64-64ce-4f51-8b08-69e8ea3ef8fd","5e3f8952-3acb-45fa-8e28-b4e5ed0e3dc8","reviewed","ok"
"f9633d64-64ce-4f51-8b08-69e8ea3ef8fd","5e3f8952-3acb-45fa-8e28-b4e5ed0e3dc8","locked","ok"
"1ff7ed38-f637-41fd-8a8b-1e32aaf2b6aa","fbcc6e0e-45b8-4e93-88ab-38bb435e0ec8","reviewed","ok"
"1ff7ed38-f637-41fd-8a8b-1e32aaf2b6aa","fbcc6e0e-45b8-4e93-88ab-38bb435e0ec8","locked","ok"
"8fa85293-e7b3-49bf-b401-dd4f03a81c5e","ce23f17b-f621-46b0-bb72-fc926a0be3d4","reviewed","ok"
"8fa85293-e7b3-49bf-b401-dd4f03a81c5e","ce23f17b-f621-46b0-bb72-fc926a0be3d4","locked","ok"
"78dd72b5-0c17-4fd1-a0b6-df0d103785f6","0adcb286-28d5-4094-bb12-80f2f9e99468","reviewed","ok"
"78dd72b5-0c17-4fd1-a0b6-df0d103785f6","0adcb286-28d5-4094-bb12-80f2f9e99468","locked","ok"
"7e2e6eb5-6678-4875-b196-3f08805bf305","f4ab61e2-cadf-4686-a1c5-50554463f230","reviewed","ok"
"7e2e6eb5-6678-4875-b196-3f08805bf305","f4ab61e2-cadf-4686-a1c5-50554463f230","locked","ok"
"fa362d81-c5f8-4f5f-af37-657e947e2c3b","f0e0d76d-38ed-4b29-85db-ae678611b715","reviewed","ok"
"fa362d81-c5f8-4f5f-af37-657e947e2c3b","f0e0d76d-38ed-4b29-85db-ae678611b715","locked","ok"
"cac5ff48-9dfa-4a21-a072-532de2aa300b","a406cb7b-b61d-4987-8afe-2039eef3133b","reviewed","ok"
"cac5ff48-9dfa-4a21-a072-532de2aa300b","a406cb7b-b61d-4987-8afe-2039eef3133b","locked","ok"
"0e723b52-0cfd-4d70-9331-eb2d76b30a33","ba164b72-afb0-458f-87f4-b413e45719e7","reviewed","ok"
"0e723b52-0cfd-4d70-9331-eb2d76b30a33","ba164b72-afb0-458f-87f4-b413e45719e7","locked","ok"
"7c4e2839-49c8-4207-beee-846e9347fda7","056efd72-c34d-48ae-9c72-931959910d05","reviewed","ok"
"7c4e2839-49c8-4207-beee-846e9347fda7","056efd72-c34d-48ae-9c72-931959910d05","locked","ok"
"07d46e58-25b8-48ae-9b24-5fc28db5cf9f","8e5aa145-440d-4db7-a3f4-9ee6e4aed196","reviewed","ok"
"07d46e58-25b8-48ae-9b24-5fc28db5cf9f","8e5aa145-440d-4db7-a3f4-9ee6e4aed196","locked","ok"
"be8f4ada-b229-465a-a073-976bf30cbd0a","09bc3db4-a4ca-47ab-9172-142c1e7475f8","reviewed","ok"
"be8f4ada-b229-465a-a073-976bf30cbd0a","09bc3db4-a4ca-47ab-9172-142c1e7475f8","locked","ok"
"a6a27784-6775-4061-8fcb-1c7810142572","bf9142fc-f9fd-49e5-85ba-1431680791e5","reviewed","ok"
"a6a27784-6775-4061-8fcb-1c7810142572","bf9142fc-f9fd-49e5-85ba-1431680791e5","locked","ok"
"0ce6c16c-3ae3-4ddc-9ec1-ca21fe65c93b","10d8610d-9dbd-4f47-b301-1ed3c0d2dce6","reviewed","ok"
"0ce6c16c-3ae3-4ddc-9ec1-ca21fe65c93b","10d8610d-9dbd-4f47-b301-1ed3c0d2dce6","locked","ok"
"5ace7cde-d426-49e1-8ecc-d3d4089828a9","5dcb9305-326f-4585-af0e-4ba1cb643b26","reviewed","ok"
"5ace7cde-d426-49e1-8ecc-d3d4089828a9","5dcb9305-326f-4585-af0e-4ba1cb643b26","locked","ok"
"e7eafe9e-6216-4fec-bfb1-5483eb8052f2","59e0da65-f5f2-4f13-a76a-8ba7d06d3d15","reviewed","ok"
"e7eafe9e-6216-4fec-bfb1-5483eb8052f2","59e0da65-f5f2-4f13-a76a-8ba7d06d3d15","locked","ok"
"2ee3c8a0-15f1-4b76-9dbb-9fe9031bb650","e8fccc09-a2c9-4076-a001-ad1c2378a23f","reviewed","ok"
"2ee3c8a0-15f1-4b76-9dbb-9fe9031bb650","e8fccc09-a2c9-4076-a001-ad1c2378a23f","locked","ok"
"e5a407fb-91dd-4b50-889d-db5a5d8936a0","748e1177-b18b-4e5a-9698-9aa51b57a50b","reviewed","ok"
"e5a407fb-91dd-4b50-889d-db5a5d8936a0","748e1177-b18b-4e5a-9698-9aa51b57a50b","locked","ok"
"75c845c7-7f54-422b-86c8-1bff33f2729a","4fb4c478-d456-4d9d-ad58-08af61c9025d","reviewed","ok"
"75c845c7-7f54-422b-86c8-1bff33f2729a","4fb4c478-d456-4d9d-ad58-08af61c9025d","locked","ok"
"90c06b7e-220c-4003-8b6a-69d049bd29b1","beb3ca2b-9796-4686-89bd-e643ebb270b1","reviewed","ok"
"90c06b7e-220c-4003-8b6a-69d049bd29b1","beb3ca2b-9796-4686-89bd-e643ebb270b1","locked","ok"
"c4a2b63a-dee9-42d2-a398-0310d01f914a","1645100c-e158-44af-aebb-a4153dcbd931","reviewed","ok"
"c4a2b63a-dee9-42d2-a398-0310d01f914a","1645100c-e158-44af-aebb-a4153dcbd931","locked","ok"
"73c9dbf0-2457-4bbc-b80b-3ff6c1c5687e","3ab068c5-397c-4189-913f-0d26569b3899","reviewed","ok"
"73c9dbf0-2457-4bbc-b80b-3ff6c1c5687e","3ab068c5-397c-4189-913f-0d26569b3899","locked","ok"
"a8180e29-a8e1-48bf-a8c3-669f6c0b9065","35a95c33-0e7a-43fc-8ed3-1b79a7609209","reviewed","ok"
"a8180e29-a8e1-48bf-a8c3-669f6c0b9065","35a95c33-0e7a-43fc-8ed3-1b79a7609209","locked","ok"
"c5bbd67b-508c-4b56-be8e-63f668c5de96","65c6b4bb-b6fc-4351-a9ea-e09a179d12da","reviewed","ok"
"c5bbd67b-508c-4b56-be8e-63f668c5de96","65c6b4bb-b6fc-4351-a9ea-e09a179d12da","locked","ok"
"8924802e-b3cd-4b46-9b62-7a4756a7d7dd","fc3e9289-0478-4a6c-a0e8-1f6f3f79f82a","reviewed","ok"
"8924802e-b3cd-4b46-9b62-7a4756a7d7dd","fc3e9289-0478-4a6c-a0e8-1f6f3f79f82a","locked","ok"
"cb91d80e-1dad-4645-aba6-1a880ccb9c02","ff082708-c649-46b6-980f-4a66363e6eab","reviewed","ok"
"cb91d80e-1dad-4645-aba6-1a880ccb9c02","ff082708-c649-46b6-980f-4a66363e6eab","locked","ok"
"416cfb6d-ba35-4ae5-9655-c0ee479cc8b4","57e9ec9c-c979-437a-b1e8-90580921f096","reviewed","ok"
"416cfb6d-ba35-4ae5-9655-c0ee479cc8b4","57e9ec9c-c979-437a-b1e8-90580921f096","locked","ok"
"b45bd021-adf6-4a11-8a33-2073f05148bf","541e84ce-069e-40de-b447-762fc36291f2","reviewed","ok"
"b45bd021-adf6-4a11-8a33-2073f05148bf","541e84ce-069e-40de-b447-762fc36291f2","locked","ok"
"9bbbe15c-815a-4332-a683-b5f23e5717fd","89b27d9f-7081-4930-9186-c41b93349e1a","reviewed","ok"
"9bbbe15c-815a-4332-a683-b5f23e5717fd","89b27d9f-7081-4930-9186-c41b93349e1a","locked","ok"
"2452c815-da88-415f-beb6-1a9dcdd6f5d6","2ba3fb21-1709-4d8b-9059-bbfee5264d8f","reviewed","ok"
"2452c815-da88-415f-beb6-1a9dcdd6f5d6","2ba3fb21-1709-4d8b-9059-bbfee5264d8f","locked","ok"
"a5b78c60-43ca-403f-a1d3-5aeb3adc348c","a9893874-a4ba-4cb8-950f-c570eeb3dfad","reviewed","ok"
"a5b78c60-43ca-403f-a1d3-5aeb3adc348c","a9893874-a4ba-4cb8-950f-c570eeb3dfad","locked","ok"
"cd9faf83-8eb1-4383-aa3f-9a00d54a0cea","1dc3e5ea-2950-42a3-8c79-8a45ade66003","reviewed","ok"
"cd9faf83-8eb1-4383-aa3f-9a00d54a0cea","1dc3e5ea-2950-42a3-8c79-8a45ade66003","locked","ok"
"ccb8d5db-df96-417c-890b-6cb1893bda72","c433edd3-ad2d-408b-bd3e-fbf1828a030d","reviewed","ok"
"ccb8d5db-df96-417c-890b-6cb1893bda72","c433edd3-ad2d-408b-bd3e-fbf1828a030d","locked","ok"
"35f3ce72-ab8d-4580-b85f-fe6a675d6b60","cefdf13b-9b68-489e-b5b2-e3d171d70f2c","reviewed","ok"
"35f3ce72-ab8d-4580-b85f-fe6a675d6b60","cefdf13b-9b68-489e-b5b2-e3d171d70f2c","locked","ok"
"c4833005-8b99-4092-9007-bdb293d71a9f","b0342814-c623-4615-a2aa-e9f6ad1c3df0","reviewed","ok"
"c4833005-8b99-4092-9007-bdb293d71a9f","b0342814-c623-4615-a2aa-e9f6ad1c3df0","locked","ok"
"16cef752-6e9e-4a7d-a31b-be63ff2722c3","652eb8c7-a25a-48c1-b51d-ddf64f8ede1b","reviewed","ok"
"16cef752-6e9e-4a7d-a31b-be63ff2722c3","652eb8c7-a25a-48c1-b51d-ddf64f8ede1b","locked","ok"
"4c59110e-c961-4f64-afa9-fae0039c43e3","716450be-826f-428c-a51e-57101be2e9f9","reviewed","ok"
"4c59110e-c961-4f64-afa9-fae0039c43e3","716450be-826f-428c-a51e-57101be2e9f9","locked","ok"
"ed2c9baa-e626-405c-9f97-7d2ea15478e8","9a64933c-c2fa-4db6-aed5-2b87f33c8202","reviewed","ok"
"ed2c9baa-e626-405c-9f97-7d2ea15478e8","9a64933c-c2fa-4db6-aed5-2b87f33c8202","locked","ok"
"95990257-09ad-4b92-8246-a4bc3f6d664b","93d15d96-99b2-489a-a9bf-56ebf8c76ae2","reviewed","ok"
"95990257-09ad-4b92-8246-a4bc3f6d664b","93d15d96-99b2-489a-a9bf-56ebf8c76ae2","locked","ok"
"94338762-7794-40a8-9563-cddd7493dd19","ba519e51-98c4-4db7-b2da-a2e4b2835dba","reviewed","ok"
"94338762-7794-40a8-9563-cddd7493dd19","ba519e51-98c4-4db7-b2da-a2e4b2835dba","locked","ok"
"8d3a6998-530b-466f-9ffe-f66408b9f4f7","d1b7a3f9-84e1-4832-8d3f-ca851b844ce6","reviewed","ok"
"8d3a6998-530b-466f-9ffe-f66408b9f4f7","d1b7a3f9-84e1-4832-8d3f-ca851b844ce6","locked","ok"
"0e311c2f-bbba-4b6a-8de7-a0515da24d1e","ba4a8915-89b4-4e26-87de-9573d8c40bc4","reviewed","ok"
"0e311c2f-bbba-4b6a-8de7-a0515da24d1e","ba4a8915-89b4-4e26-87de-9573d8c40bc4","locked","ok"
"77290921-d848-4506-a7af-eccb9107e498","d189707d-212b-4d57-a1b7-5a240aeb97cb","reviewed","ok"
"77290921-d848-4506-a7af-eccb9107e498","d189707d-212b-4d57-a1b7-5a240aeb97cb","locked","ok"
"37b0c241-118f-44bc-99e5-346cd02ccecc","4d85c12a-062f-461e-874b-a7456e8afa65","reviewed","ok"
"37b0c241-118f-44bc-99e5-346cd02ccecc","4d85c12a-062f-461e-874b-a7456e8afa65","locked","ok"
"f676b454-401f-4594-9478-73c040baf496","c7ea1e13-578a-4977-a08e-df0a6d689f16","reviewed","ok"
"f676b454-401f-4594-9478-73c040baf496","c7ea1e13-578a-4977-a08e-df0a6d689f16","locked","ok"
"05689a74-dc8e-4eca-a92e-9a315ffa7f35","ed3eadd3-5574-4043-a2e4-2bfde047b9c1","reviewed","ok"
"05689a74-dc8e-4eca-a92e-9a315ffa7f35","ed3eadd3-5574-4043-a2e4-2bfde047b9c1","locked","ok"
"96ff93bf-88bf-47d2-8882-a74a49083f7b","a73b4af1-fb46-41dd-9d25-1cbb815f91cb","reviewed","ok"
"96ff93bf-88bf-47d2-8882-a74a49083f7b","a73b4af1-fb46-41dd-9d25-1cbb815f91cb","locked","ok"
"69835058-3f99-4e8a-9954-2a4eb17fcb61","f56288ef-a26d-402b-9dc1-f1d4e141968e","reviewed","ok"
"69835058-3f99-4e8a-9954-2a4eb17fcb61","f56288ef-a26d-402b-9dc1-f1d4e141968e","locked","ok"
"657bdc6e-3a3e-4122-9442-8764c46fa461","38570226-9451-435b-a9ee-ee5b19c91fec","reviewed","ok"
"657bdc6e-3a3e-4122-9442-8764c46fa461","38570226-9451-435b-a9ee-ee5b19c91fec","locked","ok"
"5d31d0f4-2b6a-4d8e-8ce8-f3aea1965897","490f959e-d694-4077-a153-8758afe6a0a6","reviewed","ok"
"5d31d0f4-2b6a-4d8e-8ce8-f3aea1965897","490f959e-d694-4077-a153-8758afe6a0a6","locked","ok"
"d8f78937-ef0f-416d-b46b-b3f05d846dc0","ee63d21f-3ff5-4193-975f-7e6c04a59c89","reviewed","ok"
"d8f78937-ef0f-416d-b46b-b3f05d846dc0","ee63d21f-3ff5-4193-975f-7e6c04a59c89","locked","ok"
"b10fda8b-a6e6-40c5-95e2-9b75c9b76888","bb343a30-e26e-474a-9ab7-6ecab8e6931b","reviewed","ok"
"b10fda8b-a6e6-40c5-95e2-9b75c9b76888","bb343a30-e26e-474a-9ab7-6ecab8e6931b","locked","ok"
"5df73df4-75f8-4849-8f87-580ce89379e9","8f2e1cb0-8b2b-4ffc-a0fb-9cfec07c69c9","reviewed","ok"
"5df73df4-75f8-4849-8f87-580ce89379e9","8f2e1cb0-8b2b-4ffc-a0fb-9cfec07c69c9","locked","ok"
"ee054b7c-7050-477a-a639-f5a8046d7fb1","8e53cf4a-dc66-423f-93ff-03ac5b513e55","reviewed","ok"
"ee054b7c-7050-477a-a639-f5a8046d7fb1","8e53cf4a-dc66-423f-93ff-03ac5b513e55","locked","ok"
"9e241d3f-3737-4c5b-a168-8e1c22f9923a","afedc75c-5124-4bac-8651-2d3004cd8c4e","reviewed","ok"
"9e241d3f-3737-4c5b-a168-8e1c22f9923a","afedc75c-5124-4bac-8651-2d3004cd8c4e","locked","ok"
"483d7392-279b-4442-926b-a428c10d1039","763871ee-abfc-483e-99ee-6e7d77de05d0","reviewed","ok"
"483d7392-279b-4442-926b-a428c10d1039","763871ee-abfc-483e-99ee-6e7d77de05d0","locked","ok"
"d9b46ec0-c75a-42b5-8c95-d3af2a88dc5e","8aed2166-9ae9-4125-8e4b-ca0c82bd3f27","reviewed","ok"
"d9b46ec0-c75a-42b5-8c95-d3af2a88dc5e","8aed2166-9ae9-4125-8e4b-ca0c82bd3f27","locked","ok"
"93cf50f2-3dcd-4697-a63a-5d787117a158","b2b889f0-5310-23a4-a50c-daa504f0afe7","reviewed","ok"
"93cf50f2-3dcd-4697-a63a-5d787117a158","b2b889f0-5310-23a4-a50c-daa504f0afe7","locked","ok"
"ec66ae1c-898d-4f72-838d-e16680d4daea","0e5b478f-5048-4be2-a4da-997415ef0843","reviewed","ok"
"ec66ae1c-898d-4f72-838d-e16680d4daea","0e5b478f-5048-4be2-a4da-997415ef0843","locked","ok"
"779857bb-d677-4c7f-b858-a197bdc94a06","ec1c423a-d5ab-42aa-b03e-26d3a74e72fb","reviewed","ok"
"779857bb-d677-4c7f-b858-a197bdc94a06","ec1c423a-d5ab-42aa-b03e-26d3a74e72fb","locked","ok"
"b80a3782-7094-478f-9a71-d809eef0cf7b","68d9d70f-74fc-40ba-b339-591269ca81b4","reviewed","ok"
"b80a3782-7094-478f-9a71-d809eef0cf7b","68d9d70f-74fc-40ba-b339-591269ca81b4","locked","ok"
"bf0714f0-c1f9-4d87-a246-012c393b5aaa","572d0eaa-691a-4172-aa52-98a315b3f558","reviewed","ok"
"bf0714f0-c1f9-4d87-a246-012c393b5aaa","572d0eaa-691a-4172-aa52-98a315b3f558","locked","ok"
"387d8adb-bdb1-4362-aeeb-8bc231b09031","b2e396d9-e67b-4242-904e-7424662e7615","reviewed","ok"
"387d8adb-bdb1-4362-aeeb-8bc231b09031","b2e396d9-e67b-4242-904e-7424662e7615","locked","ok"
"13b18b85-1573-40ed-8763-92d634abffc8","3b99d1e4-a26b-4bb9-8754-9cee350bd157","reviewed","ok"
"13b18b85-1573-40ed-8763-92d634abffc8","3b99d1e4-a26b-4bb9-8754-9cee350bd157","locked","ok"
"716481a3-745d-4c3f-8e20-9f329f4f94f3","357d442c-52db-40ef-af2d-b5616e316756","reviewed","ok"
"716481a3-745d-4c3f-8e20-9f329f4f94f3","357d442c-52db-40ef-af2d-b5616e316756","locked","ok"
"b4fc3600-3ba5-496e-9474-8b6d237fd214","1c1baab2-f591-4339-963a-926846182e92","reviewed","ok"
"b4fc3600-3ba5-496e-9474-8b6d237fd214","1c1baab2-f591-4339-963a-926846182e92","locked","ok"
"bd2f4511-2d63-4bfa-97c2-c2e6e7670cf7","a8e79dbb-62c4-424f-83dd-56dbf319e539","reviewed","ok"
"bd2f4511-2d63-4bfa-97c2-c2e6e7670cf7","a8e79dbb-62c4-424f-83dd-56dbf319e539","locked","ok"
"a803ce95-432e-4d99-9d6b-4afd69a15472","2069e64c-0914-4339-bcf1-8d5582ddc6e1","reviewed","ok"
"a803ce95-432e-4d99-9d6b-4afd69a15472","2069e64c-0914-4339-bcf1-8d5582ddc6e1","locked","ok"
"2e95ef36-058c-4ee5-9023-261e7c58283d","f6a36919-07e6-46a8-ae43-e3c13d549c98","reviewed","ok"
"2e95ef36-058c-4ee5-9023-261e7c58283d","f6a36919-07e6-46a8-ae43-e3c13d549c98","locked","ok"
"78ce869f-46bb-4a12-8844-c4fa13a6ec9a","0ac1a472-16a9-46ae-85f8-fff7215ee3d9","reviewed","ok"
"78ce869f-46bb-4a12-8844-c4fa13a6ec9a","0ac1a472-16a9-46ae-85f8-fff7215ee3d9","locked","ok"
"20cce9ce-f09c-4c8f-b0af-8b3caba34c73","49d20336-ad3d-48c7-b172-fdd9c3d17e7f","reviewed","ok"
"20cce9ce-f09c-4c8f-b0af-8b3caba34c73","49d20336-ad3d-48c7-b172-fdd9c3d17e7f","locked","ok"
"31133e6e-ed56-405d-8d5a-8baeee69af8f","a4dddc0f-e194-4eb6-bfc6-078240c8d4f0","reviewed","ok"
"31133e6e-ed56-405d-8d5a-8baeee69af8f","a4dddc0f-e194-4eb6-bfc6-078240c8d4f0","locked","ok"
"9b6dcfcb-c48b-44be-9ab7-69ec9b57a8bd","93f445b2-4db4-45b1-acc5-b1bb8c21dc17","reviewed","ok"
"9b6dcfcb-c48b-44be-9ab7-69ec9b57a8bd","93f445b2-4db4-45b1-acc5-b1bb8c21dc17","locked","ok"
"3d48e0e0-5c17-4441-a3f8-8ae64e9bcd81","37a65bc7-1c55-43e7-b59a-c25f3bc3232f","reviewed","ok"
"3d48e0e0-5c17-4441-a3f8-8ae64e9bcd81","37a65bc7-1c55-43e7-b59a-c25f3bc3232f","locked","ok"
"c020415d-1e8d-4546-8199-712e6574e0ff","f225f3a4-7ad0-42d8-9ab0-acfbf821f304","reviewed","ok"
"c020415d-1e8d-4546-8199-712e6574e0ff","f225f3a4-7ad0-42d8-9ab0-acfbf821f304","locked","ok"
"403eb6de-16ab-48c8-b6a3-002a452ff15e","84b7579d-e136-4a6a-8b3f-d134e267ff39","reviewed","ok"
"403eb6de-16ab-48c8-b6a3-002a452ff15e","84b7579d-e136-4a6a-8b3f-d134e267ff39","locked","ok"
"a6c35a8f-4283-4e5c-964e-e958f18e8e49","4d2ef984-313a-468f-87f4-d5027de94736","reviewed","ok"
"a6c35a8f-4283-4e5c-964e-e958f18e8e49","4d2ef984-313a-468f-87f4-d5027de94736","locked","ok"
"1c7ad4bb-02bc-4453-8ca2-892a75657f17","023e18bf-9868-4996-a2c3-24a2382589b0","reviewed","ok"
"1c7ad4bb-02bc-4453-8ca2-892a75657f17","023e18bf-9868-4996-a2c3-24a2382589b0","locked","ok"
"75699e63-fc0f-413b-a53b-22f5c1de6799","ccb35433-91ab-4bbe-b188-9cc1671add79","reviewed","ok"
"75699e63-fc0f-413b-a53b-22f5c1de6799","ccb35433-91ab-4bbe-b188-9cc1671add79","locked","ok"
"5c642789-8ecd-47d6-89db-44742618cd42","069fdcf6-30e5-4be7-9ef2-6ae4f9631ca6","reviewed","ok"
"5c642789-8ecd-47d6-89db-44742618cd42","069fdcf6-30e5-4be7-9ef2-6ae4f9631ca6","locked","ok"
"6aff6a84-4697-4718-bf0d-519e177b4cd6","0e8e737b-8b78-48a0-b462-a09fc501039b","reviewed","ok"
"6aff6a84-4697-4718-bf0d-519e177b4cd6","0e8e737b-8b78-48a0-b462-a09fc501039b","locked","ok"
"a5d0c73e-7f13-478c-a622-97dec899ba3e","6a8a23a0-eddb-4aa1-abbc-28c8b4d4ed66","reviewed","ok"
"a5d0c73e-7f13-478c-a622-97dec899ba3e","6a8a23a0-eddb-4aa1-abbc-28c8b4d4ed66","locked","ok"
"f01e4236-2825-491e-94cc-898c0b8d5acd","15e7768f-f126-4030-a227-218a815ea259","reviewed","ok"
"f01e4236-2825-491e-94cc-898c0b8d5acd","15e7768f-f126-4030-a227-218a815ea259","locked","ok"
"c35286b4-1cba-4929-875d-10746b2a6e4b","0683c41f-da6e-4738-872a-f2cd424de015","reviewed","ok"
"c35286b4-1cba-4929-875d-10746b2a6e4b","0683c41f-da6e-4738-872a-f2cd424de015","locked","ok"
"22faf19d-c9da-4d1a-98fa-884ccce71023","6543f906-3a5b-4e9d-9672-3628cc7a032c","reviewed","ok"
"22faf19d-c9da-4d1a-98fa-884ccce71023","6543f906-3a5b-4e9d-9672-3628cc7a032c","locked","ok"
"0cb5220b-4f64-43d8-918f-c41cfea0b959","7bf9193a-dfbb-4626-8876-d7821016029b","reviewed","ok"
"0cb5220b-4f64-43d8-918f-c41cfea0b959","7bf9193a-dfbb-4626-8876-d7821016029b","locked","ok"
"83d10fa4-b86a-4142-9f2b-5f80625a6d7f","75d64ae7-691e-4226-9c46-05d217805e7d","reviewed","ok"
"83d10fa4-b86a-4142-9f2b-5f80625a6d7f","75d64ae7-691e-4226-9c46-05d217805e7d","locked","ok"
"c811fe91-4024-4211-bce5-5e5bad746726","c07b3f29-e87e-4721-8dfe-257793aae9e3","reviewed","ok"
"c811fe91-4024-4211-bce5-5e5bad746726","c07b3f29-e87e-4721-8dfe-257793aae9e3","locked","ok"
"955c7ae1-bf61-4bd5-b202-3c78bb796c19","90a4700b-5c25-481c-a0b0-07b51e1dc28c","reviewed","ok"
"955c7ae1-bf61-4bd5-b202-3c78bb796c19","90a4700b-5c25-481c-a0b0-07b51e1dc28c","locked","ok"
"739b10d4-01b2-4005-add3-a83ab9a2ff22","59d569cb-cb6d-4402-899d-c984effc6b5b","reviewed","ok"
"739b10d4-01b2-4005-add3-a83ab9a2ff22","59d569cb-cb6d-4402-899d-c984effc6b5b","locked","ok"
"a9490b09-608d-4340-89e0-a994a9f91413","d24db813-295b-cb39-e6b3-327409910c6f","reviewed","ok"
"a9490b09-608d-4340-89e0-a994a9f91413","d24db813-295b-cb39-e6b3-327409910c6f","locked","ok"
"a75ada84-d8e3-4d5f-8a06-704c90174c7b","86416829-056a-4934-aa07-ef7d78cd9171","reviewed","ok"
"a75ada84-d8e3-4d5f-8a06-704c90174c7b","86416829-056a-4934-aa07-ef7d78cd9171","locked","ok"
"feb50532-f513-44da-97f6-83e6275344a9","53bf9a36-47c0-4473-b677-29a66d1a7bdb","reviewed","ok"
"feb50532-f513-44da-97f6-83e6275344a9","53bf9a36-47c0-4473-b677-29a66d1a7bdb","locked","ok"
"af717b63-2638-48db-aea8-0766303e2ec1","ebff9225-240b-4f49-8716-356e97765194","reviewed","ok"
"af717b63-2638-48db-aea8-0766303e2ec1","ebff9225-240b-4f49-8716-356e97765194","locked","ok"
"bc8d382d-39a4-498d-bee2-1177d42e3fb1","342ec4bb-5625-4398-9b44-2963d65062a4","reviewed","ok"
"bc8d382d-39a4-498d-bee2-1177d42e3fb1","342ec4bb-5625-4398-9b44-2963d65062a4","locked","ok"
"4b832f7b-3d64-4965-bd5d-d798c2350b99","8fdb774d-5e18-4742-bbe3-c0ea16495df9","reviewed","ok"
"4b832f7b-3d64-4965-bd5d-d798c2350b99","8fdb774d-5e18-4742-bbe3-c0ea16495df9","locked","ok"
"804e2035-a692-4d7f-b385-93c93e495d0c","f779e3de-96b0-43c3-808c-ba39793625af","reviewed","ok"
"804e2035-a692-4d7f-b385-93c93e495d0c","f779e3de-96b0-43c3-808c-ba39793625af","locked","ok"
"ba910b77-d05f-4555-b482-42aac23f47ff","4c7ab956-c83b-4308-8218-bcf571e7367e","reviewed","ok"
"ba910b77-d05f-4555-b482-42aac23f47ff","4c7ab956-c83b-4308-8218-bcf571e7367e","locked","ok"
"3946a2e2-9643-47e6-b046-a07ad2ecf752","c8712e3e-a1a8-4b02-9294-7aaafd1ed152","reviewed","ok"
"3946a2e2-9643-47e6-b046-a07ad2ecf752","c8712e3e-a1a8-4b02-9294-7aaafd1ed152","locked","ok"
"25bd110b-6f00-4ef1-aa54-6f55ac30da4f","a5b4857a-6bf4-4a05-97f4-7476a3f405a2","reviewed","ok"
"25bd110b-6f00-4ef1-aa54-6f55ac30da4f","a5b4857a-6bf4-4a05-97f4-7476a3f405a2","locked","ok"
"086bbb9f-1480-4c81-8e8a-43bfb7010c59","d1979e85-7942-4fdd-a5fa-b1d2e29f5977","reviewed","ok"
"086bbb9f-1480-4c81-8e8a-43bfb7010c59","d1979e85-7942-4fdd-a5fa-b1d2e29f5977","locked","ok"
"8283cb49-2d80-49ca-abbc-2b4716059a1a","3b2102a2-bd53-42bb-82c5-a617816fa09b","reviewed","ok"
"8283cb49-2d80-49ca-abbc-2b4716059a1a","3b2102a2-bd53-42bb-82c5-a617816fa09b","locked","ok"
"662843b8-1f80-4298-8b8f-ae92e7c429a1","14c51cd0-d60f-42bb-a584-89639d2306fa","reviewed","ok"
"662843b8-1f80-4298-8b8f-ae92e7c429a1","14c51cd0-d60f-42bb-a584-89639d2306fa","locked","ok"
"10888ab8-c002-45c9-9495-a7dc5e17cb8b","55cde475-d4af-4ff7-b347-b51066736cab","reviewed","ok"
"10888ab8-c002-45c9-9495-a7dc5e17cb8b","55cde475-d4af-4ff7-b347-b51066736cab","locked","ok"
"f389e5d3-e17e-4df9-952c-e1e05eecbc42","6f182884-0443-48e2-ad72-601b4ad101ab","reviewed","ok"
"f389e5d3-e17e-4df9-952c-e1e05eecbc42","6f182884-0443-48e2-ad72-601b4ad101ab","locked","ok"
"e40929ee-de4e-4e1c-beae-7b34938360b8","420312ba-2e38-4e16-a836-7e6764a05535","reviewed","ok"
"e40929ee-de4e-4e1c-beae-7b34938360b8","420312ba-2e38-4e16-a836-7e6764a05535","locked","ok"
"bbe1df5a-71ab-4b94-8721-4d96ed77a288","b46402a0-947a-4fed-a122-1e655785e683","reviewed","ok"
"bbe1df5a-71ab-4b94-8721-4d96ed77a288","b46402a0-947a-4fed-a122-1e655785e683","locked","ok"
"0cd5902c-14b2-456c-ba15-409b92f9f587","53bf1e3b-881b-44cd-9dc7-f385d16ae13c","reviewed","ok"
"0cd5902c-14b2-456c-ba15-409b92f9f587","53bf1e3b-881b-44cd-9dc7-f385d16ae13c","locked","ok"
"5e85baad-1164-4050-80c7-8be8ee5796da","b2983344-9a73-4205-bc92-76949ad7d588","reviewed","ok"
"5e85baad-1164-4050-80c7-8be8ee5796da","b2983344-9a73-4205-bc92-76949ad7d588","locked","ok"
"6e77f6bd-7333-4f8d-938c-1c027267f794","c18d927f-2eab-49db-b302-a017cf1f2193","reviewed","ok"
"6e77f6bd-7333-4f8d-938c-1c027267f794","c18d927f-2eab-49db-b302-a017cf1f2193","locked","ok"
"1d2d9f05-44ba-4860-82d5-5dbd5b0e5471","a5ece133-4cad-4641-8caa-5e593c34e888","reviewed","ok"
"1d2d9f05-44ba-4860-82d5-5dbd5b0e5471","a5ece133-4cad-4641-8caa-5e593c34e888","locked","ok"
"0878a296-a927-46db-ba96-6a50b50657fa","7571611f-335f-419f-bb07-46408833d294","reviewed","ok"
"0878a296-a927-46db-ba96-6a50b50657fa","7571611f-335f-419f-bb07-46408833d294","locked","ok"
"6a621db7-da18-4964-a7c8-06ca4dee8bd4","93787b38-00f2-449d-945d-5770e4a0c553","reviewed","ok"
"6a621db7-da18-4964-a7c8-06ca4dee8bd4","93787b38-00f2-449d-945d-5770e4a0c553","locked","ok"
"6a4bc927-1c99-4255-8690-3745cf98f190","cd48d660-2fee-415a-8bd5-e6e78324d73c","reviewed","ok"
"6a4bc927-1c99-4255-8690-3745cf98f190","cd48d660-2fee-415a-8bd5-e6e78324d73c","locked","ok"
"1c72540b-addc-4ef2-b6a6-b67fb02ecfc9","a3ea6cd9-eb80-4bf0-a4fd-3043d8749d00","reviewed","ok"
"1c72540b-addc-4ef2-b6a6-b67fb02ecfc9","a3ea6cd9-eb80-4bf0-a4fd-3043d8749d00","locked","ok"
"b9fcbe50-8f70-4f4a-ae5f-58680853e290","fac566e1-1cba-4017-9733-f13cc31b1aa6","reviewed","ok"
"b9fcbe50-8f70-4f4a-ae5f-58680853e290","fac566e1-1cba-4017-9733-f13cc31b1aa6","locked","ok"
"3d19afec-5002-45ca-9d9e-745d4bcfc44d","0a3778a1-aa66-4cad-805e-beb8ef4a9b2b","reviewed","ok"
"3d19afec-5002-45ca-9d9e-745d4bcfc44d","0a3778a1-aa66-4cad-805e-beb8ef4a9b2b","locked","ok"
"4014ed8b-6f88-438b-a54c-67ce6e5cf8f6","ba7bcb95-6dbb-4db1-b65b-e503f838f456","reviewed","ok"
"4014ed8b-6f88-438b-a54c-67ce6e5cf8f6","ba7bcb95-6dbb-4db1-b65b-e503f838f456","locked","ok"
"0d2f5073-67b5-4a82-8af2-29fb31cf52ef","23c0eda6-6163-457d-92b3-1fb9b06f4745","reviewed","ok"
"0d2f5073-67b5-4a82-8af2-29fb31cf52ef","23c0eda6-6163-457d-92b3-1fb9b06f4745","locked","ok"
"4aaadc08-c2c7-41f1-94c4-36b5148bef49","6d0f52ab-fc19-4d0f-b039-cec519f82dea","reviewed","ok"
"4aaadc08-c2c7-41f1-94c4-36b5148bef49","6d0f52ab-fc19-4d0f-b039-cec519f82dea","locked","ok"
"d82b790e-08aa-4c0c-9121-941091a5a066","f99a5f86-7b21-4036-8de3-2c5f633fff73","reviewed","ok"
"d82b790e-08aa-4c0c-9121-941091a5a066","f99a5f86-7b21-4036-8de3-2c5f633fff73","locked","ok"
"d4568082-1dd3-4d41-a37f-2226087fdffc","e6ae56a5-8fb5-4dab-a838-59ac2c665fc0","reviewed","ok"
"d4568082-1dd3-4d41-a37f-2226087fdffc","e6ae56a5-8fb5-4dab-a838-59ac2c665fc0","locked","ok"
"5c524109-c556-45df-92f2-06aea2a441d0","4ba00176-6b3d-4873-ae98-62b2fb33fecf","reviewed","ok"
"5c524109-c556-45df-92f2-06aea2a441d0","4ba00176-6b3d-4873-ae98-62b2fb33fecf","locked","ok"
"3e3da100-0964-4047-ba19-7488dca35891","fd797be4-4857-4885-a456-52d9ce38df94","reviewed","ok"
"3e3da100-0964-4047-ba19-7488dca35891","fd797be4-4857-4885-a456-52d9ce38df94","locked","ok"
"cd824e97-4429-4924-af2d-81f2670a0525","ed452a5c-75d7-4e2c-847d-7dff14a6b022","reviewed","ok"
"cd824e97-4429-4924-af2d-81f2670a0525","ed452a5c-75d7-4e2c-847d-7dff14a6b022","locked","ok"
"1052b487-7084-4b0b-b8ff-40c63e3a4913","6b804126-1dae-4221-aba6-7896579a048a","reviewed","ok"
"1052b487-7084-4b0b-b8ff-40c63e3a4913","6b804126-1dae-4221-aba6-7896579a048a","locked","ok"
"baea0726-96fe-4d76-8012-37f8bc706310","9044d257-b50a-4e24-8ef1-f69b59b78a91","reviewed","ok"
"baea0726-96fe-4d76-8012-37f8bc706310","9044d257-b50a-4e24-8ef1-f69b59b78a91","locked","ok"
"32819aa6-5ca8-4105-9cb1-6c3057e8ed99","6e107aa5-c9e0-4888-a7e9-862e98bea935","reviewed","ok"
"32819aa6-5ca8-4105-9cb1-6c3057e8ed99","6e107aa5-c9e0-4888-a7e9-862e98bea935","locked","ok"
"7742c2d5-e071-46a7-9467-0d6adca94721","4623fffb-b9ec-4558-90d5-f3f24d504e06","reviewed","ok"
"7742c2d5-e071-46a7-9467-0d6adca94721","4623fffb-b9ec-4558-90d5-f3f24d504e06","locked","ok"
"c9ef69a7-1aa7-4a70-a6b8-f2e86b9f75ae","af53b54e-1844-450a-b3e2-e16020be4533","reviewed","ok"
"c9ef69a7-1aa7-4a70-a6b8-f2e86b9f75ae","af53b54e-1844-450a-b3e2-e16020be4533","locked","ok"
"47568a16-b57e-4889-aafc-94b8c07d814b","0140aef7-82c3-45de-be0d-e9286820ee7f","reviewed","ok"
"47568a16-b57e-4889-aafc-94b8c07d814b","0140aef7-82c3-45de-be0d-e9286820ee7f","locked","ok"
"50574bad-1003-408f-9f30-5231acb7ebd5","a704c46a-26db-43f5-9ece-3e339a15ac3b","reviewed","ok"
"50574bad-1003-408f-9f30-5231acb7ebd5","a704c46a-26db-43f5-9ece-3e339a15ac3b","locked","ok"
"01efc974-75ac-4dfe-9e39-12f3e6dc3fb3","39c359f9-b85b-4c3e-9a0b-e67ed39d8c4c","reviewed","ok"
"01efc974-75ac-4dfe-9e39-12f3e6dc3fb3","39c359f9-b85b-4c3e-9a0b-e67ed39d8c4c","locked","ok"
"3c87a4c9-276e-4da7-9ab6-cd83ed28fd65","d7285f63-0e95-446a-ac3a-9b01fe376174","reviewed","ok"
"3c87a4c9-276e-4da7-9ab6-cd83ed28fd65","d7285f63-0e95-446a-ac3a-9b01fe376174","locked","ok"
"f1bf5eb8-573d-4252-8c82-e8492140456f","55445373-0670-480b-9789-76cf81fef778","reviewed","ok"
"f1bf5eb8-573d-4252-8c82-e8492140456f","55445373-0670-480b-9789-76cf81fef778","locked","ok"
"ef0cbd2e-1d8b-4fc4-b42b-7aebb05e9b26","afe864dd-13da-4bb1-a63e-afceaa14fe6a","reviewed","ok"
"ef0cbd2e-1d8b-4fc4-b42b-7aebb05e9b26","afe864dd-13da-4bb1-a63e-afceaa14fe6a","locked","ok"
"4bdb4cfa-de8e-468e-b603-5b9ed8f19d1a","b0e8a0b7-df35-4f9e-9bdb-dfa6558e2b7a","reviewed","ok"
"4bdb4cfa-de8e-468e-b603-5b9ed8f19d1a","b0e8a0b7-df35-4f9e-9bdb-dfa6558e2b7a","locked","ok"
"153579d0-055c-4b1b-838d-c66ffd84a9c7","47ccac5a-76d5-417d-9acf-7096df227bba","reviewed","ok"
"153579d0-055c-4b1b-838d-c66ffd84a9c7","47ccac5a-76d5-417d-9acf-7096df227bba","locked","ok"
"07386479-477a-4700-970d-dc8be9e62bcc","f0438d84-6f03-45a4-a48e-44336c8e15e7","reviewed","ok"
"07386479-477a-4700-970d-dc8be9e62bcc","f0438d84-6f03-45a4-a48e-44336c8e15e7","locked","ok"
"2cdcb148-db55-4a73-a7f7-0feb1e93e225","dcf342df-0b93-4e2c-91a1-42e0781cd12c","reviewed","ok"
"2cdcb148-db55-4a73-a7f7-0feb1e93e225","dcf342df-0b93-4e2c-91a1-42e0781cd12c","locked","ok"
"49c341af-2a83-4dbb-bea5-44634542cb79","dbed7599-7bab-45e3-ab53-cb8cbb8a1c55","reviewed","ok"
"49c341af-2a83-4dbb-bea5-44634542cb79","dbed7599-7bab-45e3-ab53-cb8cbb8a1c55","locked","ok"
"e0b20842-506b-4fc5-819c-5b7c5dcc7f3b","e2fc8cb4-eb3e-41dc-b14d-70ea45e8ad4d","reviewed","ok"
"e0b20842-506b-4fc5-819c-5b7c5dcc7f3b","e2fc8cb4-eb3e-41dc-b14d-70ea45e8ad4d","locked","ok"
"f7fc2c51-8fdb-4aac-84b5-95baf06e5e22","da8b77aa-4e53-4876-be17-f8f96e1f2913","reviewed","ok"
"f7fc2c51-8fdb-4aac-84b5-95baf06e5e22","da8b77aa-4e53-4876-be17-f8f96e1f2913","locked","ok"
"363b39e5-b4d2-4beb-8bc2-a697792fa70f","7aa6a5c3-2e2a-46c9-b5cf-d8a2168f4f88","reviewed","ok"
"363b39e5-b4d2-4beb-8bc2-a697792fa70f","7aa6a5c3-2e2a-46c9-b5cf-d8a2168f4f88","locked","ok"
"c3ef773c-de75-48fa-ad9c-bd33c14a20ed","0734c7f5-2098-4834-9730-47626b2d2704","reviewed","ok"
"c3ef773c-de75-48fa-ad9c-bd33c14a20ed","0734c7f5-2098-4834-9730-47626b2d2704","locked","ok"
"2a63d203-9dff-4fcf-864f-4503d465735d","c5d44e15-072a-4557-ad7d-f61221fe61c7","reviewed","ok"
"2a63d203-9dff-4fcf-864f-4503d465735d","c5d44e15-072a-4557-ad7d-f61221fe61c7","locked","ok"
"9db4f24d-afe6-4669-9f63-6140ead430dc","c0a7c245-3fb1-4a85-9f8e-2c3399bf68af","reviewed","ok"
"9db4f24d-afe6-4669-9f63-6140ead430dc","c0a7c245-3fb1-4a85-9f8e-2c3399bf68af","locked","ok"
"ce4bcd3d-bf1d-4775-a47e-df65f0a33b85","a5f18325-af4e-4040-95ca-5007d0ed75ab","reviewed","ok"
"ce4bcd3d-bf1d-4775-a47e-df65f0a33b85","a5f18325-af4e-4040-95ca-5007d0ed75ab","locked","ok"
"d9a9516c-d3f7-47dc-ba77-ad6a588bd731","7d94ff40-34f9-47fe-9caa-9eae0dc38116","reviewed","ok"
"d9a9516c-d3f7-47dc-ba77-ad6a588bd731","7d94ff40-34f9-47fe-9caa-9eae0dc38116","locked","ok"
"19ac7599-b926-439c-a149-1b355552fd68","9ea559c5-2c7b-49b4-8ab0-98938fd471df","reviewed","ok"
"19ac7599-b926-439c-a149-1b355552fd68","9ea559c5-2c7b-49b4-8ab0-98938fd471df","locked","ok"
"20d42ec6-3764-434a-a990-d7a926e7eda4","1086ea3f-d400-4ef1-a31a-67b153780627","reviewed","ok"
"20d42ec6-3764-434a-a990-d7a926e7eda4","1086ea3f-d400-4ef1-a31a-67b153780627","locked","ok"
"5e44f457-2fd6-494a-8197-5d7d2e4a9204","8ac1aa30-49ea-459c-871b-685f98a31fc9","reviewed","ok"
"5e44f457-2fd6-494a-8197-5d7d2e4a9204","8ac1aa30-49ea-459c-871b-685f98a31fc9","locked","ok"
"e1938690-bee7-4b30-b064-22be0828add3","cd574056-f811-4f7b-8fdd-a4e37d0c9772","reviewed","ok"
"e1938690-bee7-4b30-b064-22be0828add3","cd574056-f811-4f7b-8fdd-a4e37d0c9772","locked","ok"
"20c812d1-4cf9-4f62-a93e-ebc05698ca58","c91ecdcc-7fc9-4d23-b3b7-9122ce81cf9a","reviewed","ok"
"20c812d1-4cf9-4f62-a93e-ebc05698ca58","c91ecdcc-7fc9-4d23-b3b7-9122ce81cf9a","locked","ok"
"3298c7f8-96a8-45b0-bc3c-c2d5dce5c03f","177b68be-4bce-4c12-bc99-f7fabcbc1de6","reviewed","ok"
"3298c7f8-96a8-45b0-bc3c-c2d5dce5c03f","177b68be-4bce-4c12-bc99-f7fabcbc1de6","locked","ok"
"4ed9905a-a0b8-48b6-9334-14fba7e7debe","fa731497-39a6-49f8-b3ff-e0f3bb19cb96","reviewed","ok"
"4ed9905a-a0b8-48b6-9334-14fba7e7debe","fa731497-39a6-49f8-b3ff-e0f3bb19cb96","locked","ok"
"8973101d-0d95-4a9a-bbdf-0aa9f74925f0","3b29fc1a-f888-4188-8f85-a828933d644e","reviewed","ok"
"8973101d-0d95-4a9a-bbdf-0aa9f74925f0","3b29fc1a-f888-4188-8f85-a828933d644e","locked","ok"
"2307937b-b2cb-4d49-951b-aa132eb43a65","ccbfabdf-b027-428d-9267-190ccaf56498","reviewed","ok"
"2307937b-b2cb-4d49-951b-aa132eb43a65","ccbfabdf-b027-428d-9267-190ccaf56498","locked","ok"
"275de417-23b0-4cf8-916d-968ae12e01ff","cd4fb6ad-ad93-464a-a936-40a8e9427b07","reviewed","ok"
"275de417-23b0-4cf8-916d-968ae12e01ff","cd4fb6ad-ad93-464a-a936-40a8e9427b07","locked","ok"
"00e63fc1-ded0-4c8b-ad48-6881d4c61008","4b44f9f1-8d13-4977-be4b-aa5108b10ead","reviewed","ok"
"00e63fc1-ded0-4c8b-ad48-6881d4c61008","4b44f9f1-8d13-4977-be4b-aa5108b10ead","locked","ok"
"3ad4466f-ef1f-484b-85d3-f1d2cbcf4d5f","5264edf2-f868-4749-8bd6-0cf36449317b","reviewed","ok"
"3ad4466f-ef1f-484b-85d3-f1d2cbcf4d5f","5264edf2-f868-4749-8bd6-0cf36449317b","locked","ok"
"6b52e8e6-26a8-45f8-bd4a-f536685b77d1","cbb196b4-3325-4af1-80f9-a4280d592e9f","reviewed","ok"
"6b52e8e6-26a8-45f8-bd4a-f536685b77d1","cbb196b4-3325-4af1-80f9-a4280d592e9f","locked","ok"
"aaa3248f-df0a-4269-8fa1-5bb371ae9897","567b9717-73ac-46ef-bd37-671acc8420b0","reviewed","ok"
"aaa3248f-df0a-4269-8fa1-5bb371ae9897","567b9717-73ac-46ef-bd37-671acc8420b0","locked","ok"
"13d8a5c5-6403-4616-8e7e-eaa404a568a6","93b13ab8-fb10-433a-a1d5-40fc7acc4428","reviewed","ok"
"13d8a5c5-6403-4616-8e7e-eaa404a568a6","93b13ab8-fb10-433a-a1d5-40fc7acc4428","locked","ok"
"32724f21-117f-4e69-a626-da7b506594df","1d690f05-756d-4389-b40d-5bca2d050fdd","reviewed","ok"
"32724f21-117f-4e69-a626-da7b506594df","1d690f05-756d-4389-b40d-5bca2d050fdd","locked","ok"
"54fb5bf0-d89e-426a-a60a-d839a07eff54","09e4b8c2-3e2b-4633-8ec1-a58bc6867e0b","reviewed","ok"
"54fb5bf0-d89e-426a-a60a-d839a07eff54","09e4b8c2-3e2b-4633-8ec1-a58bc6867e0b","locked","ok"
"30ca5276-8f99-48a9-b947-e994e0231f45","09eef279-390d-4889-a8fb-81c6961bee8a","reviewed","ok"
"30ca5276-8f99-48a9-b947-e994e0231f45","09eef279-390d-4889-a8fb-81c6961bee8a","locked","ok"
"fcd72d8b-8cc0-4f7a-a9ff-8f0822f90cf2","05f68c0c-9a50-48b6-b713-7393fdf49bfa","reviewed","ok"
"fcd72d8b-8cc0-4f7a-a9ff-8f0822f90cf2","05f68c0c-9a50-48b6-b713-7393fdf49bfa","locked","ok"
"f1cda789-0a58-47e4-bbec-ad911e6c0a55","83767c6b-bfac-4384-8dc1-2deeff9d5b83","reviewed","ok"
"f1cda789-0a58-47e4-bbec-ad911e6c0a55","83767c6b-bfac-4384-8dc1-2deeff9d5b83","locked","ok"
"641cc0e8-5c3f-41a5-8cbe-139d1df884eb","ebdd3a2a-f038-4775-9684-647b6cbbdcbb","reviewed","ok"
"641cc0e8-5c3f-41a5-8cbe-139d1df884eb","ebdd3a2a-f038-4775-9684-647b6cbbdcbb","locked","ok"
"f8254350-cc1d-4377-8633-fe8c05936d94","67198b82-3136-4a92-8f44-676488c348d2","reviewed","ok"
"f8254350-cc1d-4377-8633-fe8c05936d94","67198b82-3136-4a92-8f44-676488c348d2","locked","ok"
"b119c862-6f08-48c1-b1c8-b0fa5cfcc0e6","c7ccbff3-da69-4369-90fe-f5f8b13ff7b9","reviewed","ok"
"b119c862-6f08-48c1-b1c8-b0fa5cfcc0e6","c7ccbff3-da69-4369-90fe-f5f8b13ff7b9","locked","ok"
"9afe39bb-b490-47a1-9305-4b02b1bf0aa9","75791278-f076-4df9-8099-e6456ff02b77","reviewed","ok"
"9afe39bb-b490-47a1-9305-4b02b1bf0aa9","75791278-f076-4df9-8099-e6456ff02b77","locked","ok"
"088fd178-e19e-478a-aa2a-48516fe0ea3a","de689596-235b-4ead-8ba1-3431e1189e98","reviewed","ok"
"088fd178-e19e-478a-aa2a-48516fe0ea3a","de689596-235b-4ead-8ba1-3431e1189e98","locked","ok"
"4ac9a457-b6d9-47a9-aad9-6b2961060f02","d5110ca8-291e-4287-a8ff-2cd5093ce271","reviewed","ok"
"4ac9a457-b6d9-47a9-aad9-6b2961060f02","d5110ca8-291e-4287-a8ff-2cd5093ce271","locked","ok"
"738040ed-72ce-4269-be00-48a708c6cc8d","c862456b-d22b-45b5-9150-d9d1f21eb0c6","reviewed","ok"
"738040ed-72ce-4269-be00-48a708c6cc8d","c862456b-d22b-45b5-9150-d9d1f21eb0c6","locked","ok"
"3e091562-2bbf-4d69-bb6c-d25b82a51b5e","8f704fc7-27d2-45f4-aa1d-80c9e028efe3","reviewed","ok"
"3e091562-2bbf-4d69-bb6c-d25b82a51b5e","8f704fc7-27d2-45f4-aa1d-80c9e028efe3","locked","ok"
"812fb294-22f6-4f5d-a926-1a8c40c8a9a7","6b0ea750-f099-45b4-a632-5876b21840a0","reviewed","ok"
"812fb294-22f6-4f5d-a926-1a8c40c8a9a7","6b0ea750-f099-45b4-a632-5876b21840a0","locked","ok"
"449ebe7c-b370-413e-a5b9-6ce9c2ec7612","f2efa180-0f24-4974-98a3-d33ab317b626","reviewed","ok"
"449ebe7c-b370-413e-a5b9-6ce9c2ec7612","f2efa180-0f24-4974-98a3-d33ab317b626","locked","ok"
"a98e6652-5305-41e0-870d-4f90929b4cf1","033fa30b-ae86-4b44-8a16-5b64de7eb0e3","reviewed","ok"
"a98e6652-5305-41e0-870d-4f90929b4cf1","033fa30b-ae86-4b44-8a16-5b64de7eb0e3","locked","ok"
"8dc111b0-61fc-4e64-a20b-0bea89e3aafb","b7d5ee3a-d1b6-475b-a7fc-7e8c8441792b","reviewed","ok"
"8dc111b0-61fc-4e64-a20b-0bea89e3aafb","b7d5ee3a-d1b6-475b-a7fc-7e8c8441792b","locked","ok"
"a65fb248-6649-4ce0-9c8e-9e95589962db","4990ee6f-b419-42e9-8ee0-e52d5630d3a4","reviewed","ok"
"a65fb248-6649-4ce0-9c8e-9e95589962db","4990ee6f-b419-42e9-8ee0-e52d5630d3a4","locked","ok"
"187b2bf1-3344-4b2d-8c28-00293ee6ebf2","7e1e6fc8-4e40-4e18-bfb7-660c80143603","reviewed","ok"
"187b2bf1-3344-4b2d-8c28-00293ee6ebf2","7e1e6fc8-4e40-4e18-bfb7-660c80143603","locked","ok"
"bef44ffd-3c09-4f86-b4a9-708b5b9e6370","2230aec0-e72f-4ff4-a9a4-c9ddfbc04bc3","reviewed","ok"
"bef44ffd-3c09-4f86-b4a9-708b5b9e6370","2230aec0-e72f-4ff4-a9a4-c9ddfbc04bc3","locked","ok"
"630ba2b7-1b77-4557-a3bc-c2038c0931e4","479587ab-2cef-4046-9da4-c0ca924e8ef6","reviewed","ok"
"630ba2b7-1b77-4557-a3bc-c2038c0931e4","479587ab-2cef-4046-9da4-c0ca924e8ef6","locked","ok"
"d2589c71-89dc-4c14-b09a-ce139d97279e","00d3f0d6-79a3-4c9b-a019-d0ac728fbb19","reviewed","ok"
"d2589c71-89dc-4c14-b09a-ce139d97279e","00d3f0d6-79a3-4c9b-a019-d0ac728fbb19","locked","ok"
"2d5c9bab-e9f7-4eb6-a3ae-b7d5fcb2ebfe","b23c3c90-d592-4f13-b63d-413f390aa7a6","reviewed","ok"
"2d5c9bab-e9f7-4eb6-a3ae-b7d5fcb2ebfe","b23c3c90-d592-4f13-b63d-413f390aa7a6","locked","ok"
"8bfa0f64-0beb-45c8-9621-3102fe2a8359","993efa09-2f9d-42be-a0b3-b6c912e0f07c","reviewed","ok"
"8bfa0f64-0beb-45c8-9621-3102fe2a8359","993efa09-2f9d-42be-a0b3-b6c912e0f07c","locked","ok"
