"paper_id","year","filename","questions","source_url"
"d52fd1f6-a2a1-4840-a6c4-9d23d2097f9f","2024","Q-T-1_1.pdf","57",""
"5fba8083-8f54-437d-b01f-c8fcb99ca226","2024","Q-T-1_11.pdf","65",""
"55571471-ae6b-458e-b866-47680b25cd4a","2024","Q-T-1_12.pdf","65",""
"b02de7ed-8f67-4355-9687-f886796373e6","2024","Q-T-1_13.pdf","66",""
"1ac764cc-eb05-4bb4-9d4c-0dece694d27c","2024","Q-T-1_14.pdf","66",""
"91bbd4eb-f11a-4c8e-8f58-bfe0401a45fb","2024","Q-T-1_2.pdf","65",""
"64b4c673-9872-4a5d-b47b-0d3d3ea861ed","2024","Q-T-1_3.pdf","67",""
"7645f4ae-473f-4929-a904-539e37c55f17","2024","Q-T-1_4.pdf","67",""
"c45d88c2-6c39-45ac-80f3-6028a54b1bf7","2024","Q-T-1_5.pdf","66",""
"3d903cdf-c4b6-41e0-855c-0c86f01ea971","2024","Q-T-1_6.pdf","66",""
"a07a5e62-72a0-474d-9b7f-20bc8bde5595","2024","Q-T-1_7.pdf","66",""
"253f2938-bb65-440f-9487-6dd428902a44","2024","Q-T-1_8.pdf","67",""
"907ebc61-36e3-40a8-a18a-f8a3db4e8ac9","2024","Q-T-1_9.pdf","67",""
