row_type,row_id,paper_year,question_number_or_topic_id,text_preview,flags,sample_reason,decision,notes,assign_topic_id,difficulty,stimulus_preview,paper_id,section,current_primary_topic_id,apply_result,apply_detail
question,000f179a-e88b-438d-98e6-da4f64fe66e3,2024,1,How much government assistance is being provided for the Pradhan Mantri Awas Yojana-Urban (PMAY-U) 2.0?,,spot_check,verified,,,easy,,ba80e989-e6a2-46e2-98da-8da5966e16bf,General Awareness,6b0ea750-f099-45b4-a632-5876b21840a0,difficulty;verified,
question,c03cf54f-6f27-4e8e-a958-f11435df69ef,2024,2,"The Pradhan Mantri MUDRA Yojana (PMMY) was launched in 2015 to ignite entrepreneurship, providing collateral-free micro-loans up to Rs 10 la",suspicious_repeat_char;no_primary_tag,flagged,verified,,c07b3f29-e87e-4721-8dfe-257793aae9e3,easy,,ba80e989-e6a2-46e2-98da-8da5966e16bf,General Awareness,,difficulty;tagged;verified,
question,1eac5e45-a56c-4514-bdc4-c2d64bc5b156,2024,3,"As per the Union Budget 2024-25, the non-reporting of small movable foreign assets up to ____________ has been de- penalised. Fill the gap",suspicious_repeat_char;no_primary_tag,flagged,verified,,fa731497-39a6-49f8-b3ff-e0f3bb19cb96,medium,,ba80e989-e6a2-46e2-98da-8da5966e16bf,General Awareness,,difficulty;tagged;verified,
question,e68ee927-612c-4717-b89b-4d1628d8897c,2024,4,What percentage of money can be withdrawn from the National Pension Scheme (NPS) after 3 years?,,,verified,,,easy,,ba80e989-e6a2-46e2-98da-8da5966e16bf,General Awareness,023e18bf-9868-4996-a2c3-24a2382589b0,difficulty;verified,
question,09bdd252-7913-4235-a3ad-f204400ce21a,2024,5,The Union Budget 2024-25 has proposed to reduce the turnover threshold of buyers for mandatory onboarding on the TReDS platform from Rs 500 ,suspicious_repeat_char;no_primary_tag,flagged,verified,,edfa8f79-7e0a-4f3e-8726-dbd3a97fb1de,medium,,ba80e989-e6a2-46e2-98da-8da5966e16bf,General Awareness,,difficulty;tagged;verified,
question,ff22c6f5-286f-4ab9-97e2-aedf24118a15,2024,6,Which Ministry is recognized as the top achiever in the National Monetisation Pipeline for the financial year 2023-24?,no_primary_tag,flagged,verified,,fac566e1-1cba-4017-9733-f13cc31b1aa6,medium,,ba80e989-e6a2-46e2-98da-8da5966e16bf,General Awareness,,difficulty;tagged;verified,
question,206667d0-5750-4ee4-ae1b-80e027ebd0de,2024,7,Which initiative has been launched by the Deendayal Antyodaya Yojana–National Rural Livelihoods Mission (DAY-NRLM) to empower individuals ac,non_ascii_suspect;no_primary_tag,flagged,verified,,6f182884-0443-48e2-ad72-601b4ad101ab,easy,,ba80e989-e6a2-46e2-98da-8da5966e16bf,General Awareness,,difficulty;tagged;verified,
question,8723cf3a-e4af-413c-866f-ee2e9fdf3f2d,2024,8,"Under Self Reliant India (SRI) Fund of Rs. 50,000 crore, there is a provision of __________ from Government of India and ______________ thro",suspicious_repeat_char,flagged,verified,,,medium,,ba80e989-e6a2-46e2-98da-8da5966e16bf,General Awareness,4d006fea-73a6-4926-bd63-2d02b64af242,difficulty;verified,
question,21a031cf-d598-43d6-9700-906c616ff60f,2024,9,What is the share of export of MSME specified products in all India exports (in %) in FY 2023-24?,no_primary_tag,flagged,verified,,edfa8f79-7e0a-4f3e-8726-dbd3a97fb1de,medium,,ba80e989-e6a2-46e2-98da-8da5966e16bf,General Awareness,,difficulty;tagged;verified,
question,3a9d6660-e922-4bc5-b390-dac5b922a38f,2024,10,"In pursuance of the spirit of ‘Digital India’ and capturing the essence of Minimum Government and Maximum Governance, which single window po",non_ascii_suspect,flagged,verified,,,medium,,ba80e989-e6a2-46e2-98da-8da5966e16bf,General Awareness,afc33796-d20d-4103-a4d0-f88f8e3e1087,difficulty;verified,
question,8b842231-525d-4bfa-84d7-4b939eae8f85,2024,11,"Ministry of Food Processing Industries (MoFPI) implements a Scheme for Integrated Cold Chain, Food Processing and Preservation Infrastructur",suspicious_repeat_char,flagged,verified,primary tag replaced by operator SQL after this run,,medium,,ba80e989-e6a2-46e2-98da-8da5966e16bf,General Awareness,8f704fc7-27d2-45f4-aa1d-80c9e028efe3,difficulty;verified,
question,a7298c3c-5b54-4c3c-9a6b-610180a97137,2024,12,Which crops are covered under the Price Support Scheme (PSS) under the umbrella scheme of Pradhan Mantri Annadata Aay SanraksHan Abhiyan’ (P,non_ascii_suspect,flagged,verified,primary tag replaced by operator SQL after this run,,medium,,ba80e989-e6a2-46e2-98da-8da5966e16bf,General Awareness,8f704fc7-27d2-45f4-aa1d-80c9e028efe3,difficulty;verified,
question,07fe7881-ce89-4636-8d7b-70dabff148f2,2024,13,"Government is implementing the scheme titled “PM Programme for Restoration, Awareness, Nourishment and Amelioration of Mother Earth (PM-PRAN",non_ascii_suspect;suspicious_repeat_char,flagged,verified,,,medium,,ba80e989-e6a2-46e2-98da-8da5966e16bf,General Awareness,8f704fc7-27d2-45f4-aa1d-80c9e028efe3,difficulty;verified,
question,1883318d-a7ac-411b-aeaa-534b54780c7a,2024,14,"The Government has substantially enhanced the budget allocation of Ministry of Agriculture & Farmers Welfare from Rs. 27,662.67 crore BE dur",suspicious_repeat_char;no_primary_tag,flagged,verified,,fa731497-39a6-49f8-b3ff-e0f3bb19cb96,medium,,ba80e989-e6a2-46e2-98da-8da5966e16bf,General Awareness,,difficulty;tagged;verified,
question,6c6fabd9-b2b5-403b-8d72-3f5cfb7cdb7e,2024,15,"Recently, RBI released the Statement on Developmental and Regulatory Policies. One initiative that RBI took is regarding UPI. UPI (Unified P",no_primary_tag,flagged,verified,,390cb8c4-537c-469c-b3d1-14d9194d8cea,medium,,ba80e989-e6a2-46e2-98da-8da5966e16bf,General Awareness,,difficulty;tagged;verified,
question,d37da05c-2330-413d-aad0-cb8457ad536c,2024,16,"India has been included in the JP Morgan Global Bond Index - Emerging Markets. The inclusion process started on June 28, 2024, with a gradua",non_ascii_suspect;no_primary_tag,flagged,verified,,6543f906-3a5b-4e9d-9672-3628cc7a032c,medium,,ba80e989-e6a2-46e2-98da-8da5966e16bf,General Awareness,,difficulty;tagged;verified,
question,e2563c71-a97c-4aeb-8a14-ea9407a8b9a4,2024,17,"The Reserve Bank of India’s Financial Inclusion Index (FI-Index) measures the level of financial inclusion across India. As of March 2024, t",non_ascii_suspect;no_primary_tag,flagged,verified,,ffdc4541-194f-4155-a578-d0fc9d7d4c91,easy,,ba80e989-e6a2-46e2-98da-8da5966e16bf,General Awareness,,difficulty;tagged;verified,
question,c3b184d4-7376-4b01-b27d-d13ae73fff6a,2024,18,"With the introduction of the Goods and Services Tax (GST) in India, various central, state, and local taxes were subsumed into a unified sys",,,verified,,,easy,,ba80e989-e6a2-46e2-98da-8da5966e16bf,General Awareness,eedab1ad-56e1-4f9a-bf27-e6b077af1760,difficulty;verified,
question,38c4bde8-2363-4753-b7b0-de9f4fffc5f7,2024,19,The Reserve Bank of India’s (RBI) Digital Payments Index (RBI-DPI) is a composite index that measures the extent of digital payments in Indi,non_ascii_suspect,flagged,verified,,,medium,,ba80e989-e6a2-46e2-98da-8da5966e16bf,General Awareness,4ac5fc1d-9fcf-4772-bd60-d9cfa9f8e673,difficulty;verified,
question,e04c9562-3075-4c29-9562-143eb186c86f,2024,20,A Basic Service Demat Account (BSDA) is just like a normal Demat account that helps investors to hold equity shares/ other securities invest,non_ascii_suspect;suspicious_repeat_char,flagged,verified,,,medium,,ba80e989-e6a2-46e2-98da-8da5966e16bf,General Awareness,567b9717-73ac-46ef-bd37-671acc8420b0,difficulty;verified,
question,3c8aefb0-6b1c-4917-86c6-8119831e00ac,2024,21,Trade Receivables e-Discounting System (TReDS) is an electronic platform for facilitating the financing/discounting of trade receivables of ,suspicious_repeat_char;no_primary_tag,flagged,verified,,177b68be-4bce-4c12-bc99-f7fabcbc1de6,medium,,ba80e989-e6a2-46e2-98da-8da5966e16bf,General Awareness,,difficulty;tagged;verified,
question,25bf3b60-a3f7-4fd5-b440-799f15c4fa54,2024,22,"To control inflationary pressures, the Reserve Bank of India (RBI) undertook a series of monetary policy actions between May 2022 and Februa",no_primary_tag,flagged,verified,,a5f18325-af4e-4040-95ca-5007d0ed75ab,medium,,ba80e989-e6a2-46e2-98da-8da5966e16bf,General Awareness,,difficulty;tagged;verified,
question,aa7f15a2-756d-4e3b-84f4-a446c59cd7ea,2024,23,"The Reserve Bank of India (RBI) issued directions on November 15, 2021, requiring certain Non-Banking Financial Companies (NBFCs) to appoint",,,verified,,,medium,,ba80e989-e6a2-46e2-98da-8da5966e16bf,General Awareness,7bf9193a-dfbb-4626-8876-d7821016029b,difficulty;verified,
question,b64a8b53-b990-4039-9de8-4c09f8451bd9,2024,24,"RBI under its Depositor Education and Awareness (DEA) Scheme, mandates all deposit accounts such as savings, current, or fixed deposits, tha",,,,,,,,ba80e989-e6a2-46e2-98da-8da5966e16bf,General Awareness,60744a81-c455-493e-9ab8-182c50e646b7,skipped,no decision
question,4fc90b0f-6ed7-4354-9010-ad78c0d78f6e,2024,25,As part of its effort to harmonize regulations for Housing Finance Companies (HFCs) with those applicable to Non- Banking Financial Companie,non_ascii_suspect,flagged,verified,,,medium,,ba80e989-e6a2-46e2-98da-8da5966e16bf,General Awareness,7bf9193a-dfbb-4626-8876-d7821016029b,difficulty;verified,
question,fe284090-9d9a-4778-b5d7-8077b79b8919,2024,26,"In a recent update to its banking regulations, the RBI revised the definition of “bulk deposits” for various banking institutions. Scheduled",non_ascii_suspect,flagged,verified,,,medium,,ba80e989-e6a2-46e2-98da-8da5966e16bf,General Awareness,f56288ef-a26d-402b-9dc1-f1d4e141968e,difficulty;verified,
question,b2a52ab0-82ae-4a9f-8dab-c2236aade5b9,2024,27,"The RBI has taken a significant step in modifying its fully accessible route (FAR) for government securities. This decision, aimed at managi",,,verified,,,medium,,ba80e989-e6a2-46e2-98da-8da5966e16bf,General Awareness,a3ea6cd9-eb80-4bf0-a4fd-3043d8749d00,difficulty;verified,
question,9c570193-9a1e-4cbd-b7b3-681465a46cc8,2024,28,The Reserve Bank of India (RBI) has outlined specific eligibility criteria for Small Finance Banks (SFBs) to transition into Universal Banks,,,verified,,,medium,,ba80e989-e6a2-46e2-98da-8da5966e16bf,General Awareness,f56288ef-a26d-402b-9dc1-f1d4e141968e,difficulty;verified,
question,75a85026-bcd3-4129-af8e-f18aa5c654c8,2024,29,The RBI outlined a detailed framework for Self-Regulatory Organizations (SROs) in the FinTech space to ensure proper governance and regulati,non_ascii_suspect,flagged,verified,,,medium,,ba80e989-e6a2-46e2-98da-8da5966e16bf,General Awareness,15e5b403-5be3-49c4-a4c5-8c3805cc2694,difficulty;verified,
question,5c3e362e-0dba-4003-958b-ceadce1d9318,2024,30,The Financial Stability Report (FSR) by the RBI often highlights critical measures to strengthen the financial resilience of banks. One such,,,verified,primary tag replaced by operator SQL after this run,,medium,,ba80e989-e6a2-46e2-98da-8da5966e16bf,General Awareness,e6ae56a5-8fb5-4dab-a838-59ac2c665fc0,difficulty;verified,
question,896c2b31-f466-409b-b800-641be3efc1f0,2024,31,"The International Financial Services Centres Authority (IFSCA) plays a pivotal role in regulating financial institutions, financial products",non_ascii_suspect,flagged,verified,,,medium,,ba80e989-e6a2-46e2-98da-8da5966e16bf,General Awareness,15e5b403-5be3-49c4-a4c5-8c3805cc2694,difficulty;verified,
question,fbb7d25c-0b56-4599-b422-c45b381efb42,2024,32,"According to the RBI’s report on currency and finance 2024, the rise in digital payments has resulted in several significant outcomes. Which",non_ascii_suspect,flagged,verified,,,medium,,ba80e989-e6a2-46e2-98da-8da5966e16bf,General Awareness,4ac5fc1d-9fcf-4772-bd60-d9cfa9f8e673,difficulty;verified,
question,e0dd0b78-f9d6-405e-87ea-9b10832a9650,2024,33,"INFINET, a membership-only Closed User Group (CUG) network, serves as the backbone of the National Payments System, primarily handling inter",non_ascii_suspect;suspicious_repeat_char,flagged,verified,,,medium,,ba80e989-e6a2-46e2-98da-8da5966e16bf,General Awareness,390cb8c4-537c-469c-b3d1-14d9194d8cea,difficulty;verified,
question,bd0aaed2-51ee-40bb-934c-4143bf4f79f9,2024,34,State and Union Territory governments leverage various mechanisms to borrow from the Reserve Bank of India (RBI). Which of the following com,,,verified,,,medium,,ba80e989-e6a2-46e2-98da-8da5966e16bf,General Awareness,7e1e6fc8-4e40-4e18-bfb7-660c80143603,difficulty;verified,
question,feb37eb8-99d5-4dfa-aa89-74c58233eafe,2024,35,"When banks receive deposits from various All-India Financial Institutions (AIFIs) and use them to forward loans, certain deposits are not co",,,verified,,,medium,,ba80e989-e6a2-46e2-98da-8da5966e16bf,General Awareness,39c359f9-b85b-4c3e-9a0b-e67ed39d8c4c,difficulty;verified,
question,8db74694-48dd-4f21-84a8-e02c0da21137,2024,36,"In the regulatory landscape of India’s financial sector, various entities operate under the oversight of different authorities. Among the fo",non_ascii_suspect,flagged,verified,,,medium,,ba80e989-e6a2-46e2-98da-8da5966e16bf,General Awareness,7aa6a5c3-2e2a-46c9-b5cf-d8a2168f4f88,difficulty;verified,
question,da7110b3-e6c4-4818-a774-82aaf5d16e42,2024,37,Which of the following committees is incorrectly matched with its year of establishment?,,spot_check,,,,,,ba80e989-e6a2-46e2-98da-8da5966e16bf,General Awareness,60744a81-c455-493e-9ab8-182c50e646b7,skipped,no decision
question,55094ce0-40a8-4990-9eaf-03ffc2186a32,2024,38,Stock exchanges can now be recognized as Research Analyst Administration and Supervisory Body (RAASB) and Investment Adviser Administration ,,,verified,,,medium,,ba80e989-e6a2-46e2-98da-8da5966e16bf,General Awareness,b40455eb-5470-4a6a-a540-db75843698ba,difficulty;verified,
question,cbf8c8e6-eb92-4b50-bcb5-17d4206cf7b6,2024,39,SEBI (Securities and Exchange Board of India) recently proposed tax benefits for companies investing in zero coupons and zero principal bond,suspicious_repeat_char,flagged,verified,,,medium,,ba80e989-e6a2-46e2-98da-8da5966e16bf,General Awareness,069fdcf6-30e5-4be7-9ef2-6ae4f9631ca6,difficulty;verified,
question,7fb6efd1-134f-4c24-8dc9-ca288daeb7b2,2024,40,Which of the following is not an instrument of monetary policy?,,,verified,,,easy,,ba80e989-e6a2-46e2-98da-8da5966e16bf,General Awareness,a5f18325-af4e-4040-95ca-5007d0ed75ab,difficulty;verified,
question,798d40be-1be7-4acf-8f24-875065255b8c,2024,41,The Insurance Regulatory and Development Authority of India (IRDAI) recently imposed a penalty of Rs.2 crore on which of the following Non-B,no_primary_tag,flagged,verified,,15e5b403-5be3-49c4-a4c5-8c3805cc2694,medium,,ba80e989-e6a2-46e2-98da-8da5966e16bf,General Awareness,,difficulty;tagged;verified,
question,639680ba-7e80-4f08-a577-ecd031b9f062,2024,42,The Banking Ombudsman and the Ombudsman Scheme for Digital Transactions play crucial roles in addressing customer grievances in the financia,,,,,,,,ba80e989-e6a2-46e2-98da-8da5966e16bf,General Awareness,60744a81-c455-493e-9ab8-182c50e646b7,skipped,no decision
question,4f04deeb-e43b-4ab1-aa7a-b598d75d3e61,2024,43,RBI announced its much awaited 3rd global hackathon- ‘HaRBInger 2024- Innovation for Transformation’. The announcement was made by RBI Gover,non_ascii_suspect;no_primary_tag,flagged,verified,,1d690f05-756d-4389-b40d-5bca2d050fdd,easy,,ba80e989-e6a2-46e2-98da-8da5966e16bf,General Awareness,,difficulty;tagged;verified,
question,1af91cef-9299-4846-8359-82d9dc8c63d2,2024,44,The Certificate of Registration granted to Brickwork Ratings India as a Credit Rating Agency (CRA) was cancelled by market regulator SEBI in,suspicious_repeat_char,flagged,verified,,,medium,,ba80e989-e6a2-46e2-98da-8da5966e16bf,General Awareness,bd20e212-5d6f-44c3-bddf-daede6e0516f,difficulty;verified,
question,0cb19ff4-2eaf-4191-b2a9-ad0ce688bd37,2024,45,Which of the following statements is not a feature of floating rate savings bonds? 1) The interest rate adjusts periodically based on a benc,,,verified,,,medium,,ba80e989-e6a2-46e2-98da-8da5966e16bf,General Awareness,1cefdf19-0cb1-4bad-a0f3-d5cde6ee8c46,difficulty;verified,
question,b61bbbac-da6c-4286-a75f-5a618ca7fd9d,2024,46,SEBI allowed Foreign Portfolio Investors (FPIs) established in GIFT City to accept unlimited investments from Non- Resident Indians (NRIs) a,non_ascii_suspect;suspicious_repeat_char,flagged,verified,primary tag replaced by operator SQL after this run,,medium,,ba80e989-e6a2-46e2-98da-8da5966e16bf,General Awareness,1959fdbb-aa4d-4d2b-ad00-2ba2ba1da295,difficulty;verified,
question,4a6c88b5-3ae7-4594-84b6-690a3aa7dfb7,2024,47,"In response to the persistent challenge of high Non- Performing Assets (NPAs), the government has launched a series of impactful initiatives",,,verified,,,medium,,ba80e989-e6a2-46e2-98da-8da5966e16bf,General Awareness,d189707d-212b-4d57-a1b7-5a240aeb97cb,difficulty;verified,
question,043697de-6bf4-4c94-b702-b6da06187ec2,2024,48,"The Sovereign Gold Bond Scheme, launched by the Government of India, allows individuals to invest in gold in a secure and non-physical forma",,,verified,primary tag replaced by operator SQL after this run,,medium,,ba80e989-e6a2-46e2-98da-8da5966e16bf,General Awareness,1cefdf19-0cb1-4bad-a0f3-d5cde6ee8c46,difficulty;verified,
question,08524ce8-d0a8-47a9-92c0-7f4655ae1e74,2024,49,"Mark Rutte, a prominent political figure known for his leadership and influence, has recently been appointed to assume the role of Secretary",,,verified,,,easy,,ba80e989-e6a2-46e2-98da-8da5966e16bf,General Awareness,75f89786-112e-4d19-ace5-a941f8fe577b,difficulty;verified,
question,0b8b22ff-925a-4d0f-9519-e7897fad65a4,2024,50,"The United Nations Framework Convention on Climate Change (UNFCCC) is essential for global climate negotiations, with leadership roles rotat",no_primary_tag,flagged,verified,,748e1177-b18b-4e5a-9698-9aa51b57a50b,medium,,ba80e989-e6a2-46e2-98da-8da5966e16bf,General Awareness,,difficulty;tagged;verified,
question,502ce244-eebd-45d6-873c-07b8e0daec11,2024,51,"The field of Generative Artificial Intelligence (Gen AI) has seen significant advancements and innovations, leading to an increase in patent",no_primary_tag,flagged,verified,,9dd02f97-b76e-4e51-95fe-cd68265df28c,easy,,ba80e989-e6a2-46e2-98da-8da5966e16bf,General Awareness,,difficulty;tagged;verified,
question,9bcb0ef0-a3f5-4943-b99f-0df2c20550d0,2024,52,"Carlos Alcaraz, a rising star in the world of tennis, has made headlines with his impressive performances in various Grand Slam tournaments.",no_primary_tag,flagged,verified,,8e5aa145-440d-4db7-a3f4-9ee6e4aed196,easy,,ba80e989-e6a2-46e2-98da-8da5966e16bf,General Awareness,,difficulty;tagged;verified,
question,e9341b3c-8605-4df3-9bbc-a4ddc0d5528e,2024,53,"Abhinav Bindra is a celebrated Indian shooter who made history by winning a gold medal in the Olympic Games, marking a significant achieveme",non_ascii_suspect,flagged,verified,,,easy,,ba80e989-e6a2-46e2-98da-8da5966e16bf,General Awareness,8e5aa145-440d-4db7-a3f4-9ee6e4aed196,difficulty;verified,
question,75db4cef-c2c5-4107-abe7-abc2c9b2058f,2024,54,The Environmental Performance Index (EPI) is an important metric that evaluates countries based on their environmental health and sustainabi,non_ascii_suspect;no_primary_tag,flagged,verified,,c862456b-d22b-45b5-9150-d9d1f21eb0c6,easy,,ba80e989-e6a2-46e2-98da-8da5966e16bf,General Awareness,,difficulty;tagged;verified,
question,10af97a2-2afc-49f3-9394-df831d4706cc,2024,55,"The Athletics Federation of India (AFI) plays a crucial role in promoting and developing athletics in the country, supporting athletes at va",no_primary_tag,flagged,verified,,8e5aa145-440d-4db7-a3f4-9ee6e4aed196,easy,,ba80e989-e6a2-46e2-98da-8da5966e16bf,General Awareness,,difficulty;tagged;verified,
question,ebbc4dd1-e619-499d-aa50-57e603aaf3ff,2024,56,India’s role in the G20 has become increasingly significant as the country engages with other major economies to address global challenges s,non_ascii_suspect;no_primary_tag,flagged,verified,,32f78939-6d1f-462f-947d-297acdf453f6,easy,,ba80e989-e6a2-46e2-98da-8da5966e16bf,General Awareness,,difficulty;tagged;verified,
question,b072a614-e11b-43ef-a926-102f8e4f61bb,2024,57,"The Global Peace Index (GPI) is an important measure that ranks countries and regions based on their levels of peace, considering factors su",no_primary_tag,flagged,verified,,c862456b-d22b-45b5-9150-d9d1f21eb0c6,easy,,ba80e989-e6a2-46e2-98da-8da5966e16bf,General Awareness,,difficulty;tagged;verified,
question,fc5a9390-640e-44c7-9656-3c93bdf37c62,2024,58,India has taken a significant step in international environmental governance by approving the signing of the Biodiversity Beyond National Ju,,,verified,,,medium,,ba80e989-e6a2-46e2-98da-8da5966e16bf,General Awareness,748e1177-b18b-4e5a-9698-9aa51b57a50b,difficulty;verified,
question,5ea75317-93e0-45f6-b713-e15661a4ea83,2024,59,"Lithium has emerged as a critical resource in the modern world, especially due to its essential role in the production of batteries for elec",,,verified,,,easy,,ba80e989-e6a2-46e2-98da-8da5966e16bf,General Awareness,09e4b8c2-3e2b-4633-8ec1-a58bc6867e0b,difficulty;verified,
question,5b44f24f-1c7b-4a42-b822-3393a48b648e,2024,60,The International Mathematics Olympiad (IMO) is a prestigious annual event that brings together the brightest young mathematicians from arou,no_primary_tag,flagged,verified,,b2983344-9a73-4205-bc92-76949ad7d588,easy,,ba80e989-e6a2-46e2-98da-8da5966e16bf,General Awareness,,difficulty;tagged;verified,
question,53f4f623-2ab7-46e8-9dfb-efb45ce9d735,2024,61,"In the rapidly evolving insurance sector, companies are increasingly leveraging technology to enhance their offerings and improve customer e",non_ascii_suspect;no_primary_tag,flagged,verified,,1d690f05-756d-4389-b40d-5bca2d050fdd,medium,,ba80e989-e6a2-46e2-98da-8da5966e16bf,General Awareness,,difficulty;tagged;verified,
question,ce005ad8-65c4-4c19-984b-3d3ef073fd23,2024,62,"The Aditya L1 spacecraft, launched by the Indian Space Research Organisation (ISRO), is India’s first dedicated mission to study the Sun. Th",non_ascii_suspect;no_primary_tag,flagged,verified,,93940073-ade8-459c-91cf-c7384d4b5cd9,easy,,ba80e989-e6a2-46e2-98da-8da5966e16bf,General Awareness,,difficulty;tagged;verified,
question,476a1b17-5848-47ba-9a60-c7015b1a2ef6,2024,63,"In recent developments, several Members of the Legislative Assembly (MLAs) from Jharkhand and Odisha faced disqualification under the Anti-D",,spot_check,verified,,,medium,,ba80e989-e6a2-46e2-98da-8da5966e16bf,General Awareness,c542e271-f9eb-4304-a2fb-6ca4471c6cc1,difficulty;verified,
question,8c723e8f-6790-411a-8249-8b60a512b3ce,2024,64,The Public Examinations (Prevention of Unfair Means) Act is a legislative measure aimed at maintaining the integrity of public examinations ,,,verified,,,easy,,ba80e989-e6a2-46e2-98da-8da5966e16bf,General Awareness,85494d30-76ae-44b5-a20d-e7689645f374,difficulty;verified,
question,0b0c9568-a2f0-4dd5-a57f-42866eeb2434,2024,65,"The Houthis group has been in the news recently due to their involvement in regional conflicts and their attacks on various targets, includi",non_ascii_suspect,flagged,verified,,,easy,,ba80e989-e6a2-46e2-98da-8da5966e16bf,General Awareness,23c0eda6-6163-457d-92b3-1fb9b06f4745,difficulty;verified,
question,2735f8fd-d4a7-4666-b67d-02cb8992a0d9,2024,66,"In the dynamic landscape of entrepreneurship, certain startups show promising potential for rapid growth and market success, leading them to",,,verified,,,easy,,ba80e989-e6a2-46e2-98da-8da5966e16bf,General Awareness,0adcb286-28d5-4094-bb12-80f2f9e99468,difficulty;verified,
question,6e1a77de-bc75-4417-88c8-c6435759514a,2024,67,"The Parliament of the United Kingdom is a crucial institution in the country’s governance, responsible for making and passing laws. It opera",non_ascii_suspect,flagged,verified,,,easy,,ba80e989-e6a2-46e2-98da-8da5966e16bf,General Awareness,b7d5ee3a-d1b6-475b-a7fc-7e8c8441792b,difficulty;verified,
question,2f3f55fb-f6e3-4a9d-a0bf-ee2749f1dc66,2024,68,The Chief Information Commissioner plays a vital role in promoting transparency and accountability within the Indian government by overseein,,,verified,,,easy,,ba80e989-e6a2-46e2-98da-8da5966e16bf,General Awareness,1645100c-e158-44af-aebb-a4153dcbd931,difficulty;verified,
question,4cc1af65-893b-4548-ae4c-af73d2077672,2024,69,The Randstad Employer Brand Research is a comprehensive study that evaluates employer branding and attractiveness in various industries. Thi,no_primary_tag,flagged,verified,,0adcb286-28d5-4094-bb12-80f2f9e99468,medium,,ba80e989-e6a2-46e2-98da-8da5966e16bf,General Awareness,,difficulty;tagged;verified,
question,1633fb70-e013-4f85-8c9f-ad306f6e63d0,2024,70,"The Fast-Moving Consumer Goods (FMCG) sector is a vital part of the global economy, encompassing a wide range of products that are sold quic",no_primary_tag,flagged,verified,,af53b54e-1844-450a-b3e2-e16020be4533,medium,,ba80e989-e6a2-46e2-98da-8da5966e16bf,General Awareness,,difficulty;tagged;verified,
question,ba2458c3-0fa8-4521-bac7-fbd4c2507133,2024,71,The Paris Olympics have garnered significant attention as countries around the world prepare to showcase their athletes in various sports. I,non_ascii_suspect;no_primary_tag,flagged,verified,,8e5aa145-440d-4db7-a3f4-9ee6e4aed196,easy,,ba80e989-e6a2-46e2-98da-8da5966e16bf,General Awareness,,difficulty;tagged;verified,
question,c156f5f1-1850-4f96-b60b-1ec4a8f82850,2024,72,The International Council on Monuments and Sites (ICOMOS) plays a vital role in promoting the conservation and protection of cultural herita,no_primary_tag,flagged,verified,,a966cebe-c5d9-4989-ad3f-1ebd16c23f89,medium,,ba80e989-e6a2-46e2-98da-8da5966e16bf,General Awareness,,difficulty;tagged;verified,
question,d699bb86-2cf3-4195-8a66-7b4d2c5faec9,2024,73,"In the realm of astronomy, the naming of celestial features is governed by established protocols to ensure consistency and recognition acros",non_ascii_suspect,flagged,verified,,,medium,,ba80e989-e6a2-46e2-98da-8da5966e16bf,General Awareness,4fb4c478-d456-4d9d-ad58-08af61c9025d,difficulty;verified,
question,be6b9e3c-7dbe-4638-b76c-f66406815e0f,2024,74,"In the world of sports literature, numerous athletes share their experiences and insights through books that inspire both fans and aspiring ",non_ascii_suspect,flagged,verified,,,easy,,ba80e989-e6a2-46e2-98da-8da5966e16bf,General Awareness,4db77fe0-323e-4f1f-88c3-f35a6c823427,difficulty;verified,
question,c2377279-c3a4-4bce-9fac-ad9fe5bce7e8,2024,75,"In a significant development within the banking sector, the Reserve Bank of India (RBI) has approved a merger that will reshape the landscap",no_primary_tag,flagged,verified,,65c6b4bb-b6fc-4351-a9ea-e09a179d12da,medium,,ba80e989-e6a2-46e2-98da-8da5966e16bf,General Awareness,,difficulty;tagged;verified,
question,b4e1528c-a68c-452c-8e6c-80260a6f03e9,2024,76,The G7 Leaders’ Summit is a significant annual gathering where leaders from seven of the world’s largest advanced economies come together to,non_ascii_suspect;no_primary_tag,flagged,verified,,32f78939-6d1f-462f-947d-297acdf453f6,easy,,ba80e989-e6a2-46e2-98da-8da5966e16bf,General Awareness,,difficulty;tagged;verified,
question,65c278c8-5e09-4b68-80ca-0aa0a5db073a,2024,77,The Reserve Bank of India (RBI) has recently taken a significant step towards enhancing financial connectivity in the region by signing an a,non_ascii_suspect;no_primary_tag,flagged,verified,,390cb8c4-537c-469c-b3d1-14d9194d8cea,medium,,ba80e989-e6a2-46e2-98da-8da5966e16bf,General Awareness,,difficulty;tagged;verified,
question,a3fb5fe1-9d94-4d21-9416-8b696ba1e82c,2024,78,"In culinary contexts, particularly when discussing the heat of chili peppers, a specific measurement system is used to quantify pungency or ",,,verified,,,easy,,ba80e989-e6a2-46e2-98da-8da5966e16bf,General Awareness,1086ea3f-d400-4ef1-a31a-67b153780627,difficulty;verified,
question,1143acaa-b912-4b79-86a0-2fd5dfabf6db,2024,79,"During the recent budget presentation, the Union Finance Minister emphasized several key focus areas that are crucial for the economic devel",no_primary_tag,flagged,verified,,fa731497-39a6-49f8-b3ff-e0f3bb19cb96,medium,,ba80e989-e6a2-46e2-98da-8da5966e16bf,General Awareness,,difficulty;tagged;verified,
question,7141e43d-e2ad-481a-aba5-d0c402af0930,2024,80,"In the field of artificial intelligence, accuracy and reliability of information are critical for effective communication and decision-makin",,,verified,,,medium,,ba80e989-e6a2-46e2-98da-8da5966e16bf,General Awareness,9dd02f97-b76e-4e51-95fe-cd68265df28c,difficulty;verified,
question,11d2bb4e-2b7d-4709-8b3c-4af3fa742384,2024,81,Read the following passage carefully and answer the questions that follow. The United States and Malaysia have long-standing trade rela- tio,non_ascii_suspect;suspicious_repeat_char,flagged,,,,,,ba80e989-e6a2-46e2-98da-8da5966e16bf,English Language,342ec4bb-5625-4398-9b44-2963d65062a4,skipped,no decision
question,0e2b483f-5318-4cd1-9b7e-7e2c2c91f0f7,2024,82,Read the following passage carefully and answer the questions that follow. The United States and Malaysia have long-standing trade rela- tio,non_ascii_suspect;suspicious_repeat_char,flagged,,,,,,ba80e989-e6a2-46e2-98da-8da5966e16bf,English Language,342ec4bb-5625-4398-9b44-2963d65062a4,skipped,no decision
question,e022162f-3f24-442b-b2df-b8ced130cdfb,2024,83,Read the following passage carefully and answer the questions that follow. The United States and Malaysia have long-standing trade rela- tio,non_ascii_suspect;suspicious_repeat_char,flagged,,,,,,ba80e989-e6a2-46e2-98da-8da5966e16bf,English Language,342ec4bb-5625-4398-9b44-2963d65062a4,skipped,no decision
question,7ff64273-1aaf-44ef-ab33-65687d240cbe,2024,84,Read the following passage carefully and answer the questions that follow. The United States and Malaysia have long-standing trade rela- tio,non_ascii_suspect;suspicious_repeat_char,flagged,,,,,,ba80e989-e6a2-46e2-98da-8da5966e16bf,English Language,342ec4bb-5625-4398-9b44-2963d65062a4,skipped,no decision
question,1f2eedc8-c1df-47d7-afe3-77506aa97fcc,2024,85,Read the following passage carefully and answer the questions that follow. The United States and Malaysia have long-standing trade rela- tio,non_ascii_suspect;suspicious_repeat_char,flagged,,,,,,ba80e989-e6a2-46e2-98da-8da5966e16bf,English Language,342ec4bb-5625-4398-9b44-2963d65062a4,skipped,no decision
question,9f0b7b85-afd4-428d-b7bc-fd5c0b2030d3,2024,86,Read the following passage carefully and answer the questions that follow. The United States and Malaysia have long-standing trade rela- tio,non_ascii_suspect;suspicious_repeat_char,flagged,,,,,,ba80e989-e6a2-46e2-98da-8da5966e16bf,English Language,342ec4bb-5625-4398-9b44-2963d65062a4,skipped,no decision
question,b110899c-521f-487a-bc30-99708cf7a7d5,2024,87,Read the following passage carefully and answer the questions that follow. The United States and Malaysia have long-standing trade rela- tio,non_ascii_suspect;suspicious_repeat_char,flagged,,,,,,ba80e989-e6a2-46e2-98da-8da5966e16bf,English Language,342ec4bb-5625-4398-9b44-2963d65062a4,skipped,no decision
question,147abf99-1d23-4244-a127-10d747f36463,2024,88,Read the following passage carefully and answer the questions that follow. The United States and Malaysia have long-standing trade rela- tio,non_ascii_suspect;suspicious_repeat_char,flagged,,,,,,ba80e989-e6a2-46e2-98da-8da5966e16bf,English Language,4b44f9f1-8d13-4977-be4b-aa5108b10ead,skipped,no decision
question,7e7787bf-9c64-4e2f-9759-0d57cf6b957b,2024,89,"In the following question, three sentences are provided, each of which may or may not be correct grammatically or contextually. Choose the o",,,,,,,,ba80e989-e6a2-46e2-98da-8da5966e16bf,English Language,9cc0f630-ab4f-4a0a-b5b2-9212f18af346,skipped,no decision
question,7cfdeb38-9175-45d2-a296-ac278014edbd,2024,90,"In the following question, three sentences are provided, each of which may or may not be correct grammatically or contextually. Choose the o",non_ascii_suspect,flagged,,,,,,ba80e989-e6a2-46e2-98da-8da5966e16bf,English Language,9cc0f630-ab4f-4a0a-b5b2-9212f18af346,skipped,no decision
question,26cf7b6a-d990-4290-a8a6-5212dd31dd7f,2024,91,Below are five mixed-up sentences related to the topic of social health. Four of these sentences can be arranged to create a coherent paragr,,,,,,,,ba80e989-e6a2-46e2-98da-8da5966e16bf,English Language,0e4fdd22-0bfe-ee0a-c0bc-d74b9518afeb,skipped,no decision
question,fa532d4e-c81c-4759-b852-94999bb76c64,2024,92,"The idiom/phrase is given below in bold. Following this idiom/phrase are three sentences, which use the given idiom/ phrase. The idiom/phras",,,,,,,,ba80e989-e6a2-46e2-98da-8da5966e16bf,English Language,f4ab61e2-cadf-4686-a1c5-50554463f230,skipped,no decision
question,95ef68b4-276a-452c-ab6a-15bb0482dd5d,2024,93,"The idiom/phrase is given below in bold. Following this idiom/phrase are three sentences, which use the given idiom/ phrase. The idiom/phras",non_ascii_suspect,flagged,,,,,,ba80e989-e6a2-46e2-98da-8da5966e16bf,English Language,f4ab61e2-cadf-4686-a1c5-50554463f230,skipped,no decision
question,b8f01e14-ea31-4902-b18f-876359b7ae75,2024,94,"The idiom/phrase is given below in bold. Following this idiom/phrase are three sentences, which use the given idiom/ phrase. The idiom/phras",non_ascii_suspect,flagged,,,,,,ba80e989-e6a2-46e2-98da-8da5966e16bf,English Language,f4ab61e2-cadf-4686-a1c5-50554463f230,skipped,no decision
question,fb7fa071-14ec-4930-9d9d-a846f0c18985,2024,95,"The question includes five statements labelled A, B, C, D, and E, which, when arranged in a logical sequence, create a coherent passage. Sel",non_ascii_suspect,flagged,,,,,,ba80e989-e6a2-46e2-98da-8da5966e16bf,English Language,b2b889f0-5310-23a4-a50c-daa504f0afe7,skipped,no decision
question,e34fd882-770f-48b7-b82e-5e8ec7541fb7,2024,96,"The question includes five statements labelled A, B, C, D, and E, which, when arranged in a logical sequence, create a coherent passage. Sel",non_ascii_suspect,flagged,,,,,,ba80e989-e6a2-46e2-98da-8da5966e16bf,English Language,b2b889f0-5310-23a4-a50c-daa504f0afe7,skipped,no decision
question,801fe2f2-5b8b-4302-84b0-67337dbd7ec1,2024,97,"The question includes five statements labelled A, B, C, D, and E, which, when arranged in a logical sequence, create a coherent passage. Sel",non_ascii_suspect,flagged,,,,,,ba80e989-e6a2-46e2-98da-8da5966e16bf,English Language,b2b889f0-5310-23a4-a50c-daa504f0afe7,skipped,no decision
question,df732dd2-9004-4cf5-9564-56ef550a32e8,2024,98,"In the following question, two sentences are given with one blank each. Choose the option that provides the correct word that fits in both t",suspicious_repeat_char,flagged,,,,,,ba80e989-e6a2-46e2-98da-8da5966e16bf,English Language,53bf9a36-47c0-4473-b677-29a66d1a7bdb,skipped,no decision
question,bbdf93eb-5496-4f5e-bf3e-1edd996041d9,2024,99,"In the following question, two sentences are given with one blank each. Choose the option that provides the correct word that fits in both t",non_ascii_suspect;suspicious_repeat_char,flagged,,,,,,ba80e989-e6a2-46e2-98da-8da5966e16bf,English Language,53bf9a36-47c0-4473-b677-29a66d1a7bdb,skipped,no decision
question,611b5a1c-39bd-4acc-9e12-b17b06cb9c53,2024,100,"In the following question, two sentences are given with one blank each. Choose the option that provides the correct word that fits in both t",suspicious_repeat_char,flagged,,,,,,ba80e989-e6a2-46e2-98da-8da5966e16bf,English Language,53bf9a36-47c0-4473-b677-29a66d1a7bdb,skipped,no decision
question,1ddec204-5695-48db-ad75-f7bcec84e13f,2024,101,"In the following question, two sentences are given with one blank each. Choose the option that provides the correct word that fits in both t",suspicious_repeat_char,flagged,,,,,,ba80e989-e6a2-46e2-98da-8da5966e16bf,English Language,53bf9a36-47c0-4473-b677-29a66d1a7bdb,skipped,no decision
question,bfc5d3e6-ff04-4955-8ca2-21dc9757b927,2024,102,"In the given question, a sentence with four words marked as (A), (B), (C), and (D) is provided. These words may be incorrectly positioned. Y",non_ascii_suspect,flagged,,,,,,ba80e989-e6a2-46e2-98da-8da5966e16bf,English Language,c18d927f-2eab-49db-b302-a017cf1f2193,skipped,no decision
question,3e5b8d34-0d89-4c36-8db3-c8d93dfc093a,2024,103,"In the given question, a sentence with four words marked as (A), (B), (C), and (D) is provided. These words may be incorrectly positioned. Y",non_ascii_suspect,flagged,,,,,,ba80e989-e6a2-46e2-98da-8da5966e16bf,English Language,c18d927f-2eab-49db-b302-a017cf1f2193,skipped,no decision
question,6698e483-dbd5-4677-a844-123e13cb4177,2024,104,"In the given question, a sentence with four words marked as (A), (B), (C), and (D) is provided. These words may be incorrectly positioned. Y",non_ascii_suspect,flagged,,,,,,ba80e989-e6a2-46e2-98da-8da5966e16bf,English Language,c18d927f-2eab-49db-b302-a017cf1f2193,skipped,no decision
question,19560f5f-a8a9-477c-aab7-8131dc2dca55,2024,105,"Choose the phrase or connector (between I and II) from the three options provided, which can be used to combine the two given sentences into",,,,,,,,ba80e989-e6a2-46e2-98da-8da5966e16bf,English Language,fd797be4-4857-4885-a456-52d9ce38df94,skipped,no decision
question,d2284b2f-2341-4a28-a741-62701aa53e08,2024,106,"Choose the phrase or connector (between I and II) from the three options provided, which can be used to combine the two given sentences into",,spot_check,,,,,,ba80e989-e6a2-46e2-98da-8da5966e16bf,English Language,fd797be4-4857-4885-a456-52d9ce38df94,skipped,no decision
question,c928fa13-43e2-46b1-a706-4201a2eda361,2024,107,"In the question below, five sentences are provided, with one sentence omitted and replaced by a blank. These sentences are jumbled randomly.",suspicious_repeat_char,flagged,,,,,,ba80e989-e6a2-46e2-98da-8da5966e16bf,English Language,0e4fdd22-0bfe-ee0a-c0bc-d74b9518afeb,skipped,no decision
question,eb5d1c2a-84f8-4fbd-baa0-bb649e39755e,2024,108,"In the question below, five sentences are provided, with one sentence omitted and replaced by a blank. These sentences are jumbled randomly.",suspicious_repeat_char,flagged,,,,,,ba80e989-e6a2-46e2-98da-8da5966e16bf,English Language,b2b889f0-5310-23a4-a50c-daa504f0afe7,skipped,no decision
question,e4809f00-4573-4637-9d03-21fa1d48b8bc,2024,109,"In the following question, three sentences are provided, each of which may or may not be correct grammatically or contextually. Choose the o",non_ascii_suspect,flagged,,,,,,ba80e989-e6a2-46e2-98da-8da5966e16bf,English Language,9cc0f630-ab4f-4a0a-b5b2-9212f18af346,skipped,no decision
question,7629b148-dd75-4aed-8d2d-0353a28d4d68,2024,110,"In the following question, three sentences are provided, each of which may or may not be correct grammatically or contextually. Choose the o",non_ascii_suspect,flagged,,,,,,ba80e989-e6a2-46e2-98da-8da5966e16bf,English Language,9cc0f630-ab4f-4a0a-b5b2-9212f18af346,skipped,no decision
question,34acf322-a2df-4351-a213-7e4819d2735b,2024,111,"Find the wrong term of the below series: 100, 240, 480, 1344, 4300.8, 15482.88, 61931.52",,,,,,,,ba80e989-e6a2-46e2-98da-8da5966e16bf,Quantitative Aptitude,7571611f-335f-419f-bb07-46408833d294,skipped,no decision
question,e1b64ed2-7d3c-40f3-80ba-b6fbf48ccc62,2024,112,"Find the wrong term of the below series: 2, 338, 548, 668, 728, 751, 758",,,,,,,,ba80e989-e6a2-46e2-98da-8da5966e16bf,Quantitative Aptitude,7571611f-335f-419f-bb07-46408833d294,skipped,no decision
question,c3ce8086-088b-4a00-917f-b47730687ca1,2024,113,"Find the wrong term of the below series: 8, 111, 231, 376, 546, 743, 969",,,,,,,,ba80e989-e6a2-46e2-98da-8da5966e16bf,Quantitative Aptitude,7571611f-335f-419f-bb07-46408833d294,skipped,no decision
question,136a515e-a171-4d1d-807c-45b6ca4cdc71,2024,114,Consider the below statement and the two quantities given below it. You need to compare both quantities and mark the correct answer accordin,non_ascii_suspect,flagged,,,,,,ba80e989-e6a2-46e2-98da-8da5966e16bf,Quantitative Aptitude,14c51cd0-d60f-42bb-a584-89639d2306fa,skipped,no decision
question,8b2b8c97-29d0-462a-a9dc-607fe856ca20,2024,115,Consider the below statement and the two quantities given below it. You need to compare both quantities and mark the correct answer accordin,non_ascii_suspect,flagged,,,,,,ba80e989-e6a2-46e2-98da-8da5966e16bf,Quantitative Aptitude,10d8610d-9dbd-4f47-b301-1ed3c0d2dce6,skipped,no decision
question,7bb90e7f-419f-4f84-9b90-e56cad75508a,2024,116,"A and B entered in a partnership with capitals as Rs P and Rs (P + 5000) respectively. After 4 months, A withdraws 60% of the capital and C ",non_ascii_suspect,flagged,,,,,,ba80e989-e6a2-46e2-98da-8da5966e16bf,Quantitative Aptitude,bb343a30-e26e-474a-9ab7-6ecab8e6931b,skipped,no decision
question,d9c73238-8ee1-4cfb-b1d8-e08d7b460c50,2024,117,Consider the below statement and the two quantities given below it. You need to compare both quantities and mark the correct answer accordin,,,,,,,,ba80e989-e6a2-46e2-98da-8da5966e16bf,Quantitative Aptitude,9ea559c5-2c7b-49b4-8ab0-98938fd471df,skipped,no decision
question,9ed35f35-b14c-4f8f-acff-4ce0b1ed3ded,2024,118,Rashmi had Rs 6X with her. She invested one-third of that amount in two schemes A and B in the ratio 1 : 8. She paid Rs 6000 to her maid and,,,,,,,,ba80e989-e6a2-46e2-98da-8da5966e16bf,Quantitative Aptitude,a5ece133-4cad-4641-8caa-5e593c34e888,skipped,no decision
question,62e1bbc0-3a72-4efb-be6a-947cd5720546,2024,119,There is a right cylindrical vessel with radium R cm and height H cm. 75% of its capacity is filled with water which is equal to 1650 cm³. T,non_ascii_suspect,flagged,,,,,,ba80e989-e6a2-46e2-98da-8da5966e16bf,Quantitative Aptitude,c5d44e15-072a-4557-ad7d-f61221fe61c7,skipped,no decision
question,d63175ab-a8ec-4ed6-866a-fd0b30cca23a,2024,120,There is a car and a bus. The speed of the car is ‘X’ km/h and the speed of the bus is twice of the car. The car is going from A to B and th,non_ascii_suspect,flagged,,,,,,ba80e989-e6a2-46e2-98da-8da5966e16bf,Quantitative Aptitude,e2fc8cb4-eb3e-41dc-b14d-70ea45e8ad4d,skipped,no decision
question,83f9b80e-0c41-4759-8311-7a092d3efde1,2024,121,Consider the below statement and two quantities given below it. You need to compare both the quantities and mark the correct answer accordin,,,,,,,,ba80e989-e6a2-46e2-98da-8da5966e16bf,Quantitative Aptitude,d1979e85-7942-4fdd-a5fa-b1d2e29f5977,skipped,no decision
question,ec97d64c-007d-4211-8cfc-f79e4c0e351a,2024,122,"Rs 60,000 is distributed among P, Q, R, S and T. Amount received by R is equal to amount received by S and T together. Amount received by P ",non_ascii_suspect,flagged,,,,,,ba80e989-e6a2-46e2-98da-8da5966e16bf,Quantitative Aptitude,c2079ba4-41e3-4db0-908b-a6fd4a550cab,skipped,no decision
question,b4c5944f-7cbe-4e13-9d40-050240a11b06,2024,123,"Study the given information carefully and answer the question. The present ages of Riya, Kavita, Meera, Pooja, and Swati are 24 years, 32 ye",,,,,,,,ba80e989-e6a2-46e2-98da-8da5966e16bf,Quantitative Aptitude,cd574056-f811-4f7b-8fdd-a4e37d0c9772,skipped,no decision
question,53524e07-a458-4bd9-b187-11e23361c5dd,2024,124,"In the question, three statements numbered I, II and III are given. You have to decide whether the data provided in the statements are suffi",suspicious_repeat_char,flagged,,,,,,ba80e989-e6a2-46e2-98da-8da5966e16bf,Quantitative Aptitude,f0e0d76d-38ed-4b29-85db-ae678611b715,skipped,no decision
question,533e3e05-9e08-4aad-97dd-bbbc238be7f4,2024,125,Shopkeeper ‘A’ calculates his profit on the cost price whereas shopkeeper ‘B’ on the selling price. Shopkeeper ‘A’ claims a profit of 25% an,non_ascii_suspect,flagged,,,,,,ba80e989-e6a2-46e2-98da-8da5966e16bf,Quantitative Aptitude,716450be-826f-428c-a51e-57101be2e9f9,skipped,no decision
question,7d4bfa35-72d7-4e0a-a023-503048d7fb0e,2024,131,"Study the following information carefully and answer the questions given beside: There are four studios P, Q, R and S of a renowned news cha",non_ascii_suspect,flagged,,,,,,ba80e989-e6a2-46e2-98da-8da5966e16bf,Quantitative Aptitude,2fd766ca-2573-4fee-99c2-fa88df93628f,skipped,no decision
question,2bef7b3c-2179-4d49-ab10-f0172d8900a1,2024,132,"Study the following information carefully and answer the questions given beside: There are four studios P, Q, R and S of a renowned news cha",non_ascii_suspect;duplicate_option_text,flagged,,,,,,ba80e989-e6a2-46e2-98da-8da5966e16bf,Quantitative Aptitude,2fd766ca-2573-4fee-99c2-fa88df93628f,skipped,no decision
question,a8d90ceb-9fdb-4b54-bf18-6d819dec2cfd,2024,133,"Study the following information carefully and answer the questions given beside: There are four studios P, Q, R and S of a renowned news cha",non_ascii_suspect,flagged,,,,,,ba80e989-e6a2-46e2-98da-8da5966e16bf,Quantitative Aptitude,2fd766ca-2573-4fee-99c2-fa88df93628f,skipped,no decision
question,ffc0de0b-e1b0-4992-8699-2fcad9ee0601,2024,134,"Study the following information carefully and answer the questions given beside: There are four studios P, Q, R and S of a renowned news cha",non_ascii_suspect,flagged,,,,,,ba80e989-e6a2-46e2-98da-8da5966e16bf,Quantitative Aptitude,2fd766ca-2573-4fee-99c2-fa88df93628f,skipped,no decision
question,a81c1d87-42b5-4834-bb3b-08a817888c93,2024,135,"Study the following information carefully and answer the questions given beside: There are four studios P, Q, R and S of a renowned news cha",non_ascii_suspect,flagged,,,,,,ba80e989-e6a2-46e2-98da-8da5966e16bf,Quantitative Aptitude,2fd766ca-2573-4fee-99c2-fa88df93628f,skipped,no decision
question,09d6988d-b591-4a48-a741-1abbafaca090,2024,136,Study the following information carefully and answer the questions given beside: A motorboat travelled a total distance of 1500 km in 3 days,,,,,,,,ba80e989-e6a2-46e2-98da-8da5966e16bf,Quantitative Aptitude,05f68c0c-9a50-48b6-b713-7393fdf49bfa,skipped,no decision
question,c5485db9-632b-4bdb-8be9-f737741da022,2024,137,Study the following information carefully and answer the questions given beside: A motorboat travelled a total distance of 1500 km in 3 days,,,,,,,,ba80e989-e6a2-46e2-98da-8da5966e16bf,Quantitative Aptitude,05f68c0c-9a50-48b6-b713-7393fdf49bfa,skipped,no decision
question,907498df-0cae-48fb-9473-f7543dddf711,2024,138,Study the following information carefully and answer the questions given beside: A motorboat travelled a total distance of 1500 km in 3 days,,spot_check,,,,,,ba80e989-e6a2-46e2-98da-8da5966e16bf,Quantitative Aptitude,05f68c0c-9a50-48b6-b713-7393fdf49bfa,skipped,no decision
question,1b373d9c-cdee-4841-ac00-ae40469aeabc,2024,139,Study the following information carefully and answer the questions given beside: A motorboat travelled a total distance of 1500 km in 3 days,,,,,,,,ba80e989-e6a2-46e2-98da-8da5966e16bf,Quantitative Aptitude,05f68c0c-9a50-48b6-b713-7393fdf49bfa,skipped,no decision
question,4f1c740b-c84c-407e-909c-4b11ef4219df,2024,140,Study the following information carefully and answer the questions given beside: A motorboat travelled a total distance of 1500 km in 3 days,duplicate_option_text,flagged,,,,,,ba80e989-e6a2-46e2-98da-8da5966e16bf,Quantitative Aptitude,05f68c0c-9a50-48b6-b713-7393fdf49bfa,skipped,no decision
question,e8a53912-36d6-4daf-94d8-9efb4c0b442b,2024,141,"When a word and number arrangement machine is given an input line of words and numbers, it arranges them following a particular rule. The fo",non_ascii_suspect,flagged,,,,,,ba80e989-e6a2-46e2-98da-8da5966e16bf,Reasoning,4990ee6f-b419-42e9-8ee0-e52d5630d3a4,skipped,no decision
question,d5a767e6-621c-498e-b51c-6aeb7c8ea8e7,2024,142,"When a word and number arrangement machine is given an input line of words and numbers, it arranges them following a particular rule. The fo",non_ascii_suspect,flagged,,,,,,ba80e989-e6a2-46e2-98da-8da5966e16bf,Reasoning,4990ee6f-b419-42e9-8ee0-e52d5630d3a4,skipped,no decision
question,a78dd75a-2d80-4cb0-aabe-c83848ad5297,2024,143,"When a word and number arrangement machine is given an input line of words and numbers, it arranges them following a particular rule. The fo",,,,,,,,ba80e989-e6a2-46e2-98da-8da5966e16bf,Reasoning,4990ee6f-b419-42e9-8ee0-e52d5630d3a4,skipped,no decision
question,b06a8d97-d0f7-41c7-9afd-b92e8bb4a6a4,2024,144,"When a word and number arrangement machine is given an input line of words and numbers, it arranges them following a particular rule. The fo",,,,,,,,ba80e989-e6a2-46e2-98da-8da5966e16bf,Reasoning,4990ee6f-b419-42e9-8ee0-e52d5630d3a4,skipped,no decision
question,10e19314-d078-4943-a0c8-8ecb50528911,2024,145,"When a word and number arrangement machine is given an input line of words and numbers, it arranges them following a particular rule. The fo",,,,,,,,ba80e989-e6a2-46e2-98da-8da5966e16bf,Reasoning,0140aef7-82c3-45de-be0d-e9286820ee7f,skipped,no decision
question,590031cf-f4dd-4c4e-88ff-1a463bf8069e,2024,146,There are 6 boxes stacked on one another. There are only 2 boxes between A and D. C is placed just above B. There are only 3 boxes between C,,,,,,,,ba80e989-e6a2-46e2-98da-8da5966e16bf,Reasoning,93f445b2-4db4-45b1-acc5-b1bb8c21dc17,skipped,no decision
question,70f7b024-5f9d-4f50-8d0a-497460bfea74,2024,147,"Seven people, namely A, B, C, D, E, F and G are arranged in descending order of their weights. Each of the seven persons has a distinct weig",,,,,,,,ba80e989-e6a2-46e2-98da-8da5966e16bf,Reasoning,bf9142fc-f9fd-49e5-85ba-1431680791e5,skipped,no decision
question,cae36b18-da29-4b44-8bfe-71882458d802,2024,148,"Seven people, namely A, B, C, D, E, F and G are arranged in descending order of their weights. Each of the seven persons has a distinct weig",,,,,,,,ba80e989-e6a2-46e2-98da-8da5966e16bf,Reasoning,bf9142fc-f9fd-49e5-85ba-1431680791e5,skipped,no decision
question,fd29298c-3394-4849-a928-458715bdf9db,2024,149,"Seven people, namely A, B, C, D, E, F and G are arranged in descending order of their weights. Each of the seven persons has a distinct weig",,,,,,,,ba80e989-e6a2-46e2-98da-8da5966e16bf,Reasoning,bf9142fc-f9fd-49e5-85ba-1431680791e5,skipped,no decision
question,b87ed5b5-1bde-4cf2-a273-7fa7c50790b1,2024,150,Is W aunt of P in a family of eight members? I) R is father of D’s father-in-law and G is sister-in-law of W’s father. H is married to K and,non_ascii_suspect,flagged,,,,,,ba80e989-e6a2-46e2-98da-8da5966e16bf,Reasoning,652eb8c7-a25a-48c1-b51d-ddf64f8ede1b,skipped,no decision
question,bcd02482-37c2-4126-99c3-90cf0f75b736,2024,151,What does ‘open’ mean in the code language? Statement I: ‘QR ST UA BQ RS’ means ‘new year bank open tax’ and ‘OT CR QR AT OM’ means ‘was tax,non_ascii_suspect,flagged,,,,,,ba80e989-e6a2-46e2-98da-8da5966e16bf,Reasoning,e7dfdb22-8ee7-445d-9f0a-e27ccf215314,skipped,no decision
question,f6f618b3-f554-491f-8fcf-46556fc4d898,2024,152,Eight persons are sitting around a circular table such that seven persons are facing inward and only one person is facing outward. E is sitt,,spot_check,,,,,,ba80e989-e6a2-46e2-98da-8da5966e16bf,Reasoning,b2e396d9-e67b-4242-904e-7424662e7615,skipped,no decision
question,adba3df3-c73a-4650-b5bd-69724dbc8d51,2024,153,"Seven teams MI, RCB, KXIP, RR, KKR, SRH and DC did play matches on different days amongst the 7th, 12th, 17th and 22nd of either May or June",,,,,,,,ba80e989-e6a2-46e2-98da-8da5966e16bf,Reasoning,6e107aa5-c9e0-4888-a7e9-862e98bea935,skipped,no decision
question,83fc1447-8337-4480-ab87-dc9057ed6575,2024,154,"There are 10 poles A, B, C, D, E, F, G, H, I and J. Pole H is in north-east direction with respect to Pole J at a distance of 10m. Pole G is",,,,,,,,ba80e989-e6a2-46e2-98da-8da5966e16bf,Reasoning,55cde475-d4af-4ff7-b347-b51066736cab,skipped,no decision
question,d7095667-37e1-444a-b233-f0b8aba3288c,2024,155,"There are 10 poles A, B, C, D, E, F, G, H, I and J. Pole H is in north-east direction with respect to Pole J at a distance of 10m. Pole G is",,,,,,,,ba80e989-e6a2-46e2-98da-8da5966e16bf,Reasoning,09eef279-390d-4889-a8fb-81c6961bee8a,skipped,no decision
question,d77f99d2-0971-4354-8e56-dcfb8ebd12ca,2024,156,"There are 10 poles A, B, C, D, E, F, G, H, I and J. Pole H is in north-east direction with respect to Pole J at a distance of 10m. Pole G is",,,,,,,,ba80e989-e6a2-46e2-98da-8da5966e16bf,Reasoning,55cde475-d4af-4ff7-b347-b51066736cab,skipped,no decision
question,35bccb52-f4af-4a14-8229-9a49175d8de3,2024,157,"There are 10 poles A, B, C, D, E, F, G, H, I and J. Pole H is in north-east direction with respect to Pole J at a distance of 10m. Pole G is",,,,,,,,ba80e989-e6a2-46e2-98da-8da5966e16bf,Reasoning,0140aef7-82c3-45de-be0d-e9286820ee7f,skipped,no decision
question,ea97d92a-fd11-4141-8d2f-edf7ac03971e,2024,158,"In the question below, two conclusions are given followed by four statements. You have to choose the correct set of statements from which th",,,,,,,,ba80e989-e6a2-46e2-98da-8da5966e16bf,Reasoning,993efa09-2f9d-42be-a0b3-b6c912e0f07c,skipped,no decision
question,a2485194-e4db-443f-a82c-59767b6df156,2024,159,"In the question given below, two conclusions are given followed by four statements. You have to choose the correct set of statements that lo",,,,,,,,ba80e989-e6a2-46e2-98da-8da5966e16bf,Reasoning,993efa09-2f9d-42be-a0b3-b6c912e0f07c,skipped,no decision
question,898f034a-9963-445b-822b-e21f9d10b331,2024,160,"In the question below, three conclusions are given followed by five statements. You have to choose the correct set of statements that logica",,,,,,,,ba80e989-e6a2-46e2-98da-8da5966e16bf,Reasoning,993efa09-2f9d-42be-a0b3-b6c912e0f07c,skipped,no decision
question,dea65d13-143b-4be5-afd7-7d4864360e8f,2024,161,"Seven friends A, B, C, D, E, F & G were born on different years 1983, 1986, 1987, 1991, 1994, 1995 & 1996 (not necessarily in the same order",non_ascii_suspect,flagged,,,,,,ba80e989-e6a2-46e2-98da-8da5966e16bf,Reasoning,c26f0386-26ac-4035-96d6-3522f658cb19,skipped,no decision
question,957e5aff-9a07-43a2-8145-c388b3adf330,2024,162,"Seven friends A, B, C, D, E, F & G were born on different years 1983, 1986, 1987, 1991, 1994, 1995 & 1996 (not necessarily in the same order",non_ascii_suspect,flagged,,,,,,ba80e989-e6a2-46e2-98da-8da5966e16bf,Reasoning,c26f0386-26ac-4035-96d6-3522f658cb19,skipped,no decision
question,03e85932-6e6d-4cd0-bcdf-f246384405db,2024,163,"Seven friends A, B, C, D, E, F & G were born on different years 1983, 1986, 1987, 1991, 1994, 1995 & 1996 (not necessarily in the same order",non_ascii_suspect,flagged,,,,,,ba80e989-e6a2-46e2-98da-8da5966e16bf,Reasoning,c26f0386-26ac-4035-96d6-3522f658cb19,skipped,no decision
question,7999c950-1800-40a6-bff9-4561c210a23b,2024,164,"Seven friends A, B, C, D, E, F & G were born on different years 1983, 1986, 1987, 1991, 1994, 1995 & 1996 (not necessarily in the same order",non_ascii_suspect,flagged,,,,,,ba80e989-e6a2-46e2-98da-8da5966e16bf,Reasoning,c26f0386-26ac-4035-96d6-3522f658cb19,skipped,no decision
question,aaacf217-28ae-48da-8882-fd2826a505fd,2024,165,"Seven friends A, B, C, D, E, F & G were born on different years 1983, 1986, 1987, 1991, 1994, 1995 & 1996 (not necessarily in the same order",non_ascii_suspect,flagged,,,,,,ba80e989-e6a2-46e2-98da-8da5966e16bf,Reasoning,c26f0386-26ac-4035-96d6-3522f658cb19,skipped,no decision
question,cb4dfec9-d6a0-4f0b-a903-9fa2e846bac1,2024,166,"Study the given information and answer the following questions based on it. Eight persons - Hari, Harish, Harkiran, Hema, Hetal, Himanshu, H",,,,,,,,ba80e989-e6a2-46e2-98da-8da5966e16bf,Reasoning,da8b77aa-4e53-4876-be17-f8f96e1f2913,skipped,no decision
question,3dbae664-1da8-43cf-b090-df947653b95d,2024,167,"Study the given information and answer the following questions based on it. Eight persons - Hari, Harish, Harkiran, Hema, Hetal, Himanshu, H",suspicious_repeat_char,flagged,,,,,,ba80e989-e6a2-46e2-98da-8da5966e16bf,Reasoning,da8b77aa-4e53-4876-be17-f8f96e1f2913,skipped,no decision
question,dbed8b14-feb0-4429-be23-d801f6d86b9a,2024,168,"Study the given information and answer the following questions based on it. Eight persons - Hari, Harish, Harkiran, Hema, Hetal, Himanshu, H",,spot_check,,,,,,ba80e989-e6a2-46e2-98da-8da5966e16bf,Reasoning,da8b77aa-4e53-4876-be17-f8f96e1f2913,skipped,no decision
question,a58e8e28-0750-4b64-ac0e-728f9009e6dc,2024,169,"Study the given information and answer the following questions based on it. Eight persons - Hari, Harish, Harkiran, Hema, Hetal, Himanshu, H",,,,,,,,ba80e989-e6a2-46e2-98da-8da5966e16bf,Reasoning,da8b77aa-4e53-4876-be17-f8f96e1f2913,skipped,no decision
question,7e27a839-d01e-48a5-9987-e7d261937629,2024,170,"Study the given information and answer the following questions based on it. Eight persons - Hari, Harish, Harkiran, Hema, Hetal, Himanshu, H",suspicious_repeat_char,flagged,,,,,,ba80e989-e6a2-46e2-98da-8da5966e16bf,Reasoning,da8b77aa-4e53-4876-be17-f8f96e1f2913,skipped,no decision
question,5c231d50-fd97-42e3-a4d9-813423c00cf7,2024,171,The letters which appear exactly twice in each of the following words is taken and then the vowels and consonants are arranged alternately i,,,,,,,,ba80e989-e6a2-46e2-98da-8da5966e16bf,Reasoning,479587ab-2cef-4046-9da4-c0ca924e8ef6,skipped,no decision
question,9fd4e896-645a-4174-9b91-217b91d8008e,2024,172,"If ‘m’ is the resultant of the first row, what will be the resultant of the second row? 67 20 93 m 88 56",non_ascii_suspect,flagged,,,,,,ba80e989-e6a2-46e2-98da-8da5966e16bf,Reasoning,dad69132-676d-4a7b-be3d-1da364bd36f9,skipped,no decision
question,99220d07-541f-404f-9b14-9f946c4257a4,2024,173,"If in the word ‘MALNOURISHED’, the letters which are at the odd position from the left end are replaced with immediately previous letters, a",non_ascii_suspect,flagged,,,,,,ba80e989-e6a2-46e2-98da-8da5966e16bf,Reasoning,2ba3fb21-1709-4d8b-9059-bbfee5264d8f,skipped,no decision
question,6949df46-2d59-4129-b89b-2ddbdfdc93ab,2024,174,Study the following information carefully and answer the questions given beside. Eight persons namely A to H are sitting on the square table,,,,,,,,ba80e989-e6a2-46e2-98da-8da5966e16bf,Reasoning,0140aef7-82c3-45de-be0d-e9286820ee7f,skipped,no decision
question,1566be42-ed3e-4bd8-a9b1-e4d9c514b2d8,2024,175,Study the following information carefully and answer the questions given beside. Eight persons namely A to H are sitting on the square table,,,,,,,,ba80e989-e6a2-46e2-98da-8da5966e16bf,Reasoning,fbcc6e0e-45b8-4e93-88ab-38bb435e0ec8,skipped,no decision
question,28777228-30bf-4110-9ee5-280cd7826ba9,2024,176,Study the following information carefully and answer the questions given beside. Eight persons namely A to H are sitting on the square table,,,,,,,,ba80e989-e6a2-46e2-98da-8da5966e16bf,Reasoning,fbcc6e0e-45b8-4e93-88ab-38bb435e0ec8,skipped,no decision
question,2523b1b7-f0cc-4e8a-8293-8b440d99f4ce,2024,177,Study the following information carefully and answer the questions given beside. Eight persons namely A to H are sitting on the square table,,,,,,,,ba80e989-e6a2-46e2-98da-8da5966e16bf,Reasoning,fbcc6e0e-45b8-4e93-88ab-38bb435e0ec8,skipped,no decision
question,cd9213f8-ed6c-453f-9768-1274fec64e59,2024,178,Study the following information carefully and answer the questions given beside. Eight persons namely A to H are sitting on the square table,,,,,,,,ba80e989-e6a2-46e2-98da-8da5966e16bf,Reasoning,fbcc6e0e-45b8-4e93-88ab-38bb435e0ec8,skipped,no decision
question,63a9cd68-5dee-44f0-baa7-52b555368995,2024,179,Read the following information carefully and answer the questions given below it: There are certain number of persons sitting in a row and a,,,,,,,,ba80e989-e6a2-46e2-98da-8da5966e16bf,Reasoning,8f2e1cb0-8b2b-4ffc-a0fb-9cfec07c69c9,skipped,no decision
question,10abc8b7-2760-4426-9c39-536c444ef713,2024,180,Read the following information carefully and answer the questions given below it: There are certain number of persons sitting in a row and a,,,,,,,,ba80e989-e6a2-46e2-98da-8da5966e16bf,Reasoning,8f2e1cb0-8b2b-4ffc-a0fb-9cfec07c69c9,skipped,no decision
question,2d38acfe-6713-4972-9742-ec601347fc5f,2024,181,Read the following information carefully and answer the questions given below it: There are certain number of persons sitting in a row and a,,spot_check,,,,,,ba80e989-e6a2-46e2-98da-8da5966e16bf,Reasoning,8f2e1cb0-8b2b-4ffc-a0fb-9cfec07c69c9,skipped,no decision
question,c02416e2-2788-43cf-a903-d938f1c77238,2024,182,Read the following information carefully and answer the questions given below it: There are certain number of persons sitting in a row and a,,,,,,,,ba80e989-e6a2-46e2-98da-8da5966e16bf,Reasoning,8f2e1cb0-8b2b-4ffc-a0fb-9cfec07c69c9,skipped,no decision
question,1a65ac3d-fec4-4995-805a-736a705b0dbd,2024,183,Read the following information carefully and answer the questions given below it: There are certain number of persons sitting in a row and a,,,,,,,,ba80e989-e6a2-46e2-98da-8da5966e16bf,Reasoning,8f2e1cb0-8b2b-4ffc-a0fb-9cfec07c69c9,skipped,no decision
question,4fa5164f-4522-42bc-80be-d3e416f3a822,2024,184,"Study the following information carefully and answer the below questions. Eight persons namely – A, B, C, D, E, F, G and H lives in eight fl",non_ascii_suspect,flagged,,,,,,ba80e989-e6a2-46e2-98da-8da5966e16bf,Reasoning,c26f0386-26ac-4035-96d6-3522f658cb19,skipped,no decision
question,d6b863ee-8c0b-473e-b922-17ba9fd966af,2024,185,"Study the following information carefully and answer the below questions. Eight persons namely – A, B, C, D, E, F, G and H lives in eight fl",non_ascii_suspect,flagged,,,,,,ba80e989-e6a2-46e2-98da-8da5966e16bf,Reasoning,0140aef7-82c3-45de-be0d-e9286820ee7f,skipped,no decision
question,5b4395c2-5cd9-4be8-952b-cb177d35b3fb,2024,186,"Study the following information carefully and answer the below questions. Eight persons namely – A, B, C, D, E, F, G and H lives in eight fl",non_ascii_suspect,flagged,,,,,,ba80e989-e6a2-46e2-98da-8da5966e16bf,Reasoning,c26f0386-26ac-4035-96d6-3522f658cb19,skipped,no decision
question,a4020e61-42c1-47e0-932c-158f2f488fe1,2024,187,"Study the following information carefully and answer the below questions. Eight persons namely – A, B, C, D, E, F, G and H lives in eight fl",non_ascii_suspect,flagged,,,,,,ba80e989-e6a2-46e2-98da-8da5966e16bf,Reasoning,c26f0386-26ac-4035-96d6-3522f658cb19,skipped,no decision
question,90cfe4e0-311c-4a15-a0f0-f5ef7f9073f6,2024,188,"Study the following information carefully and answer the below questions. Eight persons namely – A, B, C, D, E, F, G and H lives in eight fl",non_ascii_suspect,flagged,,,,,,ba80e989-e6a2-46e2-98da-8da5966e16bf,Reasoning,c26f0386-26ac-4035-96d6-3522f658cb19,skipped,no decision
question,eb76c652-19a9-4791-814f-e77f08f9e230,2024,189,"Based on the information provided, which of the following statements can be inferred? I) The Potum Sensor can detect only one adulterant at ",non_ascii_suspect,flagged,,,,,,ba80e989-e6a2-46e2-98da-8da5966e16bf,Reasoning,75d64ae7-691e-4226-9c46-05d217805e7d,skipped,no decision
question,c8deadd3-54a5-4571-8c89-f272ad3ec9d0,2024,190,"A well-established college is considering organizing weekly talks by industry experts, coupled with quizzes to evaluate student learning. Ar",,,,,,,,ba80e989-e6a2-46e2-98da-8da5966e16bf,Reasoning,71faffff-a24e-49ae-918e-1216b65553d8,skipped,no decision
question,417baa8c-3c2f-46b2-9a56-d2935b49cb46,2024,191,"A report on the DTH (Direct-to-Home) television industry shows that the customer base of Airsay, a well-known DTH service provider, has decr",,,,,,,,ba80e989-e6a2-46e2-98da-8da5966e16bf,Reasoning,fc3e9289-0478-4a6c-a0e8-1f6f3f79f82a,skipped,no decision
question,9cd852ff-4c69-4410-8dfa-16b7d48e4c9c,2024,192,"Company Y has updated its Work From Home (WFH) policy, requiring employees to work from the office for a minimum of 15 days per month. The r",,,,,,,,ba80e989-e6a2-46e2-98da-8da5966e16bf,Reasoning,75d64ae7-691e-4226-9c46-05d217805e7d,skipped,no decision
question,81b6d2ea-123c-4e7f-8807-13557c6c943d,2024,193,"Lithium is a crucial element in the production of rechargeable batteries used in electric vehicles (EVs) and consumer electronics. However, ",non_ascii_suspect,flagged,,,,,,ba80e989-e6a2-46e2-98da-8da5966e16bf,Reasoning,75d64ae7-691e-4226-9c46-05d217805e7d,skipped,no decision
question,aac395b3-f4a1-47af-8608-71c0a288696b,2024,194,"Statement: Excessive amounts of lead in drinking water, associated with certain types of industrial pollution, have been shown to cause lung",,,,,,,,ba80e989-e6a2-46e2-98da-8da5966e16bf,Reasoning,75d64ae7-691e-4226-9c46-05d217805e7d,skipped,no decision
question,601f21d9-f4f8-4e26-a67d-03462f84f32e,2024,195,Study the following information carefully and answer the below question: Statement: Certain banks have introduced a fee of Rs.150 for each c,,,,,,,,ba80e989-e6a2-46e2-98da-8da5966e16bf,Reasoning,71faffff-a24e-49ae-918e-1216b65553d8,skipped,no decision
question,90c63d9e-7060-439c-9ebe-2c2327aea868,2024,196,"In the question given below, a passage is given followed by three statements that may or may not be concluded from the passage. Select the c",non_ascii_suspect,flagged,,,,,,ba80e989-e6a2-46e2-98da-8da5966e16bf,Reasoning,75d64ae7-691e-4226-9c46-05d217805e7d,skipped,no decision
question,65c7e66f-6de8-45e0-a8a2-5d50b3ea6890,2024,197,"In the question given below, a passage is given followed by three statements that may or may not be inferred from the passage. Select the co",non_ascii_suspect,flagged,,,,,,ba80e989-e6a2-46e2-98da-8da5966e16bf,Reasoning,75d64ae7-691e-4226-9c46-05d217805e7d,skipped,no decision
question,c3e7a2c7-e551-48a3-b04f-cdd6edb1d8a1,2024,198,In the question below are given a statement followed by two courses of action numbered I and II. A course of action is a step or administrat,,,,,,,,ba80e989-e6a2-46e2-98da-8da5966e16bf,Reasoning,eccadce1-2c9a-4672-9eef-65ee4bfaeb84,skipped,no decision
question,7c9f846c-6680-4d53-a4e6-2885441011ab,2024,199,Below is given a passage followed by some assumptions: Passage: A diversified brick and mortar company recently hired a web designer and cre,,,,,,,,ba80e989-e6a2-46e2-98da-8da5966e16bf,Reasoning,fc3e9289-0478-4a6c-a0e8-1f6f3f79f82a,skipped,no decision
question,7195c298-61d4-4cc7-b5ce-d9c0c7d55e0c,2024,200,"Two statements are followed by three conclusions I, II and III. You have to consider the statements to be true, even if they seem to be at v",non_ascii_suspect,flagged,,,,,,ba80e989-e6a2-46e2-98da-8da5966e16bf,Reasoning,75d64ae7-691e-4226-9c46-05d217805e7d,skipped,no decision
tag,e8c5b132-d471-4541-b34f-aad7cc6f34cb,2024,0140aef7-82c3-45de-be0d-e9286820ee7f,Odd-one-out within an arrangement,,spot_check,,,,,,ba80e989-e6a2-46e2-98da-8da5966e16bf,Reasoning,,skipped,no decision
tag,b53fdedd-21f5-45df-b132-c59978aae6ad,2024,0140aef7-82c3-45de-be0d-e9286820ee7f,Odd-one-out within an arrangement,,,,,,,,ba80e989-e6a2-46e2-98da-8da5966e16bf,Reasoning,,skipped,no decision
tag,75935e8b-6247-4424-8460-ca94d931d4e6,2024,0140aef7-82c3-45de-be0d-e9286820ee7f,Odd-one-out within an arrangement,,,,,,,,ba80e989-e6a2-46e2-98da-8da5966e16bf,Reasoning,,skipped,no decision
tag,b2aa8256-d9fd-4fc7-9c6a-eef9e28c84d7,2024,0140aef7-82c3-45de-be0d-e9286820ee7f,Odd-one-out within an arrangement,,,,,,,,ba80e989-e6a2-46e2-98da-8da5966e16bf,Reasoning,,skipped,no decision
tag,38fbaab2-7c3b-4116-b286-85e332cb9384,2024,023e18bf-9868-4996-a2c3-24a2382589b0,"Withdrawal, exit and deferment rules",,,verified,,,,,ba80e989-e6a2-46e2-98da-8da5966e16bf,General Awareness,,verified,
tag,2428e0ac-a6e7-437e-8897-58c5269c4e6a,2024,05f68c0c-9a50-48b6-b713-7393fdf49bfa,Set-based data interpretation,,,,,,,,ba80e989-e6a2-46e2-98da-8da5966e16bf,Quantitative Aptitude,,skipped,no decision
tag,8a13195c-16fe-41c8-8f4b-a720aa9163ee,2024,05f68c0c-9a50-48b6-b713-7393fdf49bfa,Set-based data interpretation,,,,,,,,ba80e989-e6a2-46e2-98da-8da5966e16bf,Quantitative Aptitude,,skipped,no decision
tag,32073618-06b8-4b09-b0f4-223a6605eb4d,2024,05f68c0c-9a50-48b6-b713-7393fdf49bfa,Set-based data interpretation,,,,,,,,ba80e989-e6a2-46e2-98da-8da5966e16bf,Quantitative Aptitude,,skipped,no decision
tag,db023e00-924d-4daf-8839-54211eb96e8c,2024,05f68c0c-9a50-48b6-b713-7393fdf49bfa,Set-based data interpretation,,,,,,,,ba80e989-e6a2-46e2-98da-8da5966e16bf,Quantitative Aptitude,,skipped,no decision
tag,4d0f907e-b585-4c0d-8998-d7d7529b4c12,2024,05f68c0c-9a50-48b6-b713-7393fdf49bfa,Set-based data interpretation,,,,,,,,ba80e989-e6a2-46e2-98da-8da5966e16bf,Quantitative Aptitude,,skipped,no decision
tag,8f6d4ed5-490e-408f-90be-4fa1eae39a3b,2024,069fdcf6-30e5-4be7-9ef2-6ae4f9631ca6,Social Stock Exchange and Social Impact Funds,,,verified,,,,,ba80e989-e6a2-46e2-98da-8da5966e16bf,General Awareness,,verified,
tag,de03d9f8-9bd8-4273-a2d5-89bdb87ab740,2024,09e4b8c2-3e2b-4633-8ec1-a58bc6867e0b,Mineral resources and mining sites,,,verified,,,,,ba80e989-e6a2-46e2-98da-8da5966e16bf,General Awareness,,verified,
tag,3973a3c4-6f5b-47fa-a782-cb5ca2a21c0a,2024,09eef279-390d-4889-a8fb-81c6961bee8a,Shortest distance by Pythagoras,,,,,,,,ba80e989-e6a2-46e2-98da-8da5966e16bf,Reasoning,,skipped,no decision
tag,1509fdd8-3e10-4dc9-b3d8-87f06bac0646,2024,0adcb286-28d5-4094-bb12-80f2f9e99468,Business and startup terminology,,,verified,,,,,ba80e989-e6a2-46e2-98da-8da5966e16bf,General Awareness,,verified,
tag,cc26dd75-1b43-4cdb-983e-d5fb1a89dce5,2024,0e4fdd22-0bfe-ee0a-c0bc-d74b9518afeb,Content Relevance,,,,,,,,ba80e989-e6a2-46e2-98da-8da5966e16bf,English Language,,skipped,no decision
tag,a384b1ef-50a9-4e51-85ad-b0fd7d3b1ad4,2024,0e4fdd22-0bfe-ee0a-c0bc-d74b9518afeb,Content Relevance,,,,,,,,ba80e989-e6a2-46e2-98da-8da5966e16bf,English Language,,skipped,no decision
tag,bb610bce-fa88-42cc-8a0e-b1944d11fb61,2024,1086ea3f-d400-4ef1-a31a-67b153780627,Units and scales of measurement,,,verified,,,,,ba80e989-e6a2-46e2-98da-8da5966e16bf,General Awareness,,verified,
tag,3822d3ce-eb4e-4dcf-87b1-4f861d1ebe9a,2024,10d8610d-9dbd-4f47-b301-1ed3c0d2dce6,"Income, expenditure and savings",,,,,,,,ba80e989-e6a2-46e2-98da-8da5966e16bf,Quantitative Aptitude,,skipped,no decision
tag,988d4e03-9379-483e-944f-b8123d52b8f5,2024,14c51cd0-d60f-42bb-a584-89639d2306fa,"LCM, HCF and divisibility",,,,,,,,ba80e989-e6a2-46e2-98da-8da5966e16bf,Quantitative Aptitude,,skipped,no decision
tag,0f897b0e-23e6-4e3d-92c9-8d43e606464e,2024,15e5b403-5be3-49c4-a4c5-8c3805cc2694,"RBI, SEBI, IRDAI, PFRDA — mandate boundaries",,,verified,,,,,ba80e989-e6a2-46e2-98da-8da5966e16bf,General Awareness,,verified,
tag,17fe990d-7e21-4d5f-a641-f15f6bf34f88,2024,15e5b403-5be3-49c4-a4c5-8c3805cc2694,"RBI, SEBI, IRDAI, PFRDA — mandate boundaries",,,verified,,,,,ba80e989-e6a2-46e2-98da-8da5966e16bf,General Awareness,,verified,
tag,1e81258b-015b-48c3-8cb2-42fc38968dd8,2024,1645100c-e158-44af-aebb-a4153dcbd931,Statutory commissions and information oversight,,spot_check,verified,,,,,ba80e989-e6a2-46e2-98da-8da5966e16bf,General Awareness,,verified,
tag,c8f03b31-745e-4ff7-86d9-a3cdca9f9571,2024,1959fdbb-aa4d-4d2b-ad00-2ba2ba1da295,Minimum face value — NCD and NCRPS,,,,,,,,ba80e989-e6a2-46e2-98da-8da5966e16bf,General Awareness,,skipped,no decision
tag,2fa3e446-5c30-4e6c-b026-154258d45447,2024,1cefdf19-0cb1-4bad-a0f3-d5cde6ee8c46,Fixed vs floating rate securities,,,,,,,,ba80e989-e6a2-46e2-98da-8da5966e16bf,General Awareness,,skipped,no decision
tag,e718a835-c235-48f6-92fa-532708674855,2024,1cefdf19-0cb1-4bad-a0f3-d5cde6ee8c46,Fixed vs floating rate securities,,,verified,,,,,ba80e989-e6a2-46e2-98da-8da5966e16bf,General Awareness,,verified,
tag,734134da-feb4-414b-b049-9db6b7028851,2024,23c0eda6-6163-457d-92b3-1fb9b06f4745,World affairs and geopolitical terms,,,verified,,,,,ba80e989-e6a2-46e2-98da-8da5966e16bf,General Awareness,,verified,
tag,1764e47f-ad86-4960-92df-2daaeac6a970,2024,2ba3fb21-1709-4d8b-9059-bbfee5264d8f,Letter shifting and alphabet position,,,,,,,,ba80e989-e6a2-46e2-98da-8da5966e16bf,Reasoning,,skipped,no decision
tag,d2880e40-d3b5-4590-b2ea-012436aded91,2024,2fd766ca-2573-4fee-99c2-fa88df93628f,Caselet data interpretation,,,,,,,,ba80e989-e6a2-46e2-98da-8da5966e16bf,Quantitative Aptitude,,skipped,no decision
tag,781daa6d-6307-4e5b-8d75-83573b533274,2024,2fd766ca-2573-4fee-99c2-fa88df93628f,Caselet data interpretation,,,,,,,,ba80e989-e6a2-46e2-98da-8da5966e16bf,Quantitative Aptitude,,skipped,no decision
tag,7f984f0d-4c85-47e0-a0c9-36788bd082c8,2024,2fd766ca-2573-4fee-99c2-fa88df93628f,Caselet data interpretation,,,,,,,,ba80e989-e6a2-46e2-98da-8da5966e16bf,Quantitative Aptitude,,skipped,no decision
tag,46774f97-86de-4d7e-80ec-8768f2951c23,2024,2fd766ca-2573-4fee-99c2-fa88df93628f,Caselet data interpretation,,,,,,,,ba80e989-e6a2-46e2-98da-8da5966e16bf,Quantitative Aptitude,,skipped,no decision
tag,47c6fe37-f243-4628-a662-7f91cc44c041,2024,2fd766ca-2573-4fee-99c2-fa88df93628f,Caselet data interpretation,,,,,,,,ba80e989-e6a2-46e2-98da-8da5966e16bf,Quantitative Aptitude,,skipped,no decision
tag,eea2f01e-db06-4f82-aecf-a45aea0e4f2d,2024,342ec4bb-5625-4398-9b44-2963d65062a4,Explicit detail retrieval,,,,,,,,ba80e989-e6a2-46e2-98da-8da5966e16bf,English Language,,skipped,no decision
tag,28852868-ec3e-4d9f-bff9-59b46533c85b,2024,342ec4bb-5625-4398-9b44-2963d65062a4,Explicit detail retrieval,,,,,,,,ba80e989-e6a2-46e2-98da-8da5966e16bf,English Language,,skipped,no decision
tag,f8632427-f812-482b-8e43-7830c4bf70d5,2024,342ec4bb-5625-4398-9b44-2963d65062a4,Explicit detail retrieval,,,,,,,,ba80e989-e6a2-46e2-98da-8da5966e16bf,English Language,,skipped,no decision
tag,4f5a98ea-e5a4-4cdd-92e5-a0cd647fa48a,2024,342ec4bb-5625-4398-9b44-2963d65062a4,Explicit detail retrieval,,,,,,,,ba80e989-e6a2-46e2-98da-8da5966e16bf,English Language,,skipped,no decision
tag,24d8319b-1217-4128-a1e6-b6f579038223,2024,342ec4bb-5625-4398-9b44-2963d65062a4,Explicit detail retrieval,,,,,,,,ba80e989-e6a2-46e2-98da-8da5966e16bf,English Language,,skipped,no decision
tag,693d7b92-6c77-4881-a5c0-69db9f3d1402,2024,342ec4bb-5625-4398-9b44-2963d65062a4,Explicit detail retrieval,,,,,,,,ba80e989-e6a2-46e2-98da-8da5966e16bf,English Language,,skipped,no decision
tag,c5a77802-5596-4673-b1f3-6568f24b9038,2024,342ec4bb-5625-4398-9b44-2963d65062a4,Explicit detail retrieval,,,,,,,,ba80e989-e6a2-46e2-98da-8da5966e16bf,English Language,,skipped,no decision
tag,be79a40b-24f6-41c8-8b4b-f007089ae6ab,2024,390cb8c4-537c-469c-b3d1-14d9194d8cea,"NPCI systems — UPI, IMPS, NEFT, RTGS",,,verified,,,,,ba80e989-e6a2-46e2-98da-8da5966e16bf,General Awareness,,verified,
tag,80cb45d4-0656-4ea6-9679-07fc98e1291a,2024,39c359f9-b85b-4c3e-9a0b-e67ed39d8c4c,Priority sector lending and microfinance,,,verified,,,,,ba80e989-e6a2-46e2-98da-8da5966e16bf,General Awareness,,verified,
tag,e5ef1bd1-e4ca-4f88-827a-4166ed2c7501,2024,479587ab-2cef-4046-9da4-c0ca924e8ef6,Word formation from given letters,,spot_check,,,,,,ba80e989-e6a2-46e2-98da-8da5966e16bf,Reasoning,,skipped,no decision
tag,55ac91d7-478a-4ec2-9a47-5fa47dc33674,2024,4990ee6f-b419-42e9-8ee0-e52d5630d3a4,Shifting and rearrangement machine,,,,,,,,ba80e989-e6a2-46e2-98da-8da5966e16bf,Reasoning,,skipped,no decision
tag,6be49a15-e62e-42d1-9a16-f61586a258cf,2024,4990ee6f-b419-42e9-8ee0-e52d5630d3a4,Shifting and rearrangement machine,,,,,,,,ba80e989-e6a2-46e2-98da-8da5966e16bf,Reasoning,,skipped,no decision
tag,7bf8149b-f6c6-415d-b28c-74b9dbe9f8d3,2024,4990ee6f-b419-42e9-8ee0-e52d5630d3a4,Shifting and rearrangement machine,,,,,,,,ba80e989-e6a2-46e2-98da-8da5966e16bf,Reasoning,,skipped,no decision
tag,8098b4df-f70f-4e23-a012-4118ebd44189,2024,4990ee6f-b419-42e9-8ee0-e52d5630d3a4,Shifting and rearrangement machine,,,,,,,,ba80e989-e6a2-46e2-98da-8da5966e16bf,Reasoning,,skipped,no decision
tag,d371a5b1-3c6a-4bc1-aa67-ba5807a576a4,2024,4ac5fc1d-9fcf-4772-bd60-d9cfa9f8e673,RBI Payments Vision and the 4Es,,,verified,,,,,ba80e989-e6a2-46e2-98da-8da5966e16bf,General Awareness,,verified,
tag,df29bdc8-71fb-4d4d-9104-39243bb9f241,2024,4ac5fc1d-9fcf-4772-bd60-d9cfa9f8e673,RBI Payments Vision and the 4Es,,,verified,,,,,ba80e989-e6a2-46e2-98da-8da5966e16bf,General Awareness,,verified,
tag,52709fb8-623a-46b4-a9b6-3c73e534f7cb,2024,4b44f9f1-8d13-4977-be4b-aa5108b10ead,Single-blank contextual cloze,,,,,,,,ba80e989-e6a2-46e2-98da-8da5966e16bf,English Language,,skipped,no decision
tag,6b0ef0dc-ffcf-4574-ad4d-9769598cebdc,2024,4d006fea-73a6-4926-bd63-2d02b64af242,Fund of Funds for Startups,,,verified,,,,,ba80e989-e6a2-46e2-98da-8da5966e16bf,General Awareness,,verified,
tag,2647abcf-8bcf-4395-a180-9955104153d3,2024,4db77fe0-323e-4f1f-88c3-f35a6c823427,Books and authors,,,verified,,,,,ba80e989-e6a2-46e2-98da-8da5966e16bf,General Awareness,,verified,
tag,c69d239c-e6bb-4fb0-b20d-19395229797b,2024,4fb4c478-d456-4d9d-ad58-08af61c9025d,Astronomy and celestial nomenclature,,,verified,,,,,ba80e989-e6a2-46e2-98da-8da5966e16bf,General Awareness,,verified,
tag,2c2b80bf-aa58-405b-9eda-2b54755ded2e,2024,53bf9a36-47c0-4473-b677-29a66d1a7bdb,Double-blank sentence completion,,,,,,,,ba80e989-e6a2-46e2-98da-8da5966e16bf,English Language,,skipped,no decision
tag,95825c5c-0f35-4155-9236-9f903e39a0c0,2024,53bf9a36-47c0-4473-b677-29a66d1a7bdb,Double-blank sentence completion,,,,,,,,ba80e989-e6a2-46e2-98da-8da5966e16bf,English Language,,skipped,no decision
tag,c9edf49d-c950-4b64-9407-c74b99172b39,2024,53bf9a36-47c0-4473-b677-29a66d1a7bdb,Double-blank sentence completion,,,,,,,,ba80e989-e6a2-46e2-98da-8da5966e16bf,English Language,,skipped,no decision
tag,b67a23cf-e832-46fd-a366-b90a60ae6c57,2024,53bf9a36-47c0-4473-b677-29a66d1a7bdb,Double-blank sentence completion,,,,,,,,ba80e989-e6a2-46e2-98da-8da5966e16bf,English Language,,skipped,no decision
tag,0fcd7831-973c-4dcb-9928-95ce1d573282,2024,55cde475-d4af-4ff7-b347-b51066736cab,Direction of one point relative to another,,,,,,,,ba80e989-e6a2-46e2-98da-8da5966e16bf,Reasoning,,skipped,no decision
tag,7c9180be-b0d1-4629-a501-324a1acbfcb1,2024,55cde475-d4af-4ff7-b347-b51066736cab,Direction of one point relative to another,,,,,,,,ba80e989-e6a2-46e2-98da-8da5966e16bf,Reasoning,,skipped,no decision
tag,a958c222-c5eb-4720-b893-481b00a2915b,2024,567b9717-73ac-46ef-bd37-671acc8420b0,Depositories and dematerialisation,,,verified,,,,,ba80e989-e6a2-46e2-98da-8da5966e16bf,General Awareness,,verified,
tag,50229369-eb44-44c7-835e-472d07144444,2024,60744a81-c455-493e-9ab8-182c50e646b7,60744a81-c455-493e-9ab8-182c50e646b7,unknown_topic,flagged,,,,,,ba80e989-e6a2-46e2-98da-8da5966e16bf,General Awareness,,skipped,no decision
tag,9e511d67-555d-44bc-8a61-d8bf4bde62fa,2024,60744a81-c455-493e-9ab8-182c50e646b7,60744a81-c455-493e-9ab8-182c50e646b7,unknown_topic,flagged,,,,,,ba80e989-e6a2-46e2-98da-8da5966e16bf,General Awareness,,skipped,no decision
tag,c7803039-c06f-4592-bab0-9219e0ef9655,2024,60744a81-c455-493e-9ab8-182c50e646b7,60744a81-c455-493e-9ab8-182c50e646b7,unknown_topic,flagged,,,,,,ba80e989-e6a2-46e2-98da-8da5966e16bf,General Awareness,,skipped,no decision
tag,aca7f6be-763c-485b-9b24-43cf9309cb7e,2024,652eb8c7-a25a-48c1-b51d-ddf64f8ede1b,Family tree puzzle with generations,,,,,,,,ba80e989-e6a2-46e2-98da-8da5966e16bf,Reasoning,,skipped,no decision
tag,7fae4c5e-eb73-4516-b725-824aed8374c6,2024,6b0ea750-f099-45b4-a632-5876b21840a0,Urban development and governance missions,,,verified,,,,,ba80e989-e6a2-46e2-98da-8da5966e16bf,General Awareness,,verified,
tag,d2501b53-ca1b-4bd3-b768-73f2ce344b2b,2024,6e107aa5-c9e0-4888-a7e9-862e98bea935,Month and date scheduling puzzle,,spot_check,,,,,,ba80e989-e6a2-46e2-98da-8da5966e16bf,Reasoning,,skipped,no decision
tag,edcc4b50-87cb-482c-9127-4695c3dc7f7a,2024,716450be-826f-428c-a51e-57101be2e9f9,"Cost price, selling price and margin",,,,,,,,ba80e989-e6a2-46e2-98da-8da5966e16bf,Quantitative Aptitude,,skipped,no decision
tag,6885b09a-a7ba-4ec7-8ce2-cbf9536f49f5,2024,71faffff-a24e-49ae-918e-1216b65553d8,Statement and argument — strong or weak,,,,,,,,ba80e989-e6a2-46e2-98da-8da5966e16bf,Reasoning,,skipped,no decision
tag,42b163b2-75e5-4468-a532-2d9606c9cd4b,2024,71faffff-a24e-49ae-918e-1216b65553d8,Statement and argument — strong or weak,,,,,,,,ba80e989-e6a2-46e2-98da-8da5966e16bf,Reasoning,,skipped,no decision
tag,8930f521-b679-4e04-b866-b96af6f1d2b8,2024,748e1177-b18b-4e5a-9698-9aa51b57a50b,International agreements and declarations,,,verified,,,,,ba80e989-e6a2-46e2-98da-8da5966e16bf,General Awareness,,verified,
tag,ab3ef900-e711-4896-bed1-d2db703de612,2024,7571611f-335f-419f-bb07-46408833d294,Wrong-term series,,,,,,,,ba80e989-e6a2-46e2-98da-8da5966e16bf,Quantitative Aptitude,,skipped,no decision
tag,44e62929-1fac-47ed-80b1-7aac1043f020,2024,7571611f-335f-419f-bb07-46408833d294,Wrong-term series,,,,,,,,ba80e989-e6a2-46e2-98da-8da5966e16bf,Quantitative Aptitude,,skipped,no decision
tag,e71c5f08-fbd0-4533-bf5b-3a0662cfe43d,2024,7571611f-335f-419f-bb07-46408833d294,Wrong-term series,,,,,,,,ba80e989-e6a2-46e2-98da-8da5966e16bf,Quantitative Aptitude,,skipped,no decision
tag,671886d0-20f7-4131-b872-e40e3725c81e,2024,75d64ae7-691e-4226-9c46-05d217805e7d,Statement and inference,,,,,,,,ba80e989-e6a2-46e2-98da-8da5966e16bf,Reasoning,,skipped,no decision
tag,82755b16-a47e-485c-a6ff-37cb5809e61e,2024,75d64ae7-691e-4226-9c46-05d217805e7d,Statement and inference,,,,,,,,ba80e989-e6a2-46e2-98da-8da5966e16bf,Reasoning,,skipped,no decision
tag,0a73dd6a-b443-41a8-88c3-e6fa7b140c11,2024,75d64ae7-691e-4226-9c46-05d217805e7d,Statement and inference,,,,,,,,ba80e989-e6a2-46e2-98da-8da5966e16bf,Reasoning,,skipped,no decision
tag,c9a2dbf8-9df2-4b08-94b2-34acfb2b0300,2024,75d64ae7-691e-4226-9c46-05d217805e7d,Statement and inference,,,,,,,,ba80e989-e6a2-46e2-98da-8da5966e16bf,Reasoning,,skipped,no decision
tag,673e84d0-ca8c-4a90-a36c-f9ec7ad8586b,2024,75d64ae7-691e-4226-9c46-05d217805e7d,Statement and inference,,,,,,,,ba80e989-e6a2-46e2-98da-8da5966e16bf,Reasoning,,skipped,no decision
tag,967a79a9-5506-4234-8fcb-670a67cb2281,2024,75d64ae7-691e-4226-9c46-05d217805e7d,Statement and inference,,,,,,,,ba80e989-e6a2-46e2-98da-8da5966e16bf,Reasoning,,skipped,no decision
tag,651a6511-fbf1-4327-a9de-181b1fb73be4,2024,75d64ae7-691e-4226-9c46-05d217805e7d,Statement and inference,,,,,,,,ba80e989-e6a2-46e2-98da-8da5966e16bf,Reasoning,,skipped,no decision
tag,1b604198-6b71-4962-95ee-e6e2610415f8,2024,75f89786-112e-4d19-ace5-a941f8fe577b,International organisations and groupings,,,verified,,,,,ba80e989-e6a2-46e2-98da-8da5966e16bf,General Awareness,,verified,
tag,94eeb17c-30c7-4318-a35f-b3ac068d4936,2024,7aa6a5c3-2e2a-46c9-b5cf-d8a2168f4f88,"Development financial institutions — NABARD, SIDBI, NHB, NaBFID, EXIM",,,verified,,,,,ba80e989-e6a2-46e2-98da-8da5966e16bf,General Awareness,,verified,
tag,36ca8c9b-2b38-49ee-bd12-ab6ce82fb98d,2024,7bf9193a-dfbb-4626-8876-d7821016029b,Scale-based regulation of NBFCs,,,verified,,,,,ba80e989-e6a2-46e2-98da-8da5966e16bf,General Awareness,,verified,
tag,07ef4527-fd49-468e-ab00-4703dc79544a,2024,7bf9193a-dfbb-4626-8876-d7821016029b,Scale-based regulation of NBFCs,,,verified,,,,,ba80e989-e6a2-46e2-98da-8da5966e16bf,General Awareness,,verified,
tag,6476e29d-cd30-41e7-8dba-84499c9b4e0b,2024,7e1e6fc8-4e40-4e18-bfb7-660c80143603,"RBI Act 1934 — constitution, note issue, functions",,,verified,,,,,ba80e989-e6a2-46e2-98da-8da5966e16bf,General Awareness,,verified,
tag,68dd476f-4517-4ccc-aaba-9ba306374730,2024,85494d30-76ae-44b5-a20d-e7689645f374,Recent central legislation and statutory penalties,,,verified,,,,,ba80e989-e6a2-46e2-98da-8da5966e16bf,General Awareness,,verified,
tag,0afd623f-b1dd-46a2-a472-82f02f5b639d,2024,8e5aa145-440d-4db7-a3f4-9ee6e4aed196,Sports terminology and Indian sporting history,,,verified,,,,,ba80e989-e6a2-46e2-98da-8da5966e16bf,General Awareness,,verified,
tag,de4d57df-e539-4b65-855c-68b5e08296e5,2024,8f2e1cb0-8b2b-4ffc-a0fb-9cfec07c69c9,Row with unknown number of persons,,,,,,,,ba80e989-e6a2-46e2-98da-8da5966e16bf,Reasoning,,skipped,no decision
tag,1800b802-d6a2-4aa2-80ad-49e9d1070433,2024,8f2e1cb0-8b2b-4ffc-a0fb-9cfec07c69c9,Row with unknown number of persons,,,,,,,,ba80e989-e6a2-46e2-98da-8da5966e16bf,Reasoning,,skipped,no decision
tag,f2d0961a-8e9e-48ca-bf05-a319288c795c,2024,8f2e1cb0-8b2b-4ffc-a0fb-9cfec07c69c9,Row with unknown number of persons,,,,,,,,ba80e989-e6a2-46e2-98da-8da5966e16bf,Reasoning,,skipped,no decision
tag,73afb273-c05f-4c56-8185-77551207d21d,2024,8f2e1cb0-8b2b-4ffc-a0fb-9cfec07c69c9,Row with unknown number of persons,,,,,,,,ba80e989-e6a2-46e2-98da-8da5966e16bf,Reasoning,,skipped,no decision
tag,079ee683-744d-499b-b59e-f3513290330c,2024,8f2e1cb0-8b2b-4ffc-a0fb-9cfec07c69c9,Row with unknown number of persons,,,,,,,,ba80e989-e6a2-46e2-98da-8da5966e16bf,Reasoning,,skipped,no decision
tag,b1a84be0-a522-4f2a-9cad-e14cec77bd44,2024,8f704fc7-27d2-45f4-aa1d-80c9e028efe3,Agriculture and rural energy schemes,,,verified,,,,,ba80e989-e6a2-46e2-98da-8da5966e16bf,General Awareness,,verified,
tag,ca0e712b-fe26-41ef-8efa-9b4c6af760ae,2024,8f704fc7-27d2-45f4-aa1d-80c9e028efe3,Agriculture and rural energy schemes,,,,,,,,ba80e989-e6a2-46e2-98da-8da5966e16bf,General Awareness,,skipped,no decision
tag,d51e7f0e-7045-4e1e-a253-29249da314e5,2024,8f704fc7-27d2-45f4-aa1d-80c9e028efe3,Agriculture and rural energy schemes,,,,,,,,ba80e989-e6a2-46e2-98da-8da5966e16bf,General Awareness,,skipped,no decision
tag,4224ce0c-4e22-4f1e-9be3-f50a3302c4a5,2024,93f445b2-4db4-45b1-acc5-b1bb8c21dc17,Box and stack puzzle,,,,,,,,ba80e989-e6a2-46e2-98da-8da5966e16bf,Reasoning,,skipped,no decision
tag,fa33567c-dc79-4b68-a7b8-eb1e327c2c64,2024,993efa09-2f9d-42be-a0b3-b6c912e0f07c,Possibility conclusions,,,,,,,,ba80e989-e6a2-46e2-98da-8da5966e16bf,Reasoning,,skipped,no decision
tag,81d17430-64f2-4414-8e8c-a026ff71a4f6,2024,993efa09-2f9d-42be-a0b3-b6c912e0f07c,Possibility conclusions,,,,,,,,ba80e989-e6a2-46e2-98da-8da5966e16bf,Reasoning,,skipped,no decision
tag,c940b367-ac59-4cf0-99b0-637579cef690,2024,993efa09-2f9d-42be-a0b3-b6c912e0f07c,Possibility conclusions,,,,,,,,ba80e989-e6a2-46e2-98da-8da5966e16bf,Reasoning,,skipped,no decision
tag,93b83654-f34d-45ac-b8aa-0823f36d9747,2024,9cc0f630-ab4f-4a0a-b5b2-9212f18af346,Sentence-level correctness selection,,,,,,,,ba80e989-e6a2-46e2-98da-8da5966e16bf,English Language,,skipped,no decision
tag,5df76116-316a-4a0a-817b-14a3a8a17f00,2024,9cc0f630-ab4f-4a0a-b5b2-9212f18af346,Sentence-level correctness selection,,,,,,,,ba80e989-e6a2-46e2-98da-8da5966e16bf,English Language,,skipped,no decision
tag,1f5530da-2da8-4c61-aa7c-1cac8271bbad,2024,9cc0f630-ab4f-4a0a-b5b2-9212f18af346,Sentence-level correctness selection,,,,,,,,ba80e989-e6a2-46e2-98da-8da5966e16bf,English Language,,skipped,no decision
tag,0a9527bc-bc44-4efe-876c-b5707f1cd4cb,2024,9cc0f630-ab4f-4a0a-b5b2-9212f18af346,Sentence-level correctness selection,,,,,,,,ba80e989-e6a2-46e2-98da-8da5966e16bf,English Language,,skipped,no decision
tag,e5caf036-69e0-41fb-8bdc-0bb879273398,2024,9dd02f97-b76e-4e51-95fe-cd68265df28c,Computing and artificial intelligence,,,verified,,,,,ba80e989-e6a2-46e2-98da-8da5966e16bf,General Awareness,,verified,
tag,4de7ebed-4224-4a87-bab5-ce17d5639cd9,2024,9ea559c5-2c7b-49b4-8ab0-98938fd471df,Simple and compound interest,,,,,,,,ba80e989-e6a2-46e2-98da-8da5966e16bf,Quantitative Aptitude,,skipped,no decision
tag,1c996e01-f923-4ab2-a4ea-bee51eebdf6f,2024,a3ea6cd9-eb80-4bf0-a4fd-3043d8749d00,FEMA framework and Master Directions,,,verified,,,,,ba80e989-e6a2-46e2-98da-8da5966e16bf,General Awareness,,verified,
tag,40279d89-fc11-4e73-a2f7-a29cfaabf5ae,2024,a5ece133-4cad-4641-8caa-5e593c34e888,Simultaneous equations from word conditions,,,,,,,,ba80e989-e6a2-46e2-98da-8da5966e16bf,Quantitative Aptitude,,skipped,no decision
tag,abfe2706-366c-4eb3-90dc-11a4a88d7226,2024,a5f18325-af4e-4040-95ca-5007d0ed75ab,"Direct vs indirect monetary instruments — OMO, CRR, SLR, repo, MSF",,spot_check,verified,,,,,ba80e989-e6a2-46e2-98da-8da5966e16bf,General Awareness,,verified,
tag,5c4a6741-a3aa-484d-b5f2-9f9dbb5857ed,2024,afc33796-d20d-4103-a4d0-f88f8e3e1087,Environmental clearance and industrial approvals,,,verified,,,,,ba80e989-e6a2-46e2-98da-8da5966e16bf,General Awareness,,verified,
tag,977fdb62-2d78-47de-b9ce-e47dea1a644e,2024,b2b889f0-5310-23a4-a50c-daa504f0afe7,Logical Order,,,,,,,,ba80e989-e6a2-46e2-98da-8da5966e16bf,English Language,,skipped,no decision
tag,19b8ee29-e5ef-4105-9c17-7cf42b5325c5,2024,b2b889f0-5310-23a4-a50c-daa504f0afe7,Logical Order,,,,,,,,ba80e989-e6a2-46e2-98da-8da5966e16bf,English Language,,skipped,no decision
tag,85ba3ba1-4407-434a-8edf-12e7e89ee42e,2024,b2b889f0-5310-23a4-a50c-daa504f0afe7,Logical Order,,,,,,,,ba80e989-e6a2-46e2-98da-8da5966e16bf,English Language,,skipped,no decision
tag,34a111bb-44a0-4d60-8e3e-43fe4b36e138,2024,b2b889f0-5310-23a4-a50c-daa504f0afe7,Logical Order,,,,,,,,ba80e989-e6a2-46e2-98da-8da5966e16bf,English Language,,skipped,no decision
tag,c24ac9c4-a89b-4a4b-9359-7eabd0655063,2024,b2e396d9-e67b-4242-904e-7424662e7615,Circular arrangement — mixed facing,,,,,,,,ba80e989-e6a2-46e2-98da-8da5966e16bf,Reasoning,,skipped,no decision
tag,5dd9d91a-40a9-4926-83c6-9d9835be16cb,2024,b40455eb-5470-4a6a-a540-db75843698ba,Research analyst and investment adviser regulations,,,verified,,,,,ba80e989-e6a2-46e2-98da-8da5966e16bf,General Awareness,,verified,
tag,dd04dc61-4e3c-4e18-81a4-e7e95fa330bc,2024,b7d5ee3a-d1b6-475b-a7fc-7e8c8441792b,Comparative government and world legislatures,,,verified,,,,,ba80e989-e6a2-46e2-98da-8da5966e16bf,General Awareness,,verified,
tag,eabbd4b3-4b64-44ec-bdb4-506625b35033,2024,bb343a30-e26e-474a-9ab7-6ecab8e6931b,Partnership and profit sharing,,,,,,,,ba80e989-e6a2-46e2-98da-8da5966e16bf,Quantitative Aptitude,,skipped,no decision
tag,9e436c7c-1227-411f-8a92-b86324189d56,2024,bd20e212-5d6f-44c3-bddf-daede6e0516f,Credit rating agencies and sovereign ratings,,,verified,,,,,ba80e989-e6a2-46e2-98da-8da5966e16bf,General Awareness,,verified,
tag,c090aab2-320f-4a7b-bd99-10c568d07a22,2024,bf9142fc-f9fd-49e5-85ba-1431680791e5,Comparison and ordering by attribute,,,,,,,,ba80e989-e6a2-46e2-98da-8da5966e16bf,Reasoning,,skipped,no decision
tag,1ae4aea4-3113-4b28-ba3d-b62119bdffc8,2024,bf9142fc-f9fd-49e5-85ba-1431680791e5,Comparison and ordering by attribute,,,,,,,,ba80e989-e6a2-46e2-98da-8da5966e16bf,Reasoning,,skipped,no decision
tag,e20dc21f-57ed-4a15-b644-c222ee0e4551,2024,bf9142fc-f9fd-49e5-85ba-1431680791e5,Comparison and ordering by attribute,,,,,,,,ba80e989-e6a2-46e2-98da-8da5966e16bf,Reasoning,,skipped,no decision
tag,9f3fa34f-4ca6-4b55-9645-2a6ef7c74061,2024,c18d927f-2eab-49db-b302-a017cf1f2193,Word interchange within a sentence,,,,,,,,ba80e989-e6a2-46e2-98da-8da5966e16bf,English Language,,skipped,no decision
tag,fd6360d7-ee97-49af-9a0a-03ec437cd495,2024,c18d927f-2eab-49db-b302-a017cf1f2193,Word interchange within a sentence,,,,,,,,ba80e989-e6a2-46e2-98da-8da5966e16bf,English Language,,skipped,no decision
tag,29c6f0f8-316f-49f2-89a7-d8b5549dc8d0,2024,c18d927f-2eab-49db-b302-a017cf1f2193,Word interchange within a sentence,,,,,,,,ba80e989-e6a2-46e2-98da-8da5966e16bf,English Language,,skipped,no decision
tag,301a08fc-f5c9-4dbe-a5bc-2a938e8c61e1,2024,c2079ba4-41e3-4db0-908b-a6fd4a550cab,Proportional division of quantities,,,,,,,,ba80e989-e6a2-46e2-98da-8da5966e16bf,Quantitative Aptitude,,skipped,no decision
tag,71ac96b7-f6ce-481b-bb9e-4f88b021aeaa,2024,c26f0386-26ac-4035-96d6-3522f658cb19,Floor and flat double-variable puzzle,,,,,,,,ba80e989-e6a2-46e2-98da-8da5966e16bf,Reasoning,,skipped,no decision
tag,fc9f9d07-245d-4137-bde2-219c953598b5,2024,c26f0386-26ac-4035-96d6-3522f658cb19,Floor and flat double-variable puzzle,,,,,,,,ba80e989-e6a2-46e2-98da-8da5966e16bf,Reasoning,,skipped,no decision
tag,ef5ee051-2964-463e-8355-b8deb44d10fa,2024,c26f0386-26ac-4035-96d6-3522f658cb19,Floor and flat double-variable puzzle,,spot_check,,,,,,ba80e989-e6a2-46e2-98da-8da5966e16bf,Reasoning,,skipped,no decision
tag,ca926de2-42ec-4b63-832b-9ba130d293b9,2024,c26f0386-26ac-4035-96d6-3522f658cb19,Floor and flat double-variable puzzle,,,,,,,,ba80e989-e6a2-46e2-98da-8da5966e16bf,Reasoning,,skipped,no decision
tag,c6315cf0-6d34-4d56-891b-6fab32ab8f0f,2024,c26f0386-26ac-4035-96d6-3522f658cb19,Floor and flat double-variable puzzle,,,,,,,,ba80e989-e6a2-46e2-98da-8da5966e16bf,Reasoning,,skipped,no decision
tag,911fad68-a503-448a-b49b-11e71aa1a89c,2024,c26f0386-26ac-4035-96d6-3522f658cb19,Floor and flat double-variable puzzle,,,,,,,,ba80e989-e6a2-46e2-98da-8da5966e16bf,Reasoning,,skipped,no decision
tag,16773bb6-8d46-411b-a364-a827ce10d6e0,2024,c26f0386-26ac-4035-96d6-3522f658cb19,Floor and flat double-variable puzzle,,,,,,,,ba80e989-e6a2-46e2-98da-8da5966e16bf,Reasoning,,skipped,no decision
tag,7018a33a-f658-4b2b-8351-4f693b02b947,2024,c26f0386-26ac-4035-96d6-3522f658cb19,Floor and flat double-variable puzzle,,,,,,,,ba80e989-e6a2-46e2-98da-8da5966e16bf,Reasoning,,skipped,no decision
tag,3344ad0b-96ef-4e80-b63e-e9d5ddde0e0e,2024,c26f0386-26ac-4035-96d6-3522f658cb19,Floor and flat double-variable puzzle,,,,,,,,ba80e989-e6a2-46e2-98da-8da5966e16bf,Reasoning,,skipped,no decision
tag,7389b1c3-6c5f-4533-8626-425de941d608,2024,c542e271-f9eb-4304-a2fb-6ca4471c6cc1,Schedules of the Constitution,,,verified,,,,,ba80e989-e6a2-46e2-98da-8da5966e16bf,General Awareness,,verified,
tag,0eb27e64-647a-4e7c-9679-07d46117b976,2024,c5d44e15-072a-4557-ad7d-f61221fe61c7,Volume and surface area of solids,,,,,,,,ba80e989-e6a2-46e2-98da-8da5966e16bf,Quantitative Aptitude,,skipped,no decision
tag,7391e5a3-b6a4-4208-89d7-400de74f8c56,2024,cd574056-f811-4f7b-8fdd-a4e37d0c9772,"Ages — present, past and future",,,,,,,,ba80e989-e6a2-46e2-98da-8da5966e16bf,Quantitative Aptitude,,skipped,no decision
tag,2a657181-2ee2-4fde-bbba-5f2d521f1ed6,2024,d189707d-212b-4d57-a1b7-5a240aeb97cb,"Asset classification, NPA and divergence disclosure",,,verified,,,,,ba80e989-e6a2-46e2-98da-8da5966e16bf,General Awareness,,verified,
tag,8da2c78a-8fa9-4dd9-9589-b2c523927e97,2024,d1979e85-7942-4fdd-a5fa-b1d2e29f5977,Boats and streams,,,,,,,,ba80e989-e6a2-46e2-98da-8da5966e16bf,Quantitative Aptitude,,skipped,no decision
tag,67913332-0f1e-4049-9709-84c54d052cc2,2024,da8b77aa-4e53-4876-be17-f8f96e1f2913,Category and attribute matching puzzle,,,,,,,,ba80e989-e6a2-46e2-98da-8da5966e16bf,Reasoning,,skipped,no decision
tag,fb7d41a3-b386-4438-8aed-84d9c72ef1f9,2024,da8b77aa-4e53-4876-be17-f8f96e1f2913,Category and attribute matching puzzle,,,,,,,,ba80e989-e6a2-46e2-98da-8da5966e16bf,Reasoning,,skipped,no decision
tag,65c2ef01-6ad0-4ccc-88d8-90ae96c1dcfd,2024,da8b77aa-4e53-4876-be17-f8f96e1f2913,Category and attribute matching puzzle,,,,,,,,ba80e989-e6a2-46e2-98da-8da5966e16bf,Reasoning,,skipped,no decision
tag,a8ba88b7-29c0-41e7-b686-5603404b7778,2024,da8b77aa-4e53-4876-be17-f8f96e1f2913,Category and attribute matching puzzle,,,,,,,,ba80e989-e6a2-46e2-98da-8da5966e16bf,Reasoning,,skipped,no decision
tag,e5ffc38c-3f58-4461-b74c-b824153c9f80,2024,da8b77aa-4e53-4876-be17-f8f96e1f2913,Category and attribute matching puzzle,,,,,,,,ba80e989-e6a2-46e2-98da-8da5966e16bf,Reasoning,,skipped,no decision
tag,2986eea6-9e88-453b-a0b8-f8259c81042f,2024,dad69132-676d-4a7b-be3d-1da364bd36f9,Arithmetic operation machine,,,,,,,,ba80e989-e6a2-46e2-98da-8da5966e16bf,Reasoning,,skipped,no decision
tag,843ab4dd-7d0b-4aa7-bf41-cc60c0737425,2024,e2fc8cb4-eb3e-41dc-b14d-70ea45e8ad4d,Average speed and journey segments,,,,,,,,ba80e989-e6a2-46e2-98da-8da5966e16bf,Quantitative Aptitude,,skipped,no decision
tag,269a471f-1d81-4954-99f4-fce66b42589a,2024,e6ae56a5-8fb5-4dab-a838-59ac2c665fc0,Basel norms and capital adequacy,,,,,,,,ba80e989-e6a2-46e2-98da-8da5966e16bf,General Awareness,,skipped,no decision
tag,54a8e5e1-d1bc-458e-8e22-36405c6ada6b,2024,e7dfdb22-8ee7-445d-9f0a-e27ccf215314,Letter-to-symbol coding,,,,,,,,ba80e989-e6a2-46e2-98da-8da5966e16bf,Reasoning,,skipped,no decision
tag,7b551136-4c0d-4101-a9a6-41328c0fa74c,2024,eccadce1-2c9a-4672-9eef-65ee4bfaeb84,Course of action,,,,,,,,ba80e989-e6a2-46e2-98da-8da5966e16bf,Reasoning,,skipped,no decision
tag,55fa0fc9-7c00-46fa-9d16-7bd7fdbc477c,2024,eedab1ad-56e1-4f9a-bf27-e6b077af1760,"GST — supply, input tax credit, zero-rated, exports",,,verified,,,,,ba80e989-e6a2-46e2-98da-8da5966e16bf,General Awareness,,verified,
tag,a3c690de-6892-408d-aae2-f402a11e338b,2024,f0e0d76d-38ed-4b29-85db-ae678611b715,Data sufficiency,,,,,,,,ba80e989-e6a2-46e2-98da-8da5966e16bf,Quantitative Aptitude,,skipped,no decision
tag,0144daa7-b05b-407f-820a-868390eed914,2024,f4ab61e2-cadf-4686-a1c5-50554463f230,Meaning of an idiom in context,,,,,,,,ba80e989-e6a2-46e2-98da-8da5966e16bf,English Language,,skipped,no decision
tag,f31d5705-ec79-4304-adcd-6019142603c0,2024,f4ab61e2-cadf-4686-a1c5-50554463f230,Meaning of an idiom in context,,,,,,,,ba80e989-e6a2-46e2-98da-8da5966e16bf,English Language,,skipped,no decision
tag,9b7768dd-9a0e-433e-adbf-cf3b1fe9a23e,2024,f4ab61e2-cadf-4686-a1c5-50554463f230,Meaning of an idiom in context,,,,,,,,ba80e989-e6a2-46e2-98da-8da5966e16bf,English Language,,skipped,no decision
tag,47ee590a-ff2e-42c6-b321-581c00ff92d0,2024,f56288ef-a26d-402b-9dc1-f1d4e141968e,Payment banks and differentiated banks,,,verified,,,,,ba80e989-e6a2-46e2-98da-8da5966e16bf,General Awareness,,verified,
tag,b6a6275e-80d4-4fd0-8d3f-5d6fb93a8dbd,2024,f56288ef-a26d-402b-9dc1-f1d4e141968e,Payment banks and differentiated banks,,,verified,,,,,ba80e989-e6a2-46e2-98da-8da5966e16bf,General Awareness,,verified,
tag,f46049e9-6209-493e-b91b-a222f6b49afa,2024,fbcc6e0e-45b8-4e93-88ab-38bb435e0ec8,Square and rectangular arrangement,,,,,,,,ba80e989-e6a2-46e2-98da-8da5966e16bf,Reasoning,,skipped,no decision
tag,98fde605-b15f-4258-87d3-b770d50077b0,2024,fbcc6e0e-45b8-4e93-88ab-38bb435e0ec8,Square and rectangular arrangement,,,,,,,,ba80e989-e6a2-46e2-98da-8da5966e16bf,Reasoning,,skipped,no decision
tag,acd03439-c9e0-4e32-9386-c18a41d7eeb5,2024,fbcc6e0e-45b8-4e93-88ab-38bb435e0ec8,Square and rectangular arrangement,,,,,,,,ba80e989-e6a2-46e2-98da-8da5966e16bf,Reasoning,,skipped,no decision
tag,de441417-c62f-449a-9228-94f1c984e58a,2024,fbcc6e0e-45b8-4e93-88ab-38bb435e0ec8,Square and rectangular arrangement,,,,,,,,ba80e989-e6a2-46e2-98da-8da5966e16bf,Reasoning,,skipped,no decision
tag,35d6a551-96c0-4769-b8d6-711f882f899b,2024,fc3e9289-0478-4a6c-a0e8-1f6f3f79f82a,Statement and assumption,,,,,,,,ba80e989-e6a2-46e2-98da-8da5966e16bf,Reasoning,,skipped,no decision
tag,5f2f364b-d42f-42d1-9618-a6f0a704e2b8,2024,fc3e9289-0478-4a6c-a0e8-1f6f3f79f82a,Statement and assumption,,,,,,,,ba80e989-e6a2-46e2-98da-8da5966e16bf,Reasoning,,skipped,no decision
tag,a95e7deb-b034-4fb1-925f-aac761c4209a,2024,fd797be4-4857-4885-a456-52d9ce38df94,Connector-based completion,,,,,,,,ba80e989-e6a2-46e2-98da-8da5966e16bf,English Language,,skipped,no decision
tag,f24ad324-5eb5-4989-9056-a88539954f00,2024,fd797be4-4857-4885-a456-52d9ce38df94,Connector-based completion,,,,,,,,ba80e989-e6a2-46e2-98da-8da5966e16bf,English Language,,skipped,no decision
