file,year,paper,question_number,paper_local_number,global_number,en_len,verdict,best_score,matched_year,matched_qno,ocr_derived
UPSCCSEMains2013ALL.json,2013,GS1,1,1,1,208,unverifiable,50.0,2025,12,false
UPSCCSEMains2013ALL.json,2013,GS1,2,2,2,85,unverifiable,57.1,2024,,false
UPSCCSEMains2013ALL.json,2013,GS1,3,3,3,100,unverifiable,54.1,2024,11,false
UPSCCSEMains2013ALL.json,2013,GS1,4,4,4,117,unverifiable,53.1,2025,5,false
UPSCCSEMains2013ALL.json,2013,GS1,5,5,5,96,unverifiable,52.0,2025,9,false
UPSCCSEMains2013ALL.json,2013,GS1,6,6,6,129,unverifiable,53.5,2024,,false
UPSCCSEMains2013ALL.json,2013,GS1,7,7,7,117,unverifiable,55.7,2015,5,false
UPSCCSEMains2013ALL.json,2013,GS1,8,8,8,126,unverifiable,50.2,2025,20,false
UPSCCSEMains2013ALL.json,2013,GS1,9,9,9,80,unverifiable,60.8,2022,4,false
UPSCCSEMains2013ALL.json,2013,GS1,10,10,10,85,unverifiable,56.1,2022,15,false
UPSCCSEMains2013ALL.json,2013,GS1,11,11,11,106,unverifiable,55.8,2015,6,false
UPSCCSEMains2013ALL.json,2013,GS1,12,12,12,102,unverifiable,63.2,2025,13,false
UPSCCSEMains2013ALL.json,2013,GS1,13,13,13,94,unverifiable,54.3,2025,12,false
UPSCCSEMains2013ALL.json,2013,GS1,14,14,14,86,unverifiable,58.7,2024,13,false
UPSCCSEMains2013ALL.json,2013,GS1,15,15,15,63,unverifiable,61.3,2015,,false
UPSCCSEMains2013ALL.json,2013,GS1,16,16,16,99,unverifiable,64.3,2025,3,false
UPSCCSEMains2013ALL.json,2013,GS1,17,17,17,75,unverifiable,59.2,2024,7,false
UPSCCSEMains2013ALL.json,2013,GS1,18,18,18,68,unverifiable,61.2,2025,3,false
UPSCCSEMains2013ALL.json,2013,GS1,19,19,19,68,unverifiable,65.7,2025,6,false
UPSCCSEMains2013ALL.json,2013,GS1,20,20,20,99,unverifiable,61.2,2025,16,false
UPSCCSEMains2013ALL.json,2013,GS1,21,21,21,91,unverifiable,53.3,2024,,false
UPSCCSEMains2013ALL.json,2013,GS1,22,22,22,87,unverifiable,61.6,2015,,false
UPSCCSEMains2013ALL.json,2013,GS1,23,23,23,88,unverifiable,56.2,2024,16,false
UPSCCSEMains2013ALL.json,2013,GS1,24,24,24,81,unverifiable,61.3,2025,18,false
UPSCCSEMains2013ALL.json,2013,GS1,25,25,25,100,unverifiable,59.6,2025,14,false
UPSCCSEMains2013ALL.json,2013,GS2,26,1,21,93,unverifiable,59.3,2015,,false
UPSCCSEMains2013ALL.json,2013,GS2,27,2,22,62,unverifiable,63.2,2025,13,false
UPSCCSEMains2013ALL.json,2013,GS2,28,3,23,115,unverifiable,53.1,2022,6,false
UPSCCSEMains2013ALL.json,2013,GS2,29,4,24,103,unverifiable,61.7,2022,16,false
UPSCCSEMains2013ALL.json,2013,GS2,30,5,25,87,unverifiable,74.1,2025,14,false
UPSCCSEMains2013ALL.json,2013,GS2,31,6,26,128,unverifiable,54.8,2025,5,false
UPSCCSEMains2013ALL.json,2013,GS2,32,7,27,120,unverifiable,60.3,2024,,false
UPSCCSEMains2013ALL.json,2013,GS2,33,8,28,95,unverifiable,68.4,2025,8,false
UPSCCSEMains2013ALL.json,2013,GS2,34,9,29,95,unverifiable,57.0,2025,16,false
UPSCCSEMains2013ALL.json,2013,GS2,35,10,30,121,unverifiable,68.6,2025,11,false
UPSCCSEMains2013ALL.json,2013,GS2,36,11,31,120,unverifiable,61.7,2022,18,false
UPSCCSEMains2013ALL.json,2013,GS2,37,12,32,102,unverifiable,54.5,2015,6,false
UPSCCSEMains2013ALL.json,2013,GS2,38,13,33,122,unverifiable,53.7,2022,15,false
UPSCCSEMains2013ALL.json,2013,GS2,39,14,34,104,unverifiable,55.9,2015,18,false
UPSCCSEMains2013ALL.json,2013,GS2,40,15,35,134,unverifiable,51.9,2025,1,false
UPSCCSEMains2013ALL.json,2013,GS2,41,16,36,84,unverifiable,60.2,2025,19,false
UPSCCSEMains2013ALL.json,2013,GS2,42,17,37,71,unverifiable,61.4,2025,18,false
UPSCCSEMains2013ALL.json,2013,GS2,43,18,38,95,unverifiable,57.4,2025,9,false
UPSCCSEMains2013ALL.json,2013,GS2,44,19,39,121,unverifiable,53.0,2015,2,false
UPSCCSEMains2013ALL.json,2013,GS2,45,20,40,117,unverifiable,59.5,2025,16,false
UPSCCSEMains2013ALL.json,2013,GS2,46,21,41,102,unverifiable,59.4,2025,1,false
UPSCCSEMains2013ALL.json,2013,GS2,47,22,42,114,unverifiable,61.0,2025,15,false
UPSCCSEMains2013ALL.json,2013,GS2,48,23,43,109,unverifiable,56.6,2025,18,false
UPSCCSEMains2013ALL.json,2013,GS2,49,24,44,99,unverifiable,56.1,2024,,false
UPSCCSEMains2013ALL.json,2013,GS2,50,25,45,95,unverifiable,57.4,2025,11,false
UPSCCSEMains2013ALL.json,2013,GS3,51,1,41,130,unverifiable,59.6,2025,9,false
UPSCCSEMains2013ALL.json,2013,GS3,52,2,42,132,unverifiable,52.8,2025,19,false
UPSCCSEMains2013ALL.json,2013,GS3,53,3,43,94,unverifiable,59.3,2022,16,false
UPSCCSEMains2013ALL.json,2013,GS3,54,4,44,96,unverifiable,54.1,2025,15,false
UPSCCSEMains2013ALL.json,2013,GS3,55,5,45,103,unverifiable,58.6,2025,7,false
UPSCCSEMains2013ALL.json,2013,GS3,56,6,46,110,unverifiable,56.5,2025,19,false
UPSCCSEMains2013ALL.json,2013,GS3,57,7,47,108,unverifiable,56.6,2025,11,false
UPSCCSEMains2013ALL.json,2013,GS3,58,8,48,136,unverifiable,54.1,2025,1,false
UPSCCSEMains2013ALL.json,2013,GS3,59,9,49,88,unverifiable,56.6,2025,5,false
UPSCCSEMains2013ALL.json,2013,GS3,60,10,50,131,unverifiable,51.9,2022,1,false
UPSCCSEMains2013ALL.json,2013,GS3,61,11,51,111,unverifiable,51.8,2022,11,false
UPSCCSEMains2013ALL.json,2013,GS3,62,12,52,110,unverifiable,55.0,2025,10,false
UPSCCSEMains2013ALL.json,2013,GS3,63,13,53,133,unverifiable,52.2,2025,6,false
UPSCCSEMains2013ALL.json,2013,GS3,64,14,54,121,unverifiable,53.0,2022,20,false
UPSCCSEMains2013ALL.json,2013,GS3,65,15,55,122,unverifiable,53.9,2022,1,false
UPSCCSEMains2013ALL.json,2013,GS3,66,16,56,129,unverifiable,55.9,2025,5,false
UPSCCSEMains2013ALL.json,2013,GS3,67,17,57,116,unverifiable,56.2,2015,10,false
UPSCCSEMains2013ALL.json,2013,GS3,68,18,58,124,unverifiable,55.4,2022,1,false
UPSCCSEMains2013ALL.json,2013,GS3,69,19,59,85,unverifiable,53.6,2025,13,false
UPSCCSEMains2013ALL.json,2013,GS3,70,20,60,116,unverifiable,57.1,2022,12,false
UPSCCSEMains2013ALL.json,2013,GS3,71,21,61,117,unverifiable,58.3,2015,15,false
UPSCCSEMains2013ALL.json,2013,GS3,72,22,62,106,unverifiable,52.4,2022,9,false
UPSCCSEMains2013ALL.json,2013,GS3,73,23,63,130,unverifiable,51.4,2025,10,false
UPSCCSEMains2013ALL.json,2013,GS3,74,24,64,124,unverifiable,52.8,2022,4,false
UPSCCSEMains2013ALL.json,2013,GS3,75,25,65,138,unverifiable,51.9,2025,9,false
UPSCCSEMains2013ALL.json,2013,GS4,76,1,61,110,unverifiable,55.7,2015,10,false
UPSCCSEMains2013ALL.json,2013,GS4,77,1,61,93,unverifiable,52.7,2015,,false
UPSCCSEMains2013ALL.json,2013,GS4,78,2,62,91,unverifiable,58.9,2024,,false
UPSCCSEMains2013ALL.json,2013,GS4,79,2,62,114,unverifiable,51.9,2025,20,false
UPSCCSEMains2013ALL.json,2013,GS4,80,3,63,110,unverifiable,54.1,2022,7,false
UPSCCSEMains2013ALL.json,2013,GS4,81,3,63,120,unverifiable,56.0,2022,4,false
UPSCCSEMains2013ALL.json,2013,GS4,82,4,64,133,unverifiable,51.5,2025,1,false
UPSCCSEMains2013ALL.json,2013,GS4,83,4,64,106,unverifiable,57.1,2025,11,false
UPSCCSEMains2013ALL.json,2013,GS4,84,5,65,118,unverifiable,51.8,2024,20,false
UPSCCSEMains2013ALL.json,2013,GS4,85,5,65,100,unverifiable,52.2,2025,7,false
UPSCCSEMains2013ALL.json,2013,GS4,86,6,66,112,unverifiable,53.8,2025,1,false
UPSCCSEMains2013ALL.json,2013,GS4,87,7,67,155,unverifiable,55.2,2025,7,false
UPSCCSEMains2013ALL.json,2013,GS4,88,8,68,1386,unverifiable,55.6,2025,9,false
UPSCCSEMains2013ALL.json,2013,GS4,89,9,69,1367,unverifiable,55.4,2025,6,false
UPSCCSEMains2013ALL.json,2013,GS4,90,10,70,1452,unverifiable,50.0,2025,16,false
UPSCCSEMains2013ALL.json,2013,GS4,91,11,71,1533,unverifiable,52.9,2025,5,false
UPSCCSEMains2013ALL.json,2013,GS4,92,12,72,1632,unverifiable,60.0,2025,2,false
UPSCCSEMains2013ALL.json,2013,GS4,93,13,73,1686,unverifiable,80.0,2025,2,false
UPSCCSEMains2013GS1.json,2013,GS1,1,1,1,208,unverifiable,50.0,2025,12,false
UPSCCSEMains2013GS1.json,2013,GS1,2,2,2,85,unverifiable,57.1,2024,,false
UPSCCSEMains2013GS1.json,2013,GS1,3,3,3,100,unverifiable,54.1,2024,11,false
UPSCCSEMains2013GS1.json,2013,GS1,4,4,4,117,unverifiable,53.1,2025,5,false
UPSCCSEMains2013GS1.json,2013,GS1,5,5,5,96,unverifiable,52.0,2025,9,false
UPSCCSEMains2013GS1.json,2013,GS1,6,6,6,129,unverifiable,53.5,2024,,false
UPSCCSEMains2013GS1.json,2013,GS1,7,7,7,117,unverifiable,55.7,2015,5,false
UPSCCSEMains2013GS1.json,2013,GS1,8,8,8,126,unverifiable,50.2,2025,20,false
UPSCCSEMains2013GS1.json,2013,GS1,9,9,9,80,unverifiable,60.8,2022,4,false
UPSCCSEMains2013GS1.json,2013,GS1,10,10,10,85,unverifiable,56.1,2022,15,false
UPSCCSEMains2013GS1.json,2013,GS1,11,11,11,106,unverifiable,55.8,2015,6,false
UPSCCSEMains2013GS1.json,2013,GS1,12,12,12,102,unverifiable,63.2,2025,13,false
UPSCCSEMains2013GS1.json,2013,GS1,13,13,13,94,unverifiable,54.3,2025,12,false
UPSCCSEMains2013GS1.json,2013,GS1,14,14,14,86,unverifiable,58.7,2024,13,false
UPSCCSEMains2013GS1.json,2013,GS1,15,15,15,63,unverifiable,61.3,2015,,false
UPSCCSEMains2013GS1.json,2013,GS1,16,16,16,99,unverifiable,64.3,2025,3,false
UPSCCSEMains2013GS1.json,2013,GS1,17,17,17,75,unverifiable,59.2,2024,7,false
UPSCCSEMains2013GS1.json,2013,GS1,18,18,18,68,unverifiable,61.2,2025,3,false
UPSCCSEMains2013GS1.json,2013,GS1,19,19,19,68,unverifiable,65.7,2025,6,false
UPSCCSEMains2013GS1.json,2013,GS1,20,20,20,99,unverifiable,61.2,2025,16,false
UPSCCSEMains2013GS1.json,2013,GS1,21,21,21,91,unverifiable,53.3,2024,,false
UPSCCSEMains2013GS1.json,2013,GS1,22,22,22,87,unverifiable,61.6,2015,,false
UPSCCSEMains2013GS1.json,2013,GS1,23,23,23,88,unverifiable,56.2,2024,16,false
UPSCCSEMains2013GS1.json,2013,GS1,24,24,24,81,unverifiable,61.3,2025,18,false
UPSCCSEMains2013GS1.json,2013,GS1,25,25,25,100,unverifiable,59.6,2025,14,false
UPSCCSEMains2013GS2.json,2013,GS2,1,1,21,93,unverifiable,59.3,2015,,false
UPSCCSEMains2013GS2.json,2013,GS2,2,2,22,62,unverifiable,63.2,2025,13,false
UPSCCSEMains2013GS2.json,2013,GS2,3,3,23,115,unverifiable,53.1,2022,6,false
UPSCCSEMains2013GS2.json,2013,GS2,4,4,24,103,unverifiable,61.7,2022,16,false
UPSCCSEMains2013GS2.json,2013,GS2,5,5,25,87,unverifiable,74.1,2025,14,false
UPSCCSEMains2013GS2.json,2013,GS2,6,6,26,128,unverifiable,54.8,2025,5,false
UPSCCSEMains2013GS2.json,2013,GS2,7,7,27,120,unverifiable,60.3,2024,,false
UPSCCSEMains2013GS2.json,2013,GS2,8,8,28,95,unverifiable,68.4,2025,8,false
UPSCCSEMains2013GS2.json,2013,GS2,9,9,29,95,unverifiable,57.0,2025,16,false
UPSCCSEMains2013GS2.json,2013,GS2,10,10,30,121,unverifiable,68.6,2025,11,false
UPSCCSEMains2013GS2.json,2013,GS2,11,11,31,120,unverifiable,61.7,2022,18,false
UPSCCSEMains2013GS2.json,2013,GS2,12,12,32,102,unverifiable,54.5,2015,6,false
UPSCCSEMains2013GS2.json,2013,GS2,13,13,33,122,unverifiable,53.7,2022,15,false
UPSCCSEMains2013GS2.json,2013,GS2,14,14,34,104,unverifiable,55.9,2015,18,false
UPSCCSEMains2013GS2.json,2013,GS2,15,15,35,134,unverifiable,51.9,2025,1,false
UPSCCSEMains2013GS2.json,2013,GS2,16,16,36,84,unverifiable,60.2,2025,19,false
UPSCCSEMains2013GS2.json,2013,GS2,17,17,37,71,unverifiable,61.4,2025,18,false
UPSCCSEMains2013GS2.json,2013,GS2,18,18,38,95,unverifiable,57.4,2025,9,false
UPSCCSEMains2013GS2.json,2013,GS2,19,19,39,121,unverifiable,53.0,2015,2,false
UPSCCSEMains2013GS2.json,2013,GS2,20,20,40,117,unverifiable,59.5,2025,16,false
UPSCCSEMains2013GS2.json,2013,GS2,21,1,21,102,unverifiable,59.4,2025,1,false
UPSCCSEMains2013GS2.json,2013,GS2,22,2,22,114,unverifiable,61.0,2025,15,false
UPSCCSEMains2013GS2.json,2013,GS2,23,3,23,109,unverifiable,56.6,2025,18,false
UPSCCSEMains2013GS2.json,2013,GS2,24,4,24,99,unverifiable,56.1,2024,,false
UPSCCSEMains2013GS2.json,2013,GS2,25,5,25,95,unverifiable,57.4,2025,11,false
UPSCCSEMains2013GS3.json,2013,GS3,1,1,41,130,unverifiable,59.6,2025,9,false
UPSCCSEMains2013GS3.json,2013,GS3,2,2,42,132,unverifiable,52.8,2025,19,false
UPSCCSEMains2013GS3.json,2013,GS3,3,3,43,94,unverifiable,59.3,2022,16,false
UPSCCSEMains2013GS3.json,2013,GS3,4,4,44,96,unverifiable,54.1,2025,15,false
UPSCCSEMains2013GS3.json,2013,GS3,5,5,45,103,unverifiable,58.6,2025,7,false
UPSCCSEMains2013GS3.json,2013,GS3,6,6,46,110,unverifiable,56.5,2025,19,false
UPSCCSEMains2013GS3.json,2013,GS3,7,7,47,108,unverifiable,56.6,2025,11,false
UPSCCSEMains2013GS3.json,2013,GS3,8,8,48,136,unverifiable,54.1,2025,1,false
UPSCCSEMains2013GS3.json,2013,GS3,9,9,49,88,unverifiable,56.6,2025,5,false
UPSCCSEMains2013GS3.json,2013,GS3,10,10,50,131,unverifiable,51.9,2022,1,false
UPSCCSEMains2013GS3.json,2013,GS3,11,11,51,111,unverifiable,51.8,2022,11,false
UPSCCSEMains2013GS3.json,2013,GS3,12,12,52,110,unverifiable,55.0,2025,10,false
UPSCCSEMains2013GS3.json,2013,GS3,13,13,53,133,unverifiable,52.2,2025,6,false
UPSCCSEMains2013GS3.json,2013,GS3,14,14,54,121,unverifiable,53.0,2022,20,false
UPSCCSEMains2013GS3.json,2013,GS3,15,15,55,122,unverifiable,53.9,2022,1,false
UPSCCSEMains2013GS3.json,2013,GS3,16,16,56,129,unverifiable,55.9,2025,5,false
UPSCCSEMains2013GS3.json,2013,GS3,17,17,57,116,unverifiable,56.2,2015,10,false
UPSCCSEMains2013GS3.json,2013,GS3,18,18,58,124,unverifiable,55.4,2022,1,false
UPSCCSEMains2013GS3.json,2013,GS3,19,19,59,85,unverifiable,53.6,2025,13,false
UPSCCSEMains2013GS3.json,2013,GS3,20,20,60,116,unverifiable,57.1,2022,12,false
UPSCCSEMains2013GS3.json,2013,GS3,21,21,21,117,unverifiable,58.3,2015,15,false
UPSCCSEMains2013GS3.json,2013,GS3,22,22,22,106,unverifiable,52.4,2022,9,false
UPSCCSEMains2013GS3.json,2013,GS3,23,23,23,130,unverifiable,51.4,2025,10,false
UPSCCSEMains2013GS3.json,2013,GS3,24,24,24,124,unverifiable,52.8,2022,4,false
UPSCCSEMains2013GS3.json,2013,GS3,25,25,25,138,unverifiable,51.9,2025,9,false
UPSCCSEMains2013GS4.json,2013,GS4,1a,1a,,110,unverifiable,55.7,2015,10,false
UPSCCSEMains2013GS4.json,2013,GS4,1b,1b,,93,unverifiable,52.7,2015,,false
UPSCCSEMains2013GS4.json,2013,GS4,2a,2a,,91,unverifiable,58.9,2024,,false
UPSCCSEMains2013GS4.json,2013,GS4,2b,2b,,114,unverifiable,51.9,2025,20,false
UPSCCSEMains2013GS4.json,2013,GS4,3a,3a,,110,unverifiable,54.1,2022,7,false
UPSCCSEMains2013GS4.json,2013,GS4,3b,3b,,120,unverifiable,56.0,2022,4,false
UPSCCSEMains2013GS4.json,2013,GS4,4a,4a,,133,unverifiable,51.5,2025,1,false
UPSCCSEMains2013GS4.json,2013,GS4,4b,4b,,106,unverifiable,57.1,2025,11,false
UPSCCSEMains2013GS4.json,2013,GS4,5a,5a,,118,unverifiable,51.8,2024,20,false
UPSCCSEMains2013GS4.json,2013,GS4,5b,5b,,100,unverifiable,52.2,2025,7,false
UPSCCSEMains2013GS4.json,2013,GS4,6,6,66,112,unverifiable,53.8,2025,1,false
UPSCCSEMains2013GS4.json,2013,GS4,7,7,67,155,unverifiable,55.2,2025,7,false
UPSCCSEMains2013GS4.json,2013,GS4,8,8,68,1386,unverifiable,55.6,2025,9,false
UPSCCSEMains2013GS4.json,2013,GS4,9,9,69,1367,unverifiable,55.4,2025,6,false
UPSCCSEMains2013GS4.json,2013,GS4,10,10,70,1452,unverifiable,50.0,2025,16,false
UPSCCSEMains2013GS4.json,2013,GS4,11,11,71,1533,unverifiable,52.9,2025,5,false
UPSCCSEMains2013GS4.json,2013,GS4,12,12,72,1632,unverifiable,60.0,2025,2,false
UPSCCSEMains2013GS4.json,2013,GS4,13,13,73,1686,unverifiable,80.0,2025,2,false
UPSCCSEMains2014ALL.json,2014,GS1,1,1,1,140,unverifiable,53.6,2022,7,false
UPSCCSEMains2014ALL.json,2014,GS1,2,2,2,72,unverifiable,52.9,2022,1,false
UPSCCSEMains2014ALL.json,2014,GS1,3,3,3,210,unverifiable,50.6,2025,5,false
UPSCCSEMains2014ALL.json,2014,GS1,4,4,4,106,unverifiable,50.0,2025,11,false
UPSCCSEMains2014ALL.json,2014,GS1,5,5,5,172,unverifiable,49.4,2022,2,false
UPSCCSEMains2014ALL.json,2014,GS1,6,6,6,142,unverifiable,53.9,2022,2,false
UPSCCSEMains2014ALL.json,2014,GS1,7,7,7,116,unverifiable,53.0,2015,,false
UPSCCSEMains2014ALL.json,2014,GS1,8,8,8,101,unverifiable,57.1,2022,13,false
UPSCCSEMains2014ALL.json,2014,GS1,9,9,9,101,unverifiable,55.0,2022,11,false
UPSCCSEMains2014ALL.json,2014,GS1,10,10,10,90,unverifiable,54.1,2025,9,false
UPSCCSEMains2014ALL.json,2014,GS1,11,11,11,92,unverifiable,51.6,2022,10,false
UPSCCSEMains2014ALL.json,2014,GS1,12,12,12,110,unverifiable,53.7,2015,2,false
UPSCCSEMains2014ALL.json,2014,GS1,13,13,13,83,unverifiable,54.9,2022,20,false
UPSCCSEMains2014ALL.json,2014,GS1,14,14,14,117,unverifiable,56.0,2022,15,false
UPSCCSEMains2014ALL.json,2014,GS1,15,15,15,125,unverifiable,58.5,2015,,false
UPSCCSEMains2014ALL.json,2014,GS1,16,16,16,130,unverifiable,52.7,2015,19,false
UPSCCSEMains2014ALL.json,2014,GS1,17,17,17,119,unverifiable,60.0,2022,20,false
UPSCCSEMains2014ALL.json,2014,GS1,18,18,18,135,unverifiable,53.4,2025,1,false
UPSCCSEMains2014ALL.json,2014,GS1,19,19,19,115,unverifiable,58.4,2015,,false
UPSCCSEMains2014ALL.json,2014,GS1,20,20,20,119,unverifiable,53.2,2025,14,false
UPSCCSEMains2014ALL.json,2014,GS2,21,1,21,174,unverifiable,52.1,2015,16,false
UPSCCSEMains2014ALL.json,2014,GS2,22,2,22,141,unverifiable,53.6,2024,,false
UPSCCSEMains2014ALL.json,2014,GS2,23,3,23,140,unverifiable,50.0,2022,7,false
UPSCCSEMains2014ALL.json,2014,GS2,24,4,24,117,unverifiable,60.5,2022,5,false
UPSCCSEMains2014ALL.json,2014,GS2,25,5,25,134,unverifiable,55.6,2025,12,false
UPSCCSEMains2014ALL.json,2014,GS2,26,6,26,131,unverifiable,54.3,2022,3,false
UPSCCSEMains2014ALL.json,2014,GS2,27,7,27,108,unverifiable,53.3,2022,1,false
UPSCCSEMains2014ALL.json,2014,GS2,28,8,28,128,unverifiable,54.8,2015,11,false
UPSCCSEMains2014ALL.json,2014,GS2,29,9,29,120,unverifiable,59.5,2025,17,false
UPSCCSEMains2014ALL.json,2014,GS2,30,10,30,112,unverifiable,53.2,2024,,false
UPSCCSEMains2014ALL.json,2014,GS2,31,11,31,126,unverifiable,54.8,2025,5,false
UPSCCSEMains2014ALL.json,2014,GS2,32,12,32,125,unverifiable,53.2,2022,7,false
UPSCCSEMains2014ALL.json,2014,GS2,33,13,33,139,unverifiable,56.9,2025,12,false
UPSCCSEMains2014ALL.json,2014,GS2,34,14,34,117,unverifiable,59.0,2025,15,false
UPSCCSEMains2014ALL.json,2014,GS2,35,15,35,138,unverifiable,51.5,2022,8,false
UPSCCSEMains2014ALL.json,2014,GS2,36,16,36,109,unverifiable,60.2,2025,19,false
UPSCCSEMains2014ALL.json,2014,GS2,37,17,37,136,unverifiable,51.1,2022,1,false
UPSCCSEMains2014ALL.json,2014,GS2,38,18,38,124,unverifiable,56.3,2022,10,false
UPSCCSEMains2014ALL.json,2014,GS2,39,19,39,122,unverifiable,57.1,2025,12,false
UPSCCSEMains2014ALL.json,2014,GS2,40,20,40,149,unverifiable,52.7,2022,1,false
UPSCCSEMains2014ALL.json,2014,GS3,41,1,41,111,unverifiable,51.9,2015,10,false
UPSCCSEMains2014ALL.json,2014,GS3,42,2,42,116,unverifiable,54.0,2025,11,false
UPSCCSEMains2014ALL.json,2014,GS3,43,3,43,120,unverifiable,55.6,2025,19,false
UPSCCSEMains2014ALL.json,2014,GS3,44,4,44,122,unverifiable,55.5,2025,15,false
UPSCCSEMains2014ALL.json,2014,GS3,45,5,45,144,unverifiable,61.3,2015,6,false
UPSCCSEMains2014ALL.json,2014,GS3,46,6,46,127,unverifiable,55.7,2022,16,false
UPSCCSEMains2014ALL.json,2014,GS3,47,7,47,134,unverifiable,55.4,2025,15,false
UPSCCSEMains2014ALL.json,2014,GS3,48,8,48,110,unverifiable,64.9,2024,6,false
UPSCCSEMains2014ALL.json,2014,GS3,49,9,49,111,unverifiable,57.3,2022,10,false
UPSCCSEMains2014ALL.json,2014,GS3,50,10,50,115,unverifiable,54.0,2022,13,false
UPSCCSEMains2014ALL.json,2014,GS3,51,11,51,154,unverifiable,52.4,2025,12,false
UPSCCSEMains2014ALL.json,2014,GS3,52,12,52,133,unverifiable,55.0,2025,10,false
UPSCCSEMains2014ALL.json,2014,GS3,53,13,53,135,unverifiable,52.6,2025,19,false
UPSCCSEMains2014ALL.json,2014,GS3,54,14,54,145,unverifiable,56.6,2022,3,false
UPSCCSEMains2014ALL.json,2014,GS3,55,15,55,139,unverifiable,50.0,2025,5,false
UPSCCSEMains2014ALL.json,2014,GS3,56,16,56,120,unverifiable,52.0,2025,15,false
UPSCCSEMains2014ALL.json,2014,GS3,57,17,57,133,unverifiable,53.7,2025,6,false
UPSCCSEMains2014ALL.json,2014,GS3,58,18,58,137,unverifiable,80.0,2025,10,false
UPSCCSEMains2014ALL.json,2014,GS3,59,19,59,133,unverifiable,54.5,2025,11,false
UPSCCSEMains2014ALL.json,2014,GS3,60,20,60,140,unverifiable,52.2,2015,18,false
UPSCCSEMains2014ALL.json,2014,GS4,61,1,61,112,unverifiable,52.3,2022,2,false
UPSCCSEMains2014ALL.json,2014,GS4,62,1,61,138,unverifiable,55.0,2025,11,false
UPSCCSEMains2014ALL.json,2014,GS4,63,2,62,110,unverifiable,53.7,2022,7,false
UPSCCSEMains2014ALL.json,2014,GS4,64,2,62,115,unverifiable,56.6,2022,1,false
UPSCCSEMains2014ALL.json,2014,GS4,65,3,63,199,unverifiable,50.0,2025,9,false
UPSCCSEMains2014ALL.json,2014,GS4,66,3,63,110,unverifiable,52.8,2015,14,false
UPSCCSEMains2014ALL.json,2014,GS4,67,4,64,103,unverifiable,50.5,2025,1,false
UPSCCSEMains2014ALL.json,2014,GS4,68,4,64,144,unverifiable,51.7,2025,7,false
UPSCCSEMains2014ALL.json,2014,GS4,69,5,65,157,unverifiable,52.0,2025,5,false
UPSCCSEMains2014ALL.json,2014,GS4,70,5,65,135,unverifiable,50.0,2025,14,false
UPSCCSEMains2014ALL.json,2014,GS4,71,6,66,111,unverifiable,63.3,2025,9,false
UPSCCSEMains2014ALL.json,2014,GS4,72,7,67,118,unverifiable,50.9,2022,12,false
UPSCCSEMains2014ALL.json,2014,GS4,73,8,68,1347,unverifiable,60.0,2025,2,false
UPSCCSEMains2014ALL.json,2014,GS4,74,9,69,1410,unverifiable,55.6,2025,9,false
UPSCCSEMains2014ALL.json,2014,GS4,75,10,70,1507,unverifiable,52.5,2025,10,false
UPSCCSEMains2014ALL.json,2014,GS4,76,11,71,1306,unverifiable,62.5,2025,1,false
UPSCCSEMains2014ALL.json,2014,GS4,77,12,72,1574,unverifiable,51.9,2025,14,false
UPSCCSEMains2014ALL.json,2014,GS4,78,13,73,1324,unverifiable,56.8,2025,8,false
UPSCCSEMains2014GS1.json,2014,GS1,1,1,1,140,unverifiable,53.6,2022,7,false
UPSCCSEMains2014GS1.json,2014,GS1,2,2,2,72,unverifiable,52.9,2022,1,false
UPSCCSEMains2014GS1.json,2014,GS1,3,3,3,210,unverifiable,50.6,2025,5,false
UPSCCSEMains2014GS1.json,2014,GS1,4,4,4,106,unverifiable,50.0,2025,11,false
UPSCCSEMains2014GS1.json,2014,GS1,5,5,5,172,unverifiable,49.4,2022,2,false
UPSCCSEMains2014GS1.json,2014,GS1,6,6,6,142,unverifiable,53.9,2022,2,false
UPSCCSEMains2014GS1.json,2014,GS1,7,7,7,116,unverifiable,53.0,2015,,false
UPSCCSEMains2014GS1.json,2014,GS1,8,8,8,101,unverifiable,57.1,2022,13,false
UPSCCSEMains2014GS1.json,2014,GS1,9,9,9,101,unverifiable,55.0,2022,11,false
UPSCCSEMains2014GS1.json,2014,GS1,10,10,10,90,unverifiable,54.1,2025,9,false
UPSCCSEMains2014GS1.json,2014,GS1,11,11,11,92,unverifiable,51.6,2022,10,false
UPSCCSEMains2014GS1.json,2014,GS1,12,12,12,110,unverifiable,53.7,2015,2,false
UPSCCSEMains2014GS1.json,2014,GS1,13,13,13,83,unverifiable,54.9,2022,20,false
UPSCCSEMains2014GS1.json,2014,GS1,14,14,14,117,unverifiable,56.0,2022,15,false
UPSCCSEMains2014GS1.json,2014,GS1,15,15,15,125,unverifiable,58.5,2015,,false
UPSCCSEMains2014GS1.json,2014,GS1,16,16,16,130,unverifiable,52.7,2015,19,false
UPSCCSEMains2014GS1.json,2014,GS1,17,17,17,119,unverifiable,60.0,2022,20,false
UPSCCSEMains2014GS1.json,2014,GS1,18,18,18,135,unverifiable,53.4,2025,1,false
UPSCCSEMains2014GS1.json,2014,GS1,19,19,19,115,unverifiable,58.4,2015,,false
UPSCCSEMains2014GS1.json,2014,GS1,20,20,20,119,unverifiable,53.2,2025,14,false
UPSCCSEMains2014GS2.json,2014,GS2,1,1,21,174,unverifiable,52.1,2015,16,false
UPSCCSEMains2014GS2.json,2014,GS2,2,2,22,141,unverifiable,53.6,2024,,false
UPSCCSEMains2014GS2.json,2014,GS2,3,3,23,140,unverifiable,50.0,2022,7,false
UPSCCSEMains2014GS2.json,2014,GS2,4,4,24,117,unverifiable,60.5,2022,5,false
UPSCCSEMains2014GS2.json,2014,GS2,5,5,25,134,unverifiable,55.6,2025,12,false
UPSCCSEMains2014GS2.json,2014,GS2,6,6,26,131,unverifiable,54.3,2022,3,false
UPSCCSEMains2014GS2.json,2014,GS2,7,7,27,108,unverifiable,53.3,2022,1,false
UPSCCSEMains2014GS2.json,2014,GS2,8,8,28,128,unverifiable,54.8,2015,11,false
UPSCCSEMains2014GS2.json,2014,GS2,9,9,29,120,unverifiable,59.5,2025,17,false
UPSCCSEMains2014GS2.json,2014,GS2,10,10,30,112,unverifiable,53.2,2024,,false
UPSCCSEMains2014GS2.json,2014,GS2,11,11,31,126,unverifiable,54.8,2025,5,false
UPSCCSEMains2014GS2.json,2014,GS2,12,12,32,125,unverifiable,53.2,2022,7,false
UPSCCSEMains2014GS2.json,2014,GS2,13,13,33,139,unverifiable,56.9,2025,12,false
UPSCCSEMains2014GS2.json,2014,GS2,14,14,34,117,unverifiable,59.0,2025,15,false
UPSCCSEMains2014GS2.json,2014,GS2,15,15,35,138,unverifiable,51.5,2022,8,false
UPSCCSEMains2014GS2.json,2014,GS2,16,16,36,109,unverifiable,60.2,2025,19,false
UPSCCSEMains2014GS2.json,2014,GS2,17,17,37,136,unverifiable,51.1,2022,1,false
UPSCCSEMains2014GS2.json,2014,GS2,18,18,38,124,unverifiable,56.3,2022,10,false
UPSCCSEMains2014GS2.json,2014,GS2,19,19,39,122,unverifiable,57.1,2025,12,false
UPSCCSEMains2014GS2.json,2014,GS2,20,20,40,149,unverifiable,52.7,2022,1,false
UPSCCSEMains2014GS3.json,2014,GS3,1,1,41,111,unverifiable,51.9,2015,10,false
UPSCCSEMains2014GS3.json,2014,GS3,2,2,42,116,unverifiable,54.0,2025,11,false
UPSCCSEMains2014GS3.json,2014,GS3,3,3,43,120,unverifiable,55.6,2025,19,false
UPSCCSEMains2014GS3.json,2014,GS3,4,4,44,122,unverifiable,55.5,2025,15,false
UPSCCSEMains2014GS3.json,2014,GS3,5,5,45,144,unverifiable,61.3,2015,6,false
UPSCCSEMains2014GS3.json,2014,GS3,6,6,46,127,unverifiable,55.7,2022,16,false
UPSCCSEMains2014GS3.json,2014,GS3,7,7,47,134,unverifiable,55.4,2025,15,false
UPSCCSEMains2014GS3.json,2014,GS3,8,8,48,110,unverifiable,64.9,2024,6,false
UPSCCSEMains2014GS3.json,2014,GS3,9,9,49,111,unverifiable,57.3,2022,10,false
UPSCCSEMains2014GS3.json,2014,GS3,10,10,50,115,unverifiable,54.0,2022,13,false
UPSCCSEMains2014GS3.json,2014,GS3,11,11,51,154,unverifiable,52.4,2025,12,false
UPSCCSEMains2014GS3.json,2014,GS3,12,12,52,133,unverifiable,55.0,2025,10,false
UPSCCSEMains2014GS3.json,2014,GS3,13,13,53,135,unverifiable,52.6,2025,19,false
UPSCCSEMains2014GS3.json,2014,GS3,14,14,54,145,unverifiable,56.6,2022,3,false
UPSCCSEMains2014GS3.json,2014,GS3,15,15,55,139,unverifiable,50.0,2025,5,false
UPSCCSEMains2014GS3.json,2014,GS3,16,16,56,120,unverifiable,52.0,2025,15,false
UPSCCSEMains2014GS3.json,2014,GS3,17,17,57,133,unverifiable,53.7,2025,6,false
UPSCCSEMains2014GS3.json,2014,GS3,18,18,58,137,unverifiable,80.0,2025,10,false
UPSCCSEMains2014GS3.json,2014,GS3,19,19,59,133,unverifiable,54.5,2025,11,false
UPSCCSEMains2014GS3.json,2014,GS3,20,20,60,140,unverifiable,52.2,2015,18,false
UPSCCSEMains2014GS4.json,2014,GS4,1a,1a,,112,unverifiable,52.3,2022,2,false
UPSCCSEMains2014GS4.json,2014,GS4,1b,1b,,138,unverifiable,55.0,2025,11,false
UPSCCSEMains2014GS4.json,2014,GS4,2a,2a,,110,unverifiable,53.7,2022,7,false
UPSCCSEMains2014GS4.json,2014,GS4,2b,2b,,115,unverifiable,56.6,2022,1,false
UPSCCSEMains2014GS4.json,2014,GS4,3a,3a,,199,unverifiable,50.0,2025,9,false
UPSCCSEMains2014GS4.json,2014,GS4,3b,3b,,110,unverifiable,52.8,2015,14,false
UPSCCSEMains2014GS4.json,2014,GS4,4a,4a,,103,unverifiable,50.5,2025,1,false
UPSCCSEMains2014GS4.json,2014,GS4,4b,4b,,144,unverifiable,51.7,2025,7,false
UPSCCSEMains2014GS4.json,2014,GS4,5a,5a,,157,unverifiable,52.0,2025,5,false
UPSCCSEMains2014GS4.json,2014,GS4,5b,5b,,135,unverifiable,50.0,2025,14,false
UPSCCSEMains2014GS4.json,2014,GS4,6,6,66,111,unverifiable,63.3,2025,9,false
UPSCCSEMains2014GS4.json,2014,GS4,7,7,67,118,unverifiable,50.9,2022,12,false
UPSCCSEMains2014GS4.json,2014,GS4,8,8,68,1347,unverifiable,60.0,2025,2,false
UPSCCSEMains2014GS4.json,2014,GS4,9,9,69,1410,unverifiable,55.6,2025,9,false
UPSCCSEMains2014GS4.json,2014,GS4,10,10,70,1507,unverifiable,52.5,2025,10,false
UPSCCSEMains2014GS4.json,2014,GS4,11,11,71,1306,unverifiable,62.5,2025,1,false
UPSCCSEMains2014GS4.json,2014,GS4,12,12,72,1574,unverifiable,51.9,2025,14,false
UPSCCSEMains2014GS4.json,2014,GS4,13,13,73,1324,unverifiable,56.8,2025,8,false
UPSCCSEMains2015APPENDGS1GS2GS4.json,2015,GS1,21,1,1,190,variant,92.0,2015,,false
UPSCCSEMains2015APPENDGS1GS2GS4.json,2015,GS1,22,2,2,184,exact,97.8,2015,,false
UPSCCSEMains2015APPENDGS1GS2GS4.json,2015,GS1,23,3,3,101,exact,100.0,2015,,false
UPSCCSEMains2015APPENDGS1GS2GS4.json,2015,GS1,24,4,4,107,orphan,53.3,2015,,false
UPSCCSEMains2015APPENDGS1GS2GS4.json,2015,GS1,25,5,5,141,variant,92.8,2015,,false
UPSCCSEMains2015APPENDGS1GS2GS4.json,2015,GS1,26,6,6,107,orphan,51.9,2015,,false
UPSCCSEMains2015APPENDGS1GS2GS4.json,2015,GS1,27,7,7,80,orphan,63.3,2015,,false
UPSCCSEMains2015APPENDGS1GS2GS4.json,2015,GS1,28,8,8,73,orphan,54.2,2024,17,false
UPSCCSEMains2015APPENDGS1GS2GS4.json,2015,GS1,29,9,9,82,orphan,60.5,2025,8,false
UPSCCSEMains2015APPENDGS1GS2GS4.json,2015,GS1,30,10,10,88,orphan,64.4,2015,,false
UPSCCSEMains2015APPENDGS1GS2GS4.json,2015,GS1,31,11,11,104,orphan,59.2,2022,13,false
UPSCCSEMains2015APPENDGS1GS2GS4.json,2015,GS1,32,12,12,91,orphan,58.4,2022,14,false
UPSCCSEMains2015APPENDGS1GS2GS4.json,2015,GS1,33,13,13,124,orphan,54.2,2025,14,false
UPSCCSEMains2015APPENDGS1GS2GS4.json,2015,GS1,34,14,14,111,orphan,51.9,2022,4,false
UPSCCSEMains2015APPENDGS1GS2GS4.json,2015,GS1,35,15,15,107,orphan,54.7,2022,13,false
UPSCCSEMains2015APPENDGS1GS2GS4.json,2015,GS1,36,16,16,104,orphan,56.3,2015,,false
UPSCCSEMains2015APPENDGS1GS2GS4.json,2015,GS1,37,17,17,103,orphan,55.4,2025,14,false
UPSCCSEMains2015APPENDGS1GS2GS4.json,2015,GS1,38,18,18,92,orphan,57.0,2025,8,false
UPSCCSEMains2015APPENDGS1GS2GS4.json,2015,GS1,39,19,19,119,orphan,62.9,2025,14,false
UPSCCSEMains2015APPENDGS1GS2GS4.json,2015,GS1,40,20,20,88,orphan,53.5,2022,13,false
UPSCCSEMains2015APPENDGS1GS2GS4.json,2015,GS2,41,1,21,118,orphan,59.1,2022,12,false
UPSCCSEMains2015APPENDGS1GS2GS4.json,2015,GS2,42,2,22,137,orphan,52.6,2022,11,false
UPSCCSEMains2015APPENDGS1GS2GS4.json,2015,GS2,43,3,23,118,orphan,54.8,2025,15,false
UPSCCSEMains2015APPENDGS1GS2GS4.json,2015,GS2,44,4,24,112,orphan,74.1,2025,14,false
UPSCCSEMains2015APPENDGS1GS2GS4.json,2015,GS2,45,5,25,108,orphan,55.3,2022,18,false
UPSCCSEMains2015APPENDGS1GS2GS4.json,2015,GS2,46,6,26,117,orphan,52.6,2025,1,false
UPSCCSEMains2015APPENDGS1GS2GS4.json,2015,GS2,47,7,27,105,orphan,66.7,2025,8,false
UPSCCSEMains2015APPENDGS1GS2GS4.json,2015,GS2,48,8,28,117,orphan,56.6,2025,5,false
UPSCCSEMains2015APPENDGS1GS2GS4.json,2015,GS2,49,9,29,115,orphan,53.2,2022,11,false
UPSCCSEMains2015APPENDGS1GS2GS4.json,2015,GS2,50,10,30,105,orphan,54.5,2022,9,false
UPSCCSEMains2015APPENDGS1GS2GS4.json,2015,GS2,51,11,31,136,orphan,55.6,2025,12,false
UPSCCSEMains2015APPENDGS1GS2GS4.json,2015,GS2,52,12,32,118,orphan,53.5,2025,13,false
UPSCCSEMains2015APPENDGS1GS2GS4.json,2015,GS2,53,13,33,163,orphan,57.9,2025,1,false
UPSCCSEMains2015APPENDGS1GS2GS4.json,2015,GS2,54,14,34,120,orphan,58.8,2025,16,false
UPSCCSEMains2015APPENDGS1GS2GS4.json,2015,GS2,55,15,35,125,orphan,51.2,2025,6,false
UPSCCSEMains2015APPENDGS1GS2GS4.json,2015,GS2,56,16,36,139,orphan,51.9,2025,9,false
UPSCCSEMains2015APPENDGS1GS2GS4.json,2015,GS2,57,17,37,107,orphan,56.7,2025,1,false
UPSCCSEMains2015APPENDGS1GS2GS4.json,2015,GS2,58,18,38,118,orphan,55.6,2024,20,false
UPSCCSEMains2015APPENDGS1GS2GS4.json,2015,GS2,59,19,39,98,orphan,54.6,2025,12,false
UPSCCSEMains2015APPENDGS1GS2GS4.json,2015,GS2,60,20,40,154,orphan,51.1,2025,2,false
UPSCCSEMains2015APPENDGS1GS2GS4.json,2015,GS4,61,1,61,101,unverifiable,57.3,2024,8,false
UPSCCSEMains2015APPENDGS1GS2GS4.json,2015,GS4,62,1,61,112,unverifiable,52.8,2024,,false
UPSCCSEMains2015APPENDGS1GS2GS4.json,2015,GS4,63,2,62,143,unverifiable,52.9,2025,16,false
UPSCCSEMains2015APPENDGS1GS2GS4.json,2015,GS4,64,2,62,104,unverifiable,60.0,2022,4,false
UPSCCSEMains2015APPENDGS1GS2GS4.json,2015,GS4,65,3,63,117,unverifiable,57.1,2025,6,false
UPSCCSEMains2015APPENDGS1GS2GS4.json,2015,GS4,66,3,63,136,unverifiable,53.7,2024,,false
UPSCCSEMains2015APPENDGS1GS2GS4.json,2015,GS4,67,4,64,123,unverifiable,55.4,2024,,false
UPSCCSEMains2015APPENDGS1GS2GS4.json,2015,GS4,68,4,64,112,unverifiable,56.4,2024,,false
UPSCCSEMains2015APPENDGS1GS2GS4.json,2015,GS4,69,5,65,132,unverifiable,52.8,2024,19,false
UPSCCSEMains2015APPENDGS1GS2GS4.json,2015,GS4,70,5,65,214,unverifiable,50.5,2022,4,false
UPSCCSEMains2015APPENDGS1GS2GS4.json,2015,GS4,71,6,66,141,unverifiable,56.1,2025,12,false
UPSCCSEMains2015APPENDGS1GS2GS4.json,2015,GS4,72,7,67,160,unverifiable,49.4,2024,,false
UPSCCSEMains2015APPENDGS1GS2GS4.json,2015,GS4,73,8,68,1495,unverifiable,60.0,2025,2,false
UPSCCSEMains2015APPENDGS1GS2GS4.json,2015,GS4,74,9,69,1410,unverifiable,52.5,2025,10,false
UPSCCSEMains2015APPENDGS1GS2GS4.json,2015,GS4,75,10,70,1603,unverifiable,62.5,2025,10,false
UPSCCSEMains2015APPENDGS1GS2GS4.json,2015,GS4,76,11,71,1462,unverifiable,51.7,2025,7,false
UPSCCSEMains2015APPENDGS1GS2GS4.json,2015,GS4,77,12,72,1351,unverifiable,55.0,2025,10,false
UPSCCSEMains2015APPENDGS1GS2GS4.json,2015,GS4,78,13,73,1446,unverifiable,55.6,2025,9,false
UPSCCSEMains2015GS1.json,2015,GS1,1,1,1,190,variant,92.0,2015,,false
UPSCCSEMains2015GS1.json,2015,GS1,2,2,2,184,exact,97.8,2015,,false
UPSCCSEMains2015GS1.json,2015,GS1,3,3,3,101,exact,100.0,2015,,false
UPSCCSEMains2015GS1.json,2015,GS1,4,4,4,107,orphan,53.3,2015,,false
UPSCCSEMains2015GS1.json,2015,GS1,5,5,5,141,variant,92.8,2015,,false
UPSCCSEMains2015GS1.json,2015,GS1,6,6,6,107,orphan,51.9,2015,,false
UPSCCSEMains2015GS1.json,2015,GS1,7,7,7,80,orphan,63.3,2015,,false
UPSCCSEMains2015GS1.json,2015,GS1,8,8,8,73,orphan,54.2,2024,17,false
UPSCCSEMains2015GS1.json,2015,GS1,9,9,9,82,orphan,60.5,2025,8,false
UPSCCSEMains2015GS1.json,2015,GS1,10,10,10,88,orphan,64.4,2015,,false
UPSCCSEMains2015GS1.json,2015,GS1,11,11,11,104,orphan,59.2,2022,13,false
UPSCCSEMains2015GS1.json,2015,GS1,12,12,12,91,orphan,58.4,2022,14,false
UPSCCSEMains2015GS1.json,2015,GS1,13,13,13,124,orphan,54.2,2025,14,false
UPSCCSEMains2015GS1.json,2015,GS1,14,14,14,111,orphan,51.9,2022,4,false
UPSCCSEMains2015GS1.json,2015,GS1,15,15,15,107,orphan,54.7,2022,13,false
UPSCCSEMains2015GS1.json,2015,GS1,16,16,16,104,orphan,56.3,2015,,false
UPSCCSEMains2015GS1.json,2015,GS1,17,17,17,103,orphan,55.4,2025,14,false
UPSCCSEMains2015GS1.json,2015,GS1,18,18,18,92,orphan,57.0,2025,8,false
UPSCCSEMains2015GS1.json,2015,GS1,19,19,19,119,orphan,62.9,2025,14,false
UPSCCSEMains2015GS1.json,2015,GS1,20,20,20,88,orphan,53.5,2022,13,false
UPSCCSEMains2015GS2.json,2015,GS2,1,1,21,118,orphan,59.1,2022,12,false
UPSCCSEMains2015GS2.json,2015,GS2,2,2,22,137,orphan,52.6,2022,11,false
UPSCCSEMains2015GS2.json,2015,GS2,3,3,23,118,orphan,54.8,2025,15,false
UPSCCSEMains2015GS2.json,2015,GS2,4,4,24,112,orphan,74.1,2025,14,false
UPSCCSEMains2015GS2.json,2015,GS2,5,5,25,108,orphan,55.3,2022,18,false
UPSCCSEMains2015GS2.json,2015,GS2,6,6,26,117,orphan,52.6,2025,1,false
UPSCCSEMains2015GS2.json,2015,GS2,7,7,27,105,orphan,66.7,2025,8,false
UPSCCSEMains2015GS2.json,2015,GS2,8,8,28,117,orphan,56.6,2025,5,false
UPSCCSEMains2015GS2.json,2015,GS2,9,9,29,115,orphan,53.2,2022,11,false
UPSCCSEMains2015GS2.json,2015,GS2,10,10,30,105,orphan,54.5,2022,9,false
UPSCCSEMains2015GS2.json,2015,GS2,11,11,31,136,orphan,55.6,2025,12,false
UPSCCSEMains2015GS2.json,2015,GS2,12,12,32,118,orphan,53.5,2025,13,false
UPSCCSEMains2015GS2.json,2015,GS2,13,13,33,163,orphan,57.9,2025,1,false
UPSCCSEMains2015GS2.json,2015,GS2,14,14,34,120,orphan,58.8,2025,16,false
UPSCCSEMains2015GS2.json,2015,GS2,15,15,35,125,orphan,51.2,2025,6,false
UPSCCSEMains2015GS2.json,2015,GS2,16,16,36,139,orphan,51.9,2025,9,false
UPSCCSEMains2015GS2.json,2015,GS2,17,17,37,107,orphan,56.7,2025,1,false
UPSCCSEMains2015GS2.json,2015,GS2,18,18,38,118,orphan,55.6,2024,20,false
UPSCCSEMains2015GS2.json,2015,GS2,19,19,39,98,orphan,54.6,2025,12,false
UPSCCSEMains2015GS2.json,2015,GS2,20,20,40,154,orphan,51.1,2025,2,false
UPSCCSEMains2015GS4.json,2015,GS4,1a,1a,,101,unverifiable,57.3,2024,8,false
UPSCCSEMains2015GS4.json,2015,GS4,1b,1b,,112,unverifiable,52.8,2024,,false
UPSCCSEMains2015GS4.json,2015,GS4,2a,2a,,143,unverifiable,52.9,2025,16,false
UPSCCSEMains2015GS4.json,2015,GS4,2b,2b,,104,unverifiable,60.0,2022,4,false
UPSCCSEMains2015GS4.json,2015,GS4,3a,3a,,117,unverifiable,57.1,2025,6,false
UPSCCSEMains2015GS4.json,2015,GS4,3b,3b,,136,unverifiable,53.7,2024,,false
UPSCCSEMains2015GS4.json,2015,GS4,4a,4a,,123,unverifiable,55.4,2024,,false
UPSCCSEMains2015GS4.json,2015,GS4,4b,4b,,112,unverifiable,56.4,2024,,false
UPSCCSEMains2015GS4.json,2015,GS4,5a,5a,,132,unverifiable,52.8,2024,19,false
UPSCCSEMains2015GS4.json,2015,GS4,5b,5b,,214,unverifiable,50.5,2022,4,false
UPSCCSEMains2015GS4.json,2015,GS4,6,6,66,141,unverifiable,56.1,2025,12,false
UPSCCSEMains2015GS4.json,2015,GS4,7,7,67,160,unverifiable,49.4,2024,,false
UPSCCSEMains2015GS4.json,2015,GS4,8,8,68,1495,unverifiable,60.0,2025,2,false
UPSCCSEMains2015GS4.json,2015,GS4,9,9,69,1410,unverifiable,52.5,2025,10,false
UPSCCSEMains2015GS4.json,2015,GS4,10,10,70,1603,unverifiable,62.5,2025,10,false
UPSCCSEMains2015GS4.json,2015,GS4,11,11,71,1462,unverifiable,51.7,2025,7,false
UPSCCSEMains2015GS4.json,2015,GS4,12,12,72,1351,unverifiable,55.0,2025,10,false
UPSCCSEMains2015GS4.json,2015,GS4,13,13,73,1446,unverifiable,55.6,2025,9,false
UPSCCSEMains2016APPENDGS1GS2.json,2016,GS1,39,1,1,196,unverifiable,56.5,2025,6,false
UPSCCSEMains2016APPENDGS1GS2.json,2016,GS1,40,2,2,94,unverifiable,60.9,2024,11,false
UPSCCSEMains2016APPENDGS1GS2.json,2016,GS1,41,3,3,128,unverifiable,60.0,2025,2,false
UPSCCSEMains2016APPENDGS1GS2.json,2016,GS1,42,4,4,83,unverifiable,58.5,2022,4,false
UPSCCSEMains2016APPENDGS1GS2.json,2016,GS1,43,5,5,113,unverifiable,52.7,2022,2,false
UPSCCSEMains2016APPENDGS1GS2.json,2016,GS1,44,6,6,78,unverifiable,57.1,2022,12,false
UPSCCSEMains2016APPENDGS1GS2.json,2016,GS1,45,7,7,107,unverifiable,51.4,2022,8,false
UPSCCSEMains2016APPENDGS1GS2.json,2016,GS1,46,8,8,93,unverifiable,54.9,2022,3,false
UPSCCSEMains2016APPENDGS1GS2.json,2016,GS1,47,9,9,154,unverifiable,61.9,2025,12,false
UPSCCSEMains2016APPENDGS1GS2.json,2016,GS1,48,10,10,115,unverifiable,54.1,2024,,false
UPSCCSEMains2016APPENDGS1GS2.json,2016,GS1,49,11,11,92,unverifiable,56.0,2025,11,false
UPSCCSEMains2016APPENDGS1GS2.json,2016,GS1,50,12,12,93,unverifiable,72.8,2015,,false
UPSCCSEMains2016APPENDGS1GS2.json,2016,GS1,51,13,13,137,unverifiable,55.6,2024,17,false
UPSCCSEMains2016APPENDGS1GS2.json,2016,GS1,52,14,14,72,unverifiable,60.6,2025,14,false
UPSCCSEMains2016APPENDGS1GS2.json,2016,GS1,53,15,15,114,unverifiable,53.6,2025,5,false
UPSCCSEMains2016APPENDGS1GS2.json,2016,GS1,54,16,16,116,unverifiable,56.5,2025,17,false
UPSCCSEMains2016APPENDGS1GS2.json,2016,GS1,55,17,17,72,unverifiable,54.9,2022,1,false
UPSCCSEMains2016APPENDGS1GS2.json,2016,GS1,56,18,18,124,unverifiable,54.9,2025,5,false
UPSCCSEMains2016APPENDGS1GS2.json,2016,GS1,57,19,19,82,unverifiable,57.0,2025,11,false
UPSCCSEMains2016APPENDGS1GS2.json,2016,GS1,58,20,20,108,unverifiable,56.6,2022,20,false
UPSCCSEMains2016APPENDGS1GS2.json,2016,GS2,59,1,21,133,unverifiable,52.8,2025,1,false
UPSCCSEMains2016APPENDGS1GS2.json,2016,GS2,60,2,22,104,unverifiable,55.4,2022,3,false
UPSCCSEMains2016APPENDGS1GS2.json,2016,GS2,61,3,23,123,unverifiable,54.6,2022,13,false
UPSCCSEMains2016APPENDGS1GS2.json,2016,GS2,62,4,24,125,unverifiable,70.6,2025,5,false
UPSCCSEMains2016APPENDGS1GS2.json,2016,GS2,63,5,25,135,unverifiable,53.5,2024,,false
UPSCCSEMains2016APPENDGS1GS2.json,2016,GS2,64,6,26,123,unverifiable,56.7,2025,1,false
UPSCCSEMains2016APPENDGS1GS2.json,2016,GS2,65,7,27,88,unverifiable,51.8,2015,9,false
UPSCCSEMains2016APPENDGS1GS2.json,2016,GS2,66,8,28,134,unverifiable,55.2,2025,7,false
UPSCCSEMains2016APPENDGS1GS2.json,2016,GS2,67,9,29,114,unverifiable,54.5,2025,4,false
UPSCCSEMains2016APPENDGS1GS2.json,2016,GS2,68,10,30,107,unverifiable,57.7,2022,13,false
UPSCCSEMains2016APPENDGS1GS2.json,2016,GS2,69,11,31,113,unverifiable,59.8,2022,8,false
UPSCCSEMains2016APPENDGS1GS2.json,2016,GS2,70,12,32,142,unverifiable,54.6,2025,8,false
UPSCCSEMains2016APPENDGS1GS2.json,2016,GS2,71,13,33,131,unverifiable,52.6,2025,1,false
UPSCCSEMains2016APPENDGS1GS2.json,2016,GS2,72,14,34,111,unverifiable,54.6,2025,8,false
UPSCCSEMains2016APPENDGS1GS2.json,2016,GS2,73,15,35,98,unverifiable,58.3,2025,15,false
UPSCCSEMains2016APPENDGS1GS2.json,2016,GS2,74,16,36,151,unverifiable,52.5,2025,10,false
UPSCCSEMains2016APPENDGS1GS2.json,2016,GS2,75,17,37,130,unverifiable,55.9,2022,3,false
UPSCCSEMains2016APPENDGS1GS2.json,2016,GS2,76,18,38,102,unverifiable,55.4,2015,5,false
UPSCCSEMains2016APPENDGS1GS2.json,2016,GS2,77,19,39,134,unverifiable,54.0,2025,16,false
UPSCCSEMains2016APPENDGS1GS2.json,2016,GS2,78,20,40,131,unverifiable,63.2,2025,14,false
UPSCCSEMains2016GS1.json,2016,GS1,1,1,1,196,unverifiable,56.5,2025,6,false
UPSCCSEMains2016GS1.json,2016,GS1,2,2,2,94,unverifiable,60.9,2024,11,false
UPSCCSEMains2016GS1.json,2016,GS1,3,3,3,128,unverifiable,60.0,2025,2,false
UPSCCSEMains2016GS1.json,2016,GS1,4,4,4,83,unverifiable,58.5,2022,4,false
UPSCCSEMains2016GS1.json,2016,GS1,5,5,5,113,unverifiable,52.7,2022,2,false
UPSCCSEMains2016GS1.json,2016,GS1,6,6,6,78,unverifiable,57.1,2022,12,false
UPSCCSEMains2016GS1.json,2016,GS1,7,7,7,107,unverifiable,51.4,2022,8,false
UPSCCSEMains2016GS1.json,2016,GS1,8,8,8,93,unverifiable,54.9,2022,3,false
UPSCCSEMains2016GS1.json,2016,GS1,9,9,9,154,unverifiable,61.9,2025,12,false
UPSCCSEMains2016GS1.json,2016,GS1,10,10,10,115,unverifiable,54.1,2024,,false
UPSCCSEMains2016GS1.json,2016,GS1,11,11,11,92,unverifiable,56.0,2025,11,false
UPSCCSEMains2016GS1.json,2016,GS1,12,12,12,93,unverifiable,72.8,2015,,false
UPSCCSEMains2016GS1.json,2016,GS1,13,13,13,137,unverifiable,55.6,2024,17,false
UPSCCSEMains2016GS1.json,2016,GS1,14,14,14,72,unverifiable,60.6,2025,14,false
UPSCCSEMains2016GS1.json,2016,GS1,15,15,15,114,unverifiable,53.6,2025,5,false
UPSCCSEMains2016GS1.json,2016,GS1,16,16,16,116,unverifiable,56.5,2025,17,false
UPSCCSEMains2016GS1.json,2016,GS1,17,17,17,72,unverifiable,54.9,2022,1,false
UPSCCSEMains2016GS1.json,2016,GS1,18,18,18,124,unverifiable,54.9,2025,5,false
UPSCCSEMains2016GS1.json,2016,GS1,19,19,19,82,unverifiable,57.0,2025,11,false
UPSCCSEMains2016GS1.json,2016,GS1,20,20,20,108,unverifiable,56.6,2022,20,false
UPSCCSEMains2016GS2.json,2016,GS2,1,1,21,133,unverifiable,52.8,2025,1,false
UPSCCSEMains2016GS2.json,2016,GS2,2,2,22,104,unverifiable,55.4,2022,3,false
UPSCCSEMains2016GS2.json,2016,GS2,3,3,23,123,unverifiable,54.6,2022,13,false
UPSCCSEMains2016GS2.json,2016,GS2,4,4,24,125,unverifiable,70.6,2025,5,false
UPSCCSEMains2016GS2.json,2016,GS2,5,5,25,135,unverifiable,53.5,2024,,false
UPSCCSEMains2016GS2.json,2016,GS2,6,6,26,123,unverifiable,56.7,2025,1,false
UPSCCSEMains2016GS2.json,2016,GS2,7,7,27,88,unverifiable,51.8,2015,9,false
UPSCCSEMains2016GS2.json,2016,GS2,8,8,28,134,unverifiable,55.2,2025,7,false
UPSCCSEMains2016GS2.json,2016,GS2,9,9,29,114,unverifiable,54.5,2025,4,false
UPSCCSEMains2016GS2.json,2016,GS2,10,10,30,107,unverifiable,57.7,2022,13,false
UPSCCSEMains2016GS2.json,2016,GS2,11,11,31,113,unverifiable,59.8,2022,8,false
UPSCCSEMains2016GS2.json,2016,GS2,12,12,32,142,unverifiable,54.6,2025,8,false
UPSCCSEMains2016GS2.json,2016,GS2,13,13,33,131,unverifiable,52.6,2025,1,false
UPSCCSEMains2016GS2.json,2016,GS2,14,14,34,111,unverifiable,54.6,2025,8,false
UPSCCSEMains2016GS2.json,2016,GS2,15,15,35,98,unverifiable,58.3,2025,15,false
UPSCCSEMains2016GS2.json,2016,GS2,16,16,36,151,unverifiable,52.5,2025,10,false
UPSCCSEMains2016GS2.json,2016,GS2,17,17,37,130,unverifiable,55.9,2022,3,false
UPSCCSEMains2016GS2.json,2016,GS2,18,18,38,102,unverifiable,55.4,2015,5,false
UPSCCSEMains2016GS2.json,2016,GS2,19,19,39,134,unverifiable,54.0,2025,16,false
UPSCCSEMains2016GS2.json,2016,GS2,20,20,40,131,unverifiable,63.2,2025,14,false
UPSCCSEMains2017APPENDGS1GS2Essay.json,2017,GS1,40,1,1,125,unverifiable,50.0,2015,12,false
UPSCCSEMains2017APPENDGS1GS2Essay.json,2017,GS1,41,2,2,91,unverifiable,54.7,2022,11,false
UPSCCSEMains2017APPENDGS1GS2Essay.json,2017,GS1,42,3,3,150,unverifiable,55.2,2025,7,false
UPSCCSEMains2017APPENDGS1GS2Essay.json,2017,GS1,43,4,4,76,unverifiable,53.3,2025,20,false
UPSCCSEMains2017APPENDGS1GS2Essay.json,2017,GS1,44,5,5,91,unverifiable,58.9,2022,15,false
UPSCCSEMains2017APPENDGS1GS2Essay.json,2017,GS1,45,6,6,102,unverifiable,53.8,2025,15,false
UPSCCSEMains2017APPENDGS1GS2Essay.json,2017,GS1,46,7,7,154,unverifiable,51.6,2024,,false
UPSCCSEMains2017APPENDGS1GS2Essay.json,2017,GS1,47,8,8,46,unverifiable,62.2,2015,,false
UPSCCSEMains2017APPENDGS1GS2Essay.json,2017,GS1,48,9,9,140,unverifiable,53.6,2022,13,false
UPSCCSEMains2017APPENDGS1GS2Essay.json,2017,GS1,49,10,10,136,unverifiable,52.2,2025,6,false
UPSCCSEMains2017APPENDGS1GS2Essay.json,2017,GS1,50,11,11,176,unverifiable,52.9,2025,5,false
UPSCCSEMains2017APPENDGS1GS2Essay.json,2017,GS1,51,12,12,103,unverifiable,55.6,2025,14,false
UPSCCSEMains2017APPENDGS1GS2Essay.json,2017,GS1,52,13,13,138,unverifiable,52.6,2024,,false
UPSCCSEMains2017APPENDGS1GS2Essay.json,2017,GS1,53,14,14,85,unverifiable,53.6,2024,,false
UPSCCSEMains2017APPENDGS1GS2Essay.json,2017,GS1,54,15,15,160,unverifiable,50.3,2024,,false
UPSCCSEMains2017APPENDGS1GS2Essay.json,2017,GS1,55,16,16,124,unverifiable,54.9,2025,5,false
UPSCCSEMains2017APPENDGS1GS2Essay.json,2017,GS1,56,17,17,88,unverifiable,55.2,2025,15,false
UPSCCSEMains2017APPENDGS1GS2Essay.json,2017,GS1,57,18,18,117,unverifiable,56.2,2025,14,false
UPSCCSEMains2017APPENDGS1GS2Essay.json,2017,GS1,58,19,19,156,unverifiable,54.2,2024,8,false
UPSCCSEMains2017APPENDGS1GS2Essay.json,2017,GS1,59,20,20,149,unverifiable,61.9,2025,12,false
UPSCCSEMains2017APPENDGS1GS2Essay.json,2017,GS2,60,1,21,182,unverifiable,58.7,2015,3,false
UPSCCSEMains2017APPENDGS1GS2Essay.json,2017,GS2,61,2,22,130,unverifiable,58.4,2025,13,false
UPSCCSEMains2017APPENDGS1GS2Essay.json,2017,GS2,62,3,23,202,unverifiable,49.5,2022,12,false
UPSCCSEMains2017APPENDGS1GS2Essay.json,2017,GS2,63,4,24,151,unverifiable,61.5,2025,15,false
UPSCCSEMains2017APPENDGS1GS2Essay.json,2017,GS2,64,5,25,109,unverifiable,57.4,2022,15,false
UPSCCSEMains2017APPENDGS1GS2Essay.json,2017,GS2,65,6,26,259,unverifiable,49.8,2022,11,false
UPSCCSEMains2017APPENDGS1GS2Essay.json,2017,GS2,66,7,27,140,unverifiable,64.2,2022,7,false
UPSCCSEMains2017APPENDGS1GS2Essay.json,2017,GS2,67,8,28,152,unverifiable,51.1,2025,16,false
UPSCCSEMains2017APPENDGS1GS2Essay.json,2017,GS2,68,9,29,205,unverifiable,53.7,2025,5,false
UPSCCSEMains2017APPENDGS1GS2Essay.json,2017,GS2,69,10,30,144,unverifiable,56.5,2025,6,false
UPSCCSEMains2017APPENDGS1GS2Essay.json,2017,GS2,70,11,31,232,unverifiable,57.5,2025,1,false
UPSCCSEMains2017APPENDGS1GS2Essay.json,2017,GS2,71,12,32,118,unverifiable,60.7,2025,13,false
UPSCCSEMains2017APPENDGS1GS2Essay.json,2017,GS2,72,13,33,218,unverifiable,55.9,2025,12,false
UPSCCSEMains2017APPENDGS1GS2Essay.json,2017,GS2,73,14,34,211,unverifiable,61.8,2025,12,false
UPSCCSEMains2017APPENDGS1GS2Essay.json,2017,GS2,74,15,35,171,unverifiable,52.5,2025,10,false
UPSCCSEMains2017APPENDGS1GS2Essay.json,2017,GS2,75,16,36,187,unverifiable,52.9,2025,5,false
UPSCCSEMains2017APPENDGS1GS2Essay.json,2017,GS2,76,17,37,215,unverifiable,100.0,2015,2,false
UPSCCSEMains2017APPENDGS1GS2Essay.json,2017,GS2,77,18,38,140,unverifiable,55.4,2025,12,false
UPSCCSEMains2017APPENDGS1GS2Essay.json,2017,GS2,78,19,39,188,unverifiable,55.9,2025,5,false
UPSCCSEMains2017APPENDGS1GS2Essay.json,2017,GS2,79,20,40,161,unverifiable,57.3,2015,6,false
UPSCCSEMains2018ALL.json,2018,GS1,1,1,1,72,unverifiable,57.1,2022,13,false
UPSCCSEMains2018ALL.json,2018,GS1,2,2,2,119,unverifiable,56.8,2025,1,false
UPSCCSEMains2018ALL.json,2018,GS1,3,3,3,87,unverifiable,57.0,2025,9,false
UPSCCSEMains2018ALL.json,2018,GS1,4,4,4,100,unverifiable,51.0,2015,9,false
UPSCCSEMains2018ALL.json,2018,GS1,5,5,5,55,unverifiable,59.3,2025,7,false
UPSCCSEMains2018ALL.json,2018,GS1,6,6,6,60,unverifiable,55.9,2015,3,false
UPSCCSEMains2018ALL.json,2018,GS1,7,7,7,75,unverifiable,63.9,2022,10,false
UPSCCSEMains2018ALL.json,2018,GS1,8,8,8,126,unverifiable,53.3,2025,15,false
UPSCCSEMains2018ALL.json,2018,GS1,9,9,9,155,unverifiable,64.3,2025,16,false
UPSCCSEMains2018ALL.json,2018,GS1,10,10,10,96,unverifiable,53.2,2022,1,false
UPSCCSEMains2018ALL.json,2018,GS1,11,11,11,110,unverifiable,52.8,2015,,false
UPSCCSEMains2018ALL.json,2018,GS1,12,12,12,102,unverifiable,54.5,2025,5,false
UPSCCSEMains2018ALL.json,2018,GS1,13,13,13,144,unverifiable,50.7,2022,9,false
UPSCCSEMains2018ALL.json,2018,GS1,14,14,14,138,unverifiable,66.7,2025,9,false
UPSCCSEMains2018ALL.json,2018,GS1,15,15,15,100,unverifiable,54.1,2025,14,false
UPSCCSEMains2018ALL.json,2018,GS1,16,16,16,128,unverifiable,55.7,2022,16,false
UPSCCSEMains2018ALL.json,2018,GS1,17,17,17,167,unverifiable,57.5,2025,10,false
UPSCCSEMains2018ALL.json,2018,GS1,18,18,18,113,unverifiable,61.9,2025,12,false
UPSCCSEMains2018ALL.json,2018,GS1,19,19,19,167,unverifiable,50.0,2025,5,false
UPSCCSEMains2018ALL.json,2018,GS1,20,20,20,114,unverifiable,54.5,2022,1,false
UPSCCSEMains2018ALL.json,2018,GS2,21,1,21,206,unverifiable,55.5,2025,16,false
UPSCCSEMains2018ALL.json,2018,GS2,22,2,22,190,unverifiable,52.8,2025,18,false
UPSCCSEMains2018ALL.json,2018,GS2,23,3,23,160,unverifiable,51.6,2022,14,false
UPSCCSEMains2018ALL.json,2018,GS2,24,4,24,146,unverifiable,52.1,2025,16,false
UPSCCSEMains2018ALL.json,2018,GS2,25,5,25,195,unverifiable,52.9,2025,5,false
UPSCCSEMains2018ALL.json,2018,GS2,26,6,26,196,unverifiable,51.9,2025,9,false
UPSCCSEMains2018ALL.json,2018,GS2,27,7,27,122,unverifiable,51.7,2025,7,false
UPSCCSEMains2018ALL.json,2018,GS2,28,8,28,158,unverifiable,57.5,2022,9,false
UPSCCSEMains2018ALL.json,2018,GS2,29,9,29,116,unverifiable,51.4,2025,20,false
UPSCCSEMains2018ALL.json,2018,GS2,30,10,30,200,unverifiable,57.1,2025,11,false
UPSCCSEMains2018ALL.json,2018,GS2,31,11,31,146,unverifiable,51.1,2015,5,false
UPSCCSEMains2018ALL.json,2018,GS2,32,12,32,194,unverifiable,52.2,2025,2,false
UPSCCSEMains2018ALL.json,2018,GS2,33,13,33,111,unverifiable,52.4,2015,7,false
UPSCCSEMains2018ALL.json,2018,GS2,34,14,34,154,unverifiable,54.3,2022,15,false
UPSCCSEMains2018ALL.json,2018,GS2,35,15,35,194,unverifiable,51.7,2025,1,false
UPSCCSEMains2018ALL.json,2018,GS2,36,16,36,251,unverifiable,48.9,2025,1,false
UPSCCSEMains2018ALL.json,2018,GS2,37,17,37,188,unverifiable,55.6,2022,17,false
UPSCCSEMains2018ALL.json,2018,GS2,38,18,38,226,unverifiable,52.5,2025,10,false
UPSCCSEMains2018ALL.json,2018,GS2,39,19,39,147,unverifiable,59.1,2025,3,false
UPSCCSEMains2018ALL.json,2018,GS2,40,20,40,146,unverifiable,60.6,2025,12,false
UPSCCSEMains2018ALL.json,2018,GS3,41,1,41,186,unverifiable,57.9,2025,1,false
UPSCCSEMains2018ALL.json,2018,GS3,42,2,42,167,unverifiable,75.0,2025,18,false
UPSCCSEMains2018ALL.json,2018,GS3,43,3,43,106,unverifiable,52.0,2024,,false
UPSCCSEMains2018ALL.json,2018,GS3,44,4,44,145,unverifiable,55.6,2015,6,false
UPSCCSEMains2018ALL.json,2018,GS3,45,5,45,133,unverifiable,55.0,2022,15,false
UPSCCSEMains2018ALL.json,2018,GS3,46,6,46,222,unverifiable,50.0,2022,7,false
UPSCCSEMains2018ALL.json,2018,GS3,47,7,47,143,unverifiable,60.1,2022,8,false
UPSCCSEMains2018ALL.json,2018,GS3,48,8,48,111,unverifiable,61.6,2025,6,false
UPSCCSEMains2018ALL.json,2018,GS3,49,9,49,229,unverifiable,52.6,2025,1,false
UPSCCSEMains2018ALL.json,2018,GS3,50,10,50,190,unverifiable,55.9,2025,5,false
UPSCCSEMains2018ALL.json,2018,GS3,51,11,51,122,unverifiable,49.6,2015,,false
UPSCCSEMains2018ALL.json,2018,GS3,52,12,52,130,unverifiable,51.9,2025,5,false
UPSCCSEMains2018ALL.json,2018,GS3,53,13,53,191,unverifiable,56.8,2025,8,false
UPSCCSEMains2018ALL.json,2018,GS3,54,14,54,158,unverifiable,59.4,2025,8,false
UPSCCSEMains2018ALL.json,2018,GS3,55,15,55,132,unverifiable,49.6,2024,1,false
UPSCCSEMains2018ALL.json,2018,GS3,56,16,56,146,unverifiable,51.7,2025,7,false
UPSCCSEMains2018ALL.json,2018,GS3,57,17,57,122,unverifiable,52.6,2025,1,false
UPSCCSEMains2018ALL.json,2018,GS3,58,18,58,212,unverifiable,83.3,2025,15,false
UPSCCSEMains2018ALL.json,2018,GS3,59,19,59,311,unverifiable,50.3,2025,16,false
UPSCCSEMains2018ALL.json,2018,GS3,60,20,60,314,unverifiable,50.0,2025,10,false
UPSCCSEMains2018ALL.json,2018,GS4,61,1,61,115,unverifiable,53.9,2022,20,false
UPSCCSEMains2018ALL.json,2018,GS4,62,1,61,82,unverifiable,59.7,2015,20,false
UPSCCSEMains2018ALL.json,2018,GS4,63,2,62,129,unverifiable,55.9,2025,12,false
UPSCCSEMains2018ALL.json,2018,GS4,64,2,62,141,unverifiable,52.6,2022,6,false
UPSCCSEMains2018ALL.json,2018,GS4,65,3,63,135,unverifiable,52.3,2024,,false
UPSCCSEMains2018ALL.json,2018,GS4,66,3,63,259,unverifiable,51.6,2025,3,false
UPSCCSEMains2018ALL.json,2018,GS4,67,4,64,215,unverifiable,51.4,2024,,false
UPSCCSEMains2018ALL.json,2018,GS4,68,4,64,210,unverifiable,52.9,2025,12,false
UPSCCSEMains2018ALL.json,2018,GS4,69,5,65,223,unverifiable,55.9,2025,5,false
UPSCCSEMains2018ALL.json,2018,GS4,70,5,65,75,unverifiable,59.5,2024,,false
UPSCCSEMains2018ALL.json,2018,GS4,71,6,66,464,unverifiable,62.9,2025,3,false
UPSCCSEMains2018ALL.json,2018,GS4,72,6,66,82,unverifiable,54.5,2024,,false
UPSCCSEMains2018ALL.json,2018,GS4,73,6,66,93,unverifiable,51.1,2025,2,false
UPSCCSEMains2018ALL.json,2018,GS4,74,7,67,1388,unverifiable,54.1,2025,8,false
UPSCCSEMains2018ALL.json,2018,GS4,75,8,68,1674,unverifiable,54.3,2015,17,false
UPSCCSEMains2018ALL.json,2018,GS4,76,9,69,1003,unverifiable,54.4,2025,8,false
UPSCCSEMains2018ALL.json,2018,GS4,77,10,70,1191,unverifiable,60.0,2025,2,false
UPSCCSEMains2018ALL.json,2018,GS4,78,11,71,1414,unverifiable,57.1,2025,12,false
UPSCCSEMains2018ALL.json,2018,GS4,79,12,72,1115,unverifiable,66.7,2025,12,false
UPSCCSEMains2020ALL.json,2020,GS1,1,1,1,129,unverifiable,51.2,2015,,false
UPSCCSEMains2020ALL.json,2020,GS1,2,2,2,89,unverifiable,56.3,2022,1,false
UPSCCSEMains2020ALL.json,2020,GS1,3,3,3,96,unverifiable,55.7,2022,8,false
UPSCCSEMains2020ALL.json,2020,GS1,4,4,4,63,unverifiable,54.8,2022,7,false
UPSCCSEMains2020ALL.json,2020,GS1,5,5,5,87,unverifiable,57.6,2015,5,false
UPSCCSEMains2020ALL.json,2020,GS1,6,6,6,102,unverifiable,54.2,2025,5,false
UPSCCSEMains2020ALL.json,2020,GS1,7,7,7,119,unverifiable,54.7,2024,,false
UPSCCSEMains2020ALL.json,2020,GS1,8,8,8,122,unverifiable,58.3,2025,18,false
UPSCCSEMains2020ALL.json,2020,GS1,9,9,9,79,unverifiable,51.9,2022,10,false
UPSCCSEMains2020ALL.json,2020,GS1,10,10,10,107,unverifiable,52.9,2025,5,false
UPSCCSEMains2020ALL.json,2020,GS1,11,11,11,130,unverifiable,54.1,2025,8,false
UPSCCSEMains2020ALL.json,2020,GS1,12,12,12,82,unverifiable,55.0,2015,7,false
UPSCCSEMains2020ALL.json,2020,GS1,13,13,13,136,unverifiable,60.0,2025,2,false
UPSCCSEMains2020ALL.json,2020,GS1,14,14,14,171,unverifiable,51.9,2015,17,false
UPSCCSEMains2020ALL.json,2020,GS1,15,15,15,141,unverifiable,54.0,2025,18,false
UPSCCSEMains2020ALL.json,2020,GS1,16,16,16,112,unverifiable,53.6,2025,2,false
UPSCCSEMains2020ALL.json,2020,GS1,17,17,17,91,unverifiable,56.7,2022,14,false
UPSCCSEMains2020ALL.json,2020,GS1,18,18,18,91,unverifiable,55.1,2022,19,false
UPSCCSEMains2020ALL.json,2020,GS1,19,19,19,77,unverifiable,54.7,2015,,false
UPSCCSEMains2020ALL.json,2020,GS1,20,20,20,131,unverifiable,52.7,2022,13,false
UPSCCSEMains2020ALL.json,2020,GS2,21,1,21,164,unverifiable,59.6,2025,1,false
UPSCCSEMains2020ALL.json,2020,GS2,22,2,22,149,unverifiable,52.3,2025,12,false
UPSCCSEMains2020ALL.json,2020,GS2,23,3,23,160,unverifiable,52.9,2025,5,false
UPSCCSEMains2020ALL.json,2020,GS2,24,4,24,217,unverifiable,50.0,2025,5,false
UPSCCSEMains2020ALL.json,2020,GS2,25,5,25,238,unverifiable,49.1,2025,9,false
UPSCCSEMains2020ALL.json,2020,GS2,26,6,26,182,unverifiable,51.4,2015,19,false
UPSCCSEMains2020ALL.json,2020,GS2,27,7,27,146,unverifiable,50.0,2025,1,false
UPSCCSEMains2020ALL.json,2020,GS2,28,8,28,139,unverifiable,51.9,2015,11,false
UPSCCSEMains2020ALL.json,2020,GS2,29,9,29,100,unverifiable,55.6,2015,,false
UPSCCSEMains2020ALL.json,2020,GS2,30,10,30,131,unverifiable,52.8,2015,19,false
UPSCCSEMains2020ALL.json,2020,GS2,31,11,31,229,unverifiable,70.0,2025,10,false
UPSCCSEMains2020ALL.json,2020,GS2,32,12,32,254,unverifiable,57.1,2025,16,false
UPSCCSEMains2020ALL.json,2020,GS2,33,13,33,294,unverifiable,53.7,2025,8,false
UPSCCSEMains2020ALL.json,2020,GS2,34,14,34,209,unverifiable,48.3,2025,6,false
UPSCCSEMains2020ALL.json,2020,GS2,35,15,35,221,unverifiable,52.5,2025,10,false
UPSCCSEMains2020ALL.json,2020,GS2,36,16,36,194,unverifiable,53.6,2025,16,false
UPSCCSEMains2020ALL.json,2020,GS2,37,17,37,233,unverifiable,50.9,2025,5,false
UPSCCSEMains2020ALL.json,2020,GS2,38,18,38,195,unverifiable,57.1,2025,20,false
UPSCCSEMains2020ALL.json,2020,GS2,39,19,39,135,unverifiable,49.6,2022,10,false
UPSCCSEMains2020ALL.json,2020,GS2,40,20,40,146,unverifiable,51.4,2024,,false
UPSCCSEMains2020ALL.json,2020,GS3,41,1,41,136,unverifiable,55.0,2025,10,false
UPSCCSEMains2020ALL.json,2020,GS3,42,2,42,137,unverifiable,52.6,2025,1,false
UPSCCSEMains2020ALL.json,2020,GS3,43,3,43,90,unverifiable,68.5,2022,13,false
UPSCCSEMains2020ALL.json,2020,GS3,44,4,44,172,unverifiable,53.9,2025,14,false
UPSCCSEMains2020ALL.json,2020,GS3,45,5,45,80,unverifiable,63.3,2025,10,false
UPSCCSEMains2020ALL.json,2020,GS3,46,6,46,142,unverifiable,50.7,2025,9,false
UPSCCSEMains2020ALL.json,2020,GS3,47,7,47,122,unverifiable,57.1,2025,20,false
UPSCCSEMains2020ALL.json,2020,GS3,48,8,48,134,unverifiable,58.0,2025,1,false
UPSCCSEMains2020ALL.json,2020,GS3,49,9,49,93,unverifiable,56.5,2022,5,false
UPSCCSEMains2020ALL.json,2020,GS3,50,10,50,179,unverifiable,50.8,2022,10,false
UPSCCSEMains2020ALL.json,2020,GS3,51,11,51,200,unverifiable,52.2,2025,6,false
UPSCCSEMains2020ALL.json,2020,GS3,52,12,52,179,unverifiable,52.6,2025,1,false
UPSCCSEMains2020ALL.json,2020,GS3,53,13,53,145,unverifiable,53.4,2025,13,false
UPSCCSEMains2020ALL.json,2020,GS3,54,14,54,115,unverifiable,61.5,2025,9,false
UPSCCSEMains2020ALL.json,2020,GS3,55,15,55,231,unverifiable,54.1,2025,10,false
UPSCCSEMains2020ALL.json,2020,GS3,56,16,56,183,unverifiable,51.9,2025,19,false
UPSCCSEMains2020ALL.json,2020,GS3,57,17,57,106,unverifiable,62.1,2025,19,false
UPSCCSEMains2020ALL.json,2020,GS3,58,18,58,133,unverifiable,70.0,2025,10,false
UPSCCSEMains2020ALL.json,2020,GS3,59,19,59,208,unverifiable,55.9,2025,5,false
UPSCCSEMains2020ALL.json,2020,GS3,60,20,60,208,unverifiable,49.3,2025,20,false
UPSCCSEMains2020ALL.json,2020,GS4,61,1,61,199,unverifiable,56.5,2025,6,false
UPSCCSEMains2020ALL.json,2020,GS4,62,1,61,225,unverifiable,57.1,2025,20,false
UPSCCSEMains2020ALL.json,2020,GS4,63,2,62,144,unverifiable,52.8,2025,8,false
UPSCCSEMains2020ALL.json,2020,GS4,64,2,62,90,unverifiable,56.5,2015,,false
UPSCCSEMains2020ALL.json,2020,GS4,65,3,63,66,unverifiable,56.2,2025,4,false
UPSCCSEMains2020ALL.json,2020,GS4,66,3,63,172,unverifiable,52.7,2022,11,false
UPSCCSEMains2020ALL.json,2020,GS4,67,4,64,82,unverifiable,56.8,2022,15,false
UPSCCSEMains2020ALL.json,2020,GS4,68,4,64,195,unverifiable,50.6,2025,8,false
UPSCCSEMains2020ALL.json,2020,GS4,69,5,65,130,unverifiable,56.4,2025,13,false
UPSCCSEMains2020ALL.json,2020,GS4,70,5,65,143,unverifiable,51.8,2025,5,false
UPSCCSEMains2020ALL.json,2020,GS4,71,6,66,212,unverifiable,58.5,2024,,false
UPSCCSEMains2020ALL.json,2020,GS4,72,6,66,94,unverifiable,55.1,2022,7,false
UPSCCSEMains2020ALL.json,2020,GS4,73,6,66,176,unverifiable,56.1,2025,6,false
UPSCCSEMains2020ALL.json,2020,GS4,74,7,67,2550,unverifiable,55.2,2025,2,false
UPSCCSEMains2020ALL.json,2020,GS4,75,8,68,1642,unverifiable,55.9,2025,5,false
UPSCCSEMains2020ALL.json,2020,GS4,76,9,69,1256,unverifiable,55.2,2025,7,false
UPSCCSEMains2020ALL.json,2020,GS4,77,10,70,1954,unverifiable,52.5,2025,10,false
UPSCCSEMains2020ALL.json,2020,GS4,78,11,71,2582,unverifiable,60.0,2025,2,false
UPSCCSEMains2020ALL.json,2020,GS4,79,12,72,1364,unverifiable,55.0,2025,10,false
UPSCCSEMains2021ALL.json,2021,GS1,1,1,1,84,unverifiable,57.8,2022,5,false
UPSCCSEMains2021ALL.json,2021,GS1,2,2,2,118,unverifiable,56.4,2025,17,false
UPSCCSEMains2021ALL.json,2021,GS1,3,3,3,119,unverifiable,54.2,2025,9,false
UPSCCSEMains2021ALL.json,2021,GS1,4,4,4,81,unverifiable,55.0,2025,8,false
UPSCCSEMains2021ALL.json,2021,GS1,5,5,5,163,unverifiable,56.3,2025,8,false
UPSCCSEMains2021ALL.json,2021,GS1,6,6,6,122,unverifiable,56.6,2025,7,false
UPSCCSEMains2021ALL.json,2021,GS1,7,7,7,101,unverifiable,54.0,2022,12,false
UPSCCSEMains2021ALL.json,2021,GS1,8,8,8,66,unverifiable,60.9,2025,17,false
UPSCCSEMains2021ALL.json,2021,GS1,9,9,9,111,unverifiable,53.4,2025,2,false
UPSCCSEMains2021ALL.json,2021,GS1,10,10,10,82,unverifiable,68.4,2022,1,false
UPSCCSEMains2021ALL.json,2021,GS1,11,11,11,100,unverifiable,54.1,2022,8,false
UPSCCSEMains2021ALL.json,2021,GS1,12,12,12,120,unverifiable,49.6,2024,10,false
UPSCCSEMains2021ALL.json,2021,GS1,13,13,13,116,unverifiable,53.6,2025,2,false
UPSCCSEMains2021ALL.json,2021,GS1,14,14,14,136,unverifiable,52.2,2022,7,false
UPSCCSEMains2021ALL.json,2021,GS1,15,15,15,150,unverifiable,52.0,2024,,false
UPSCCSEMains2021ALL.json,2021,GS1,16,16,16,94,unverifiable,59.1,2015,13,false
UPSCCSEMains2021ALL.json,2021,GS1,17,17,17,119,unverifiable,55.1,2015,6,false
UPSCCSEMains2021ALL.json,2021,GS1,18,18,18,114,unverifiable,57.5,2025,12,false
UPSCCSEMains2021ALL.json,2021,GS1,19,19,19,101,unverifiable,53.9,2025,9,false
UPSCCSEMains2021ALL.json,2021,GS1,20,20,20,115,unverifiable,51.3,2022,10,false
UPSCCSEMains2021ALL.json,2021,GS2,21,1,21,198,unverifiable,57.8,2025,1,false
UPSCCSEMains2021ALL.json,2021,GS2,22,2,22,130,unverifiable,59.3,2025,9,false
UPSCCSEMains2021ALL.json,2021,GS2,23,3,23,121,unverifiable,55.0,2022,15,false
UPSCCSEMains2021ALL.json,2021,GS2,24,4,24,104,unverifiable,55.4,2022,3,false
UPSCCSEMains2021ALL.json,2021,GS2,25,5,25,150,unverifiable,58.2,2025,15,false
UPSCCSEMains2021ALL.json,2021,GS2,26,6,26,144,unverifiable,52.6,2025,14,false
UPSCCSEMains2021ALL.json,2021,GS2,27,7,27,125,unverifiable,51.3,2015,10,false
UPSCCSEMains2021ALL.json,2021,GS2,28,8,28,139,unverifiable,49.3,2024,9,false
UPSCCSEMains2021ALL.json,2021,GS2,29,9,29,184,unverifiable,51.5,2015,16,false
UPSCCSEMains2021ALL.json,2021,GS2,30,10,30,137,unverifiable,55.2,2025,7,false
UPSCCSEMains2021ALL.json,2021,GS2,31,11,31,315,unverifiable,55.9,2025,5,false
UPSCCSEMains2021ALL.json,2021,GS2,32,12,32,262,unverifiable,49.6,2025,3,false
UPSCCSEMains2021ALL.json,2021,GS2,33,13,33,104,unverifiable,54.4,2015,,false
UPSCCSEMains2021ALL.json,2021,GS2,34,14,34,178,unverifiable,52.3,2022,1,false
UPSCCSEMains2021ALL.json,2021,GS2,35,15,35,204,unverifiable,49.5,2024,,false
UPSCCSEMains2021ALL.json,2021,GS2,36,16,36,199,unverifiable,48.7,2025,17,false
UPSCCSEMains2021ALL.json,2021,GS2,37,17,37,257,unverifiable,52.2,2025,6,false
UPSCCSEMains2021ALL.json,2021,GS2,38,18,38,189,unverifiable,57.9,2025,8,false
UPSCCSEMains2021ALL.json,2021,GS2,39,19,39,90,unverifiable,59.1,2022,11,false
UPSCCSEMains2021ALL.json,2021,GS2,40,20,40,239,unverifiable,52.5,2025,10,false
UPSCCSEMains2021ALL.json,2021,GS3,41,1,41,138,unverifiable,71.4,2025,11,false
UPSCCSEMains2021ALL.json,2021,GS3,42,2,42,100,unverifiable,54.1,2024,8,false
UPSCCSEMains2021ALL.json,2021,GS3,43,3,43,126,unverifiable,55.2,2025,15,false
UPSCCSEMains2021ALL.json,2021,GS3,44,4,44,83,unverifiable,53.7,2022,3,false
UPSCCSEMains2021ALL.json,2021,GS3,45,5,45,106,unverifiable,51.4,2022,2,false
UPSCCSEMains2021ALL.json,2021,GS3,46,6,46,229,unverifiable,53.7,2025,10,false
UPSCCSEMains2021ALL.json,2021,GS3,47,7,47,289,unverifiable,51.9,2025,9,false
UPSCCSEMains2021ALL.json,2021,GS3,48,8,48,216,unverifiable,61.8,2025,5,false
UPSCCSEMains2021ALL.json,2021,GS3,49,9,49,187,unverifiable,56.8,2025,10,false
UPSCCSEMains2021ALL.json,2021,GS3,50,10,50,161,unverifiable,51.9,2022,20,false
UPSCCSEMains2021ALL.json,2021,GS3,51,11,51,120,unverifiable,53.4,2022,17,false
UPSCCSEMains2021ALL.json,2021,GS3,52,12,52,133,unverifiable,56.6,2015,16,false
UPSCCSEMains2021ALL.json,2021,GS3,53,13,53,157,unverifiable,57.1,2025,1,false
UPSCCSEMains2021ALL.json,2021,GS3,54,14,54,138,unverifiable,55.7,2025,2,false
UPSCCSEMains2021ALL.json,2021,GS3,55,15,55,157,unverifiable,54.2,2022,16,false
UPSCCSEMains2021ALL.json,2021,GS3,56,16,56,193,unverifiable,60.0,2025,2,false
UPSCCSEMains2021ALL.json,2021,GS3,57,17,57,216,unverifiable,53.8,2022,11,false
UPSCCSEMains2021ALL.json,2021,GS3,58,18,58,143,unverifiable,67.5,2025,10,false
UPSCCSEMains2021ALL.json,2021,GS3,59,19,59,188,unverifiable,55.9,2025,5,false
UPSCCSEMains2021ALL.json,2021,GS3,60,20,60,173,unverifiable,53.1,2022,5,false
UPSCCSEMains2021ALL.json,2021,GS4,61,1,61,125,unverifiable,52.0,2025,10,false
UPSCCSEMains2021ALL.json,2021,GS4,62,1,61,165,unverifiable,52.1,2024,,false
UPSCCSEMains2021ALL.json,2021,GS4,63,2,62,150,unverifiable,75.0,2024,,false
UPSCCSEMains2021ALL.json,2021,GS4,64,2,62,169,unverifiable,54.5,2022,4,false
UPSCCSEMains2021ALL.json,2021,GS4,65,3,63,214,unverifiable,53.4,2024,,false
UPSCCSEMains2021ALL.json,2021,GS4,66,3,63,110,unverifiable,52.4,2025,13,false
UPSCCSEMains2021ALL.json,2021,GS4,67,3,63,144,unverifiable,51.5,2025,19,false
UPSCCSEMains2021ALL.json,2021,GS4,68,4,64,153,unverifiable,52.3,2025,9,false
UPSCCSEMains2021ALL.json,2021,GS4,69,4,64,184,unverifiable,51.1,2022,7,false
UPSCCSEMains2021ALL.json,2021,GS4,70,5,65,243,unverifiable,51.9,2025,9,false
UPSCCSEMains2021ALL.json,2021,GS4,71,5,65,147,unverifiable,53.8,2022,2,false
UPSCCSEMains2021ALL.json,2021,GS4,72,6,66,197,unverifiable,52.2,2025,6,false
UPSCCSEMains2021ALL.json,2021,GS4,73,6,66,89,unverifiable,62.4,2024,,false
UPSCCSEMains2021ALL.json,2021,GS4,74,7,67,2183,unverifiable,55.9,2025,12,false
UPSCCSEMains2021ALL.json,2021,GS4,75,8,68,1676,unverifiable,55.0,2025,10,false
UPSCCSEMains2021ALL.json,2021,GS4,76,9,69,2144,unverifiable,56.2,2025,14,false
UPSCCSEMains2021ALL.json,2021,GS4,77,10,70,1740,unverifiable,60.0,2025,2,false
UPSCCSEMains2021ALL.json,2021,GS4,78,11,71,1458,unverifiable,57.1,2025,12,false
UPSCCSEMains2021ALL.json,2021,GS4,79,12,72,2456,unverifiable,52.9,2025,5,false
UPSCCSEMains2022GS2GS3GS4.json,2022,GS2,21,1,21,194,exact,100.0,2022,1,false
UPSCCSEMains2022GS2GS3GS4.json,2022,GS2,22,2,22,156,exact,100.0,2022,2,false
UPSCCSEMains2022GS2GS3GS4.json,2022,GS2,23,3,23,127,exact,100.0,2022,3,false
UPSCCSEMains2022GS2GS3GS4.json,2022,GS2,24,4,24,83,exact,100.0,2022,4,false
UPSCCSEMains2022GS2GS3GS4.json,2022,GS2,25,5,25,146,exact,100.0,2022,5,false
UPSCCSEMains2022GS2GS3GS4.json,2022,GS2,26,6,26,144,exact,99.3,2022,6,false
UPSCCSEMains2022GS2GS3GS4.json,2022,GS2,27,7,27,181,exact,100.0,2022,7,false
UPSCCSEMains2022GS2GS3GS4.json,2022,GS2,28,8,28,147,exact,100.0,2022,8,false
UPSCCSEMains2022GS2GS3GS4.json,2022,GS2,29,9,29,138,exact,100.0,2022,9,false
UPSCCSEMains2022GS2GS3GS4.json,2022,GS2,30,10,30,215,exact,100.0,2022,10,false
UPSCCSEMains2022GS2GS3GS4.json,2022,GS2,31,11,31,359,exact,100.0,2022,11,false
UPSCCSEMains2022GS2GS3GS4.json,2022,GS2,32,12,32,203,exact,100.0,2022,12,false
UPSCCSEMains2022GS2GS3GS4.json,2022,GS2,33,13,33,133,exact,100.0,2022,13,false
UPSCCSEMains2022GS2GS3GS4.json,2022,GS2,34,14,34,95,exact,100.0,2022,14,false
UPSCCSEMains2022GS2GS3GS4.json,2022,GS2,35,15,35,112,exact,100.0,2022,15,false
UPSCCSEMains2022GS2GS3GS4.json,2022,GS2,36,16,36,162,exact,100.0,2022,16,false
UPSCCSEMains2022GS2GS3GS4.json,2022,GS2,37,17,37,186,exact,100.0,2022,17,false
UPSCCSEMains2022GS2GS3GS4.json,2022,GS2,38,18,38,217,exact,100.0,2022,18,false
UPSCCSEMains2022GS2GS3GS4.json,2022,GS2,39,19,39,98,exact,100.0,2022,19,false
UPSCCSEMains2022GS2GS3GS4.json,2022,GS2,40,20,40,164,exact,100.0,2022,20,false
UPSCCSEMains2022GS2GS3GS4.json,2022,GS3,41,1,41,158,exact,100.0,2022,1,false
UPSCCSEMains2022GS2GS3GS4.json,2022,GS3,42,2,42,135,exact,100.0,2022,2,false
UPSCCSEMains2022GS2GS3GS4.json,2022,GS3,43,3,43,121,exact,100.0,2022,3,false
UPSCCSEMains2022GS2GS3GS4.json,2022,GS3,44,4,44,78,exact,100.0,2022,4,false
UPSCCSEMains2022GS2GS3GS4.json,2022,GS3,45,5,45,171,exact,100.0,2022,5,false
UPSCCSEMains2022GS2GS3GS4.json,2022,GS3,46,6,46,217,exact,100.0,2022,6,false
UPSCCSEMains2022GS2GS3GS4.json,2022,GS3,47,7,47,129,exact,100.0,2022,7,false
UPSCCSEMains2022GS2GS3GS4.json,2022,GS3,48,8,48,122,exact,100.0,2022,8,false
UPSCCSEMains2022GS2GS3GS4.json,2022,GS3,49,9,49,152,exact,100.0,2022,9,false
UPSCCSEMains2022GS2GS3GS4.json,2022,GS3,50,10,50,156,exact,100.0,2022,10,false
UPSCCSEMains2022GS2GS3GS4.json,2022,GS3,51,11,51,218,exact,100.0,2022,11,false
UPSCCSEMains2022GS2GS3GS4.json,2022,GS3,52,12,52,218,exact,100.0,2022,12,false
UPSCCSEMains2022GS2GS3GS4.json,2022,GS3,53,13,53,112,exact,100.0,2022,13,false
UPSCCSEMains2022GS2GS3GS4.json,2022,GS3,54,14,54,92,exact,100.0,2022,14,false
UPSCCSEMains2022GS2GS3GS4.json,2022,GS3,55,15,55,283,exact,100.0,2022,15,false
UPSCCSEMains2022GS2GS3GS4.json,2022,GS3,56,16,56,172,exact,100.0,2022,16,false
UPSCCSEMains2022GS2GS3GS4.json,2022,GS3,57,17,57,212,exact,100.0,2022,17,false
UPSCCSEMains2022GS2GS3GS4.json,2022,GS3,58,18,58,138,exact,100.0,2022,18,false
UPSCCSEMains2022GS2GS3GS4.json,2022,GS3,59,19,59,211,exact,100.0,2022,19,false
UPSCCSEMains2022GS2GS3GS4.json,2022,GS3,60,20,60,220,exact,100.0,2022,20,false
UPSCCSEMains2022GS2GS3GS4.json,2022,GS4,61,1,61,351,exact,100.0,2022,1,false
UPSCCSEMains2022GS2GS3GS4.json,2022,GS4,62,1,61,271,exact,100.0,2022,1,false
UPSCCSEMains2022GS2GS3GS4.json,2022,GS4,63,2,62,384,exact,99.7,2022,2,false
UPSCCSEMains2022GS2GS3GS4.json,2022,GS4,64,2,62,274,exact,98.9,2022,2,false
UPSCCSEMains2022GS2GS3GS4.json,2022,GS4,65,3,63,115,exact,100.0,2022,3,false
UPSCCSEMains2022GS2GS3GS4.json,2022,GS4,66,3,63,223,variant,94.4,2022,3,false
UPSCCSEMains2022GS2GS3GS4.json,2022,GS4,67,3,63,81,exact,100.0,2022,3,false
UPSCCSEMains2022GS2GS3GS4.json,2022,GS4,68,4,64,193,exact,97.3,2022,4,false
UPSCCSEMains2022GS2GS3GS4.json,2022,GS4,69,4,64,490,exact,97.7,2022,4,false
UPSCCSEMains2022GS2GS3GS4.json,2022,GS4,70,5,65,488,exact,99.6,2022,5,false
UPSCCSEMains2022GS2GS3GS4.json,2022,GS4,71,5,65,190,orphan,68.2,2022,5,false
UPSCCSEMains2022GS2GS3GS4.json,2022,GS4,72,6,66,364,exact,98.9,2022,6,false
UPSCCSEMains2022GS2GS3GS4.json,2022,GS4,73,6,66,466,variant,94.1,2022,6,false
UPSCCSEMains2022GS2GS3GS4.json,2022,GS4,74,7,67,3793,exact,98.1,2022,7,false
UPSCCSEMains2022GS2GS3GS4.json,2022,GS4,75,8,68,2107,exact,98.2,2022,8,false
UPSCCSEMains2022GS2GS3GS4.json,2022,GS4,76,9,69,2387,exact,97.0,2022,9,false
UPSCCSEMains2022GS2GS3GS4.json,2022,GS4,77,10,70,2168,exact,97.7,2022,10,false
UPSCCSEMains2022GS2GS3GS4.json,2022,GS4,78,11,71,2460,exact,95.6,2022,11,false
UPSCCSEMains2022GS2GS3GS4.json,2022,GS4,79,12,72,2284,exact,98.1,2022,12,false
UPSCCSEMains2023ALL.json,2023,GS1,1,1,1,82,unverifiable,64.2,2022,1,false
UPSCCSEMains2023ALL.json,2023,GS1,2,2,2,123,unverifiable,54.9,2015,,false
UPSCCSEMains2023ALL.json,2023,GS1,3,3,3,105,unverifiable,53.8,2025,14,false
UPSCCSEMains2023ALL.json,2023,GS1,4,4,4,86,unverifiable,56.8,2024,14,false
UPSCCSEMains2023ALL.json,2023,GS1,5,5,5,102,unverifiable,51.5,2022,2,false
UPSCCSEMains2023ALL.json,2023,GS1,6,6,6,94,unverifiable,55.4,2022,8,false
UPSCCSEMains2023ALL.json,2023,GS1,7,7,7,168,unverifiable,49.8,2025,1,false
UPSCCSEMains2023ALL.json,2023,GS1,8,8,8,74,unverifiable,53.4,2015,6,false
UPSCCSEMains2023ALL.json,2023,GS1,9,9,9,70,unverifiable,60.9,2022,6,false
UPSCCSEMains2023ALL.json,2023,GS1,10,10,10,107,unverifiable,50.5,2015,7,false
UPSCCSEMains2023ALL.json,2023,GS1,11,11,11,131,unverifiable,52.8,2024,1,false
UPSCCSEMains2023ALL.json,2023,GS1,12,12,12,147,unverifiable,53.4,2025,19,false
UPSCCSEMains2023ALL.json,2023,GS1,13,13,13,114,unverifiable,54.9,2022,18,false
UPSCCSEMains2023ALL.json,2023,GS1,14,14,14,137,unverifiable,54.9,2025,13,false
UPSCCSEMains2023ALL.json,2023,GS1,15,15,15,171,unverifiable,55.2,2025,5,false
UPSCCSEMains2023ALL.json,2023,GS1,16,16,16,79,unverifiable,60.3,2025,1,false
UPSCCSEMains2023ALL.json,2023,GS1,17,17,17,110,unverifiable,60.0,2025,2,false
UPSCCSEMains2023ALL.json,2023,GS1,18,18,18,101,unverifiable,52.0,2022,4,false
UPSCCSEMains2023ALL.json,2023,GS1,19,19,19,53,unverifiable,55.8,2022,11,false
UPSCCSEMains2023ALL.json,2023,GS1,20,20,20,78,unverifiable,54.5,2015,7,false
UPSCCSEMains2023ALL.json,2023,GS2,21,1,21,92,unverifiable,56.8,2025,11,false
UPSCCSEMains2023ALL.json,2023,GS2,22,2,22,146,unverifiable,51.4,2015,20,false
UPSCCSEMains2023ALL.json,2023,GS2,23,3,23,117,unverifiable,52.9,2025,12,false
UPSCCSEMains2023ALL.json,2023,GS2,24,4,24,84,unverifiable,64.3,2025,3,false
UPSCCSEMains2023ALL.json,2023,GS2,25,5,25,176,unverifiable,51.5,2025,1,false
UPSCCSEMains2023ALL.json,2023,GS2,26,6,26,169,unverifiable,53.0,2025,1,false
UPSCCSEMains2023ALL.json,2023,GS2,27,7,27,176,unverifiable,61.6,2022,15,false
UPSCCSEMains2023ALL.json,2023,GS2,28,8,28,185,unverifiable,56.8,2024,18,false
UPSCCSEMains2023ALL.json,2023,GS2,29,9,29,148,unverifiable,54.0,2022,15,false
UPSCCSEMains2023ALL.json,2023,GS2,30,10,30,107,unverifiable,51.7,2025,7,false
UPSCCSEMains2023ALL.json,2023,GS2,31,11,31,246,unverifiable,50.8,2025,5,false
UPSCCSEMains2023ALL.json,2023,GS2,32,12,32,124,unverifiable,53.6,2022,1,false
UPSCCSEMains2023ALL.json,2023,GS2,33,13,33,144,unverifiable,60.0,2025,2,false
UPSCCSEMains2023ALL.json,2023,GS2,34,14,34,150,unverifiable,53.3,2025,8,false
UPSCCSEMains2023ALL.json,2023,GS2,35,15,35,138,unverifiable,63.4,2025,14,false
UPSCCSEMains2023ALL.json,2023,GS2,36,16,36,155,unverifiable,53.2,2025,2,false
UPSCCSEMains2023ALL.json,2023,GS2,37,17,37,144,unverifiable,52.6,2025,8,false
UPSCCSEMains2023ALL.json,2023,GS2,38,18,38,190,unverifiable,49.2,2022,8,false
UPSCCSEMains2023ALL.json,2023,GS2,39,19,39,202,unverifiable,52.6,2025,1,false
UPSCCSEMains2023ALL.json,2023,GS2,40,20,40,218,unverifiable,52.5,2025,10,false
UPSCCSEMains2023ALL.json,2023,GS3,41,1,41,172,unverifiable,51.5,2025,20,false
UPSCCSEMains2023ALL.json,2023,GS3,42,2,42,127,unverifiable,54.4,2025,18,false
UPSCCSEMains2023ALL.json,2023,GS3,43,3,43,99,unverifiable,59.8,2022,13,false
UPSCCSEMains2023ALL.json,2023,GS3,44,4,44,172,unverifiable,52.6,2025,1,false
UPSCCSEMains2023ALL.json,2023,GS3,45,5,45,183,unverifiable,52.8,2024,,false
UPSCCSEMains2023ALL.json,2023,GS3,46,6,46,91,unverifiable,52.2,2022,9,false
UPSCCSEMains2023ALL.json,2023,GS3,47,7,47,208,unverifiable,48.1,2025,9,false
UPSCCSEMains2023ALL.json,2023,GS3,48,8,48,144,unverifiable,51.1,2022,12,false
UPSCCSEMains2023ALL.json,2023,GS3,49,9,49,240,unverifiable,54.9,2024,7,false
UPSCCSEMains2023ALL.json,2023,GS3,50,10,50,225,unverifiable,50.7,2022,8,false
UPSCCSEMains2023ALL.json,2023,GS3,51,11,51,155,unverifiable,51.9,2025,9,false
UPSCCSEMains2023ALL.json,2023,GS3,52,12,52,141,unverifiable,51.9,2025,1,false
UPSCCSEMains2023ALL.json,2023,GS3,53,13,53,123,unverifiable,58.1,2022,20,false
UPSCCSEMains2023ALL.json,2023,GS3,54,14,54,179,unverifiable,53.1,2022,10,false
UPSCCSEMains2023ALL.json,2023,GS3,55,15,55,221,unverifiable,50.0,2025,9,false
UPSCCSEMains2023ALL.json,2023,GS3,56,16,56,361,unverifiable,58.8,2025,12,false
UPSCCSEMains2023ALL.json,2023,GS3,57,17,57,181,unverifiable,55.9,2025,5,false
UPSCCSEMains2023ALL.json,2023,GS3,58,18,58,207,unverifiable,60.0,2025,2,false
UPSCCSEMains2023ALL.json,2023,GS3,59,19,59,164,unverifiable,59.9,2022,10,false
UPSCCSEMains2023ALL.json,2023,GS3,60,20,60,251,unverifiable,54.5,2025,11,false
UPSCCSEMains2023ALL.json,2023,GS4,61,1,61,396,unverifiable,80.0,2025,2,false
UPSCCSEMains2023ALL.json,2023,GS4,62,2,62,340,unverifiable,80.0,2025,2,false
UPSCCSEMains2023ALL.json,2023,GS4,63,3,63,681,unverifiable,99.2,2025,3,false
UPSCCSEMains2023ALL.json,2023,GS4,64,4,64,417,unverifiable,80.0,2025,2,false
UPSCCSEMains2023ALL.json,2023,GS4,65,5,65,292,unverifiable,80.0,2025,2,false
UPSCCSEMains2023ALL.json,2023,GS4,66,6,66,223,unverifiable,82.3,2025,4,false
UPSCCSEMains2023ALL.json,2023,GS4,67,1,61,1202,unverifiable,66.7,2025,11,false
UPSCCSEMains2023ALL.json,2023,GS4,68,2,62,1549,unverifiable,66.7,2025,11,false
UPSCCSEMains2023ALL.json,2023,GS4,69,3,63,1622,unverifiable,66.7,2025,11,false
UPSCCSEMains2023ALL.json,2023,GS4,70,4,64,1796,unverifiable,66.7,2025,11,false
UPSCCSEMains2023ALL.json,2023,GS4,71,5,65,1993,unverifiable,66.7,2025,11,false
UPSCCSEMains2023ALL.json,2023,GS4,72,6,66,2368,unverifiable,66.7,2025,11,false
UPSCCSEMainsGS1 2019.json,2019,GS1,1,1,1,76,unverifiable,54.7,2024,,false
UPSCCSEMainsGS1 2019.json,2019,GS1,2,2,2,162,unverifiable,60.0,2025,2,false
UPSCCSEMainsGS1 2019.json,2019,GS1,3,3,3,114,unverifiable,56.8,2022,9,false
UPSCCSEMainsGS1 2019.json,2019,GS1,4,4,4,75,unverifiable,56.8,2022,17,false
UPSCCSEMainsGS1 2019.json,2019,GS1,5,5,5,105,unverifiable,53.8,2022,15,false
UPSCCSEMainsGS1 2019.json,2019,GS1,6,6,6,96,unverifiable,52.6,2022,6,false
UPSCCSEMainsGS1 2019.json,2019,GS1,7,7,7,98,unverifiable,60.9,2025,14,false
UPSCCSEMainsGS1 2019.json,2019,GS1,8,8,8,72,unverifiable,57.1,2022,10,false
UPSCCSEMainsGS1 2019.json,2019,GS1,9,9,9,68,unverifiable,57.8,2022,12,false
UPSCCSEMainsGS1 2019.json,2019,GS1,10,10,10,76,unverifiable,63.0,2025,19,false
UPSCCSEMainsGS1 2019.json,2019,GS1,11,11,11,104,unverifiable,55.0,2025,10,false
UPSCCSEMainsGS1 2019.json,2019,GS1,12,12,12,108,unverifiable,60.0,2025,2,false
UPSCCSEMainsGS1 2019.json,2019,GS1,13,13,13,97,unverifiable,56.0,2025,3,false
UPSCCSEMainsGS1 2019.json,2019,GS1,14,14,14,69,unverifiable,56.9,2024,17,false
UPSCCSEMainsGS1 2019.json,2019,GS1,15,15,15,107,unverifiable,55.7,2024,,false
UPSCCSEMainsGS1 2019.json,2019,GS1,16,16,16,100,unverifiable,53.5,2025,16,false
UPSCCSEMainsGS1 2019.json,2019,GS1,17,17,17,126,unverifiable,54.8,2025,4,false
UPSCCSEMainsGS1 2019.json,2019,GS1,18,18,18,88,unverifiable,55.8,2025,9,false
UPSCCSEMainsGS1 2019.json,2019,GS1,19,19,19,76,unverifiable,63.9,2025,2,false
UPSCCSEMainsGS1 2019.json,2019,GS1,20,20,20,66,unverifiable,54.7,2022,6,false
UPSCCSEMainsGS1 2022.json,2022,GS1,1,1,1,122,exact,100.0,2022,1,false
UPSCCSEMainsGS1 2022.json,2022,GS1,2,2,2,226,exact,100.0,2022,2,false
UPSCCSEMainsGS1 2022.json,2022,GS1,3,3,3,127,exact,100.0,2022,3,false
UPSCCSEMainsGS1 2022.json,2022,GS1,4,4,4,78,exact,100.0,2022,4,false
UPSCCSEMainsGS1 2022.json,2022,GS1,5,5,5,140,exact,100.0,2022,5,false
UPSCCSEMainsGS1 2022.json,2022,GS1,6,6,6,79,exact,100.0,2022,6,false
UPSCCSEMainsGS1 2022.json,2022,GS1,7,7,7,125,exact,100.0,2022,7,false
UPSCCSEMainsGS1 2022.json,2022,GS1,8,8,8,98,exact,100.0,2022,8,false
UPSCCSEMainsGS1 2022.json,2022,GS1,9,9,9,146,exact,100.0,2022,9,false
UPSCCSEMainsGS1 2022.json,2022,GS1,10,10,10,153,exact,100.0,2022,10,false
UPSCCSEMainsGS1 2022.json,2022,GS1,11,11,11,190,exact,99.5,2022,11,false
UPSCCSEMainsGS1 2022.json,2022,GS1,12,12,12,117,exact,100.0,2022,12,false
UPSCCSEMainsGS1 2022.json,2022,GS1,13,13,13,118,exact,100.0,2022,13,false
UPSCCSEMainsGS1 2022.json,2022,GS1,14,14,14,126,exact,100.0,2022,14,false
UPSCCSEMainsGS1 2022.json,2022,GS1,15,15,15,135,exact,100.0,2022,15,false
UPSCCSEMainsGS1 2022.json,2022,GS1,16,16,16,93,exact,100.0,2022,16,false
UPSCCSEMainsGS1 2022.json,2022,GS1,17,17,17,112,exact,100.0,2022,17,false
UPSCCSEMainsGS1 2022.json,2022,GS1,18,18,18,108,exact,100.0,2022,18,false
UPSCCSEMainsGS1 2022.json,2022,GS1,19,19,19,148,exact,100.0,2022,19,false
UPSCCSEMainsGS1 2022.json,2022,GS1,20,20,20,154,exact,100.0,2022,20,false
UPSCCSEMainsGS1-2017.json,2017,GS1,1,1,1,125,unverifiable,50.0,2015,12,false
UPSCCSEMainsGS1-2017.json,2017,GS1,2,2,2,91,unverifiable,54.7,2022,11,false
UPSCCSEMainsGS1-2017.json,2017,GS1,3,3,3,150,unverifiable,55.2,2025,7,false
UPSCCSEMainsGS1-2017.json,2017,GS1,4,4,4,76,unverifiable,53.3,2025,20,false
UPSCCSEMainsGS1-2017.json,2017,GS1,5,5,5,91,unverifiable,58.9,2022,15,false
UPSCCSEMainsGS1-2017.json,2017,GS1,6,6,6,102,unverifiable,53.8,2025,15,false
UPSCCSEMainsGS1-2017.json,2017,GS1,7,7,7,154,unverifiable,51.6,2024,,false
UPSCCSEMainsGS1-2017.json,2017,GS1,8,8,8,46,unverifiable,62.2,2015,,false
UPSCCSEMainsGS1-2017.json,2017,GS1,9,9,9,140,unverifiable,53.6,2022,13,false
UPSCCSEMainsGS1-2017.json,2017,GS1,10,10,10,136,unverifiable,52.2,2025,6,false
UPSCCSEMainsGS1-2017.json,2017,GS1,11,11,11,176,unverifiable,52.9,2025,5,false
UPSCCSEMainsGS1-2017.json,2017,GS1,12,12,12,103,unverifiable,55.6,2025,14,false
UPSCCSEMainsGS1-2017.json,2017,GS1,13,13,13,138,unverifiable,52.6,2024,,false
UPSCCSEMainsGS1-2017.json,2017,GS1,14,14,14,85,unverifiable,53.6,2024,,false
UPSCCSEMainsGS1-2017.json,2017,GS1,15,15,15,160,unverifiable,50.3,2024,,false
UPSCCSEMainsGS1-2017.json,2017,GS1,16,16,16,124,unverifiable,54.9,2025,5,false
UPSCCSEMainsGS1-2017.json,2017,GS1,17,17,17,88,unverifiable,55.2,2025,15,false
UPSCCSEMainsGS1-2017.json,2017,GS1,18,18,18,117,unverifiable,56.2,2025,14,false
UPSCCSEMainsGS1-2017.json,2017,GS1,19,19,19,156,unverifiable,54.2,2024,8,false
UPSCCSEMainsGS1-2017.json,2017,GS1,20,20,20,149,unverifiable,61.9,2025,12,false
UPSCCSEMainsGS2 2019.json,2019,GS2,21,1,21,166,unverifiable,53.6,2025,16,false
UPSCCSEMainsGS2 2019.json,2019,GS2,22,2,22,227,unverifiable,58.2,2025,2,false
UPSCCSEMainsGS2 2019.json,2019,GS2,23,3,23,132,unverifiable,52.3,2022,10,false
UPSCCSEMainsGS2 2019.json,2019,GS2,24,4,24,187,unverifiable,51.9,2025,14,false
UPSCCSEMainsGS2 2019.json,2019,GS2,25,5,25,76,unverifiable,58.7,2015,7,false
UPSCCSEMainsGS2 2019.json,2019,GS2,26,6,26,184,unverifiable,52.6,2025,1,false
UPSCCSEMainsGS2 2019.json,2019,GS2,27,7,27,244,unverifiable,56.5,2025,6,false
UPSCCSEMainsGS2 2019.json,2019,GS2,28,8,28,222,unverifiable,53.6,2024,16,false
UPSCCSEMainsGS2 2019.json,2019,GS2,29,9,29,211,unverifiable,51.9,2025,9,false
UPSCCSEMainsGS2 2019.json,2019,GS2,30,10,30,192,unverifiable,52.5,2025,10,false
UPSCCSEMainsGS2 2019.json,2019,GS2,31,11,31,189,unverifiable,60.0,2025,2,false
UPSCCSEMainsGS2 2019.json,2019,GS2,32,12,32,293,unverifiable,55.0,2025,10,false
UPSCCSEMainsGS2 2019.json,2019,GS2,33,13,33,177,unverifiable,52.0,2024,,false
UPSCCSEMainsGS2 2019.json,2019,GS2,34,14,34,97,unverifiable,69.0,2025,5,false
UPSCCSEMainsGS2 2019.json,2019,GS2,35,15,35,165,unverifiable,51.6,2015,11,false
UPSCCSEMainsGS2 2019.json,2019,GS2,36,16,36,185,unverifiable,50.0,2015,10,false
UPSCCSEMainsGS2 2019.json,2019,GS2,37,17,37,299,unverifiable,52.9,2025,5,false
UPSCCSEMainsGS2 2019.json,2019,GS2,38,18,38,196,unverifiable,49.3,2022,16,false
UPSCCSEMainsGS2 2019.json,2019,GS2,39,19,39,179,unverifiable,55.0,2025,10,false
UPSCCSEMainsGS2 2019.json,2019,GS2,40,20,40,260,unverifiable,57.5,2025,10,false
UPSCCSEMainsGS2-2017.json,2017,GS2,1,1,21,182,unverifiable,58.7,2015,3,false
UPSCCSEMainsGS2-2017.json,2017,GS2,2,2,22,130,unverifiable,58.4,2025,13,false
UPSCCSEMainsGS2-2017.json,2017,GS2,3,3,23,202,unverifiable,49.5,2022,12,false
UPSCCSEMainsGS2-2017.json,2017,GS2,4,4,24,151,unverifiable,61.5,2025,15,false
UPSCCSEMainsGS2-2017.json,2017,GS2,5,5,25,109,unverifiable,57.4,2022,15,false
UPSCCSEMainsGS2-2017.json,2017,GS2,6,6,26,259,unverifiable,49.8,2022,11,false
UPSCCSEMainsGS2-2017.json,2017,GS2,7,7,27,140,unverifiable,64.2,2022,7,false
UPSCCSEMainsGS2-2017.json,2017,GS2,8,8,28,152,unverifiable,51.1,2025,16,false
UPSCCSEMainsGS2-2017.json,2017,GS2,9,9,29,205,unverifiable,53.7,2025,5,false
UPSCCSEMainsGS2-2017.json,2017,GS2,10,10,30,144,unverifiable,56.5,2025,6,false
UPSCCSEMainsGS2-2017.json,2017,GS2,11,11,31,232,unverifiable,57.5,2025,1,false
UPSCCSEMainsGS2-2017.json,2017,GS2,12,12,32,118,unverifiable,60.7,2025,13,false
UPSCCSEMainsGS2-2017.json,2017,GS2,13,13,33,218,unverifiable,55.9,2025,12,false
UPSCCSEMainsGS2-2017.json,2017,GS2,14,14,34,211,unverifiable,61.8,2025,12,false
UPSCCSEMainsGS2-2017.json,2017,GS2,15,15,35,171,unverifiable,52.5,2025,10,false
UPSCCSEMainsGS2-2017.json,2017,GS2,16,16,36,187,unverifiable,52.9,2025,5,false
UPSCCSEMainsGS2-2017.json,2017,GS2,17,17,37,215,unverifiable,100.0,2015,2,false
UPSCCSEMainsGS2-2017.json,2017,GS2,18,18,38,140,unverifiable,55.4,2025,12,false
UPSCCSEMainsGS2-2017.json,2017,GS2,19,19,39,188,unverifiable,55.9,2025,5,false
UPSCCSEMainsGS2-2017.json,2017,GS2,20,20,40,161,unverifiable,57.3,2015,6,false
UPSCCSEMainsGS3 2015.json,2015,GS3,1,1,41,162,orphan,59.5,2025,8,false
UPSCCSEMainsGS3 2015.json,2015,GS3,2,2,42,168,exact,100.0,2015,2,false
UPSCCSEMainsGS3 2015.json,2015,GS3,3,3,43,236,exact,100.0,2015,3,false
UPSCCSEMainsGS3 2015.json,2015,GS3,4,4,44,143,exact,100.0,2015,4,false
UPSCCSEMainsGS3 2015.json,2015,GS3,5,5,45,133,exact,100.0,2015,5,false
UPSCCSEMainsGS3 2015.json,2015,GS3,6,6,46,171,exact,100.0,2015,6,false
UPSCCSEMainsGS3 2015.json,2015,GS3,7,7,47,216,exact,100.0,2015,7,false
UPSCCSEMainsGS3 2015.json,2015,GS3,8,8,48,148,exact,100.0,2015,8,false
UPSCCSEMainsGS3 2015.json,2015,GS3,9,9,49,201,exact,100.0,2015,9,false
UPSCCSEMainsGS3 2015.json,2015,GS3,10,10,50,326,exact,100.0,2015,10,false
UPSCCSEMainsGS3 2015.json,2015,GS3,11,11,51,215,exact,100.0,2015,10,false
UPSCCSEMainsGS3 2015.json,2015,GS3,12,12,52,203,exact,100.0,2015,12,false
UPSCCSEMainsGS3 2015.json,2015,GS3,13,13,53,144,exact,100.0,2015,13,false
UPSCCSEMainsGS3 2015.json,2015,GS3,14,14,54,330,exact,100.0,2015,14,false
UPSCCSEMainsGS3 2015.json,2015,GS3,15,15,55,219,exact,99.5,2015,15,false
UPSCCSEMainsGS3 2015.json,2015,GS3,16,16,56,187,exact,100.0,2015,16,false
UPSCCSEMainsGS3 2015.json,2015,GS3,17,17,57,332,exact,100.0,2015,17,false
UPSCCSEMainsGS3 2015.json,2015,GS3,18,18,58,187,exact,100.0,2015,18,false
UPSCCSEMainsGS3 2015.json,2015,GS3,19,19,59,388,exact,100.0,2015,19,false
UPSCCSEMainsGS3 2015.json,2015,GS3,20,20,60,241,exact,100.0,2015,20,false
UPSCCSEMainsGS3 2016.json,2016,GS3,1,1,41,176,unverifiable,52.9,2025,12,false
UPSCCSEMainsGS3 2016.json,2016,GS3,2,2,42,130,unverifiable,52.3,2015,10,false
UPSCCSEMainsGS3 2016.json,2016,GS3,3,3,43,240,unverifiable,52.9,2025,5,false
UPSCCSEMainsGS3 2016.json,2016,GS3,4,4,44,199,unverifiable,52.9,2025,4,false
UPSCCSEMainsGS3 2016.json,2016,GS3,5,5,45,193,unverifiable,54.5,2025,1,false
UPSCCSEMainsGS3 2016.json,2016,GS3,6,6,46,171,unverifiable,54.4,2025,18,false
UPSCCSEMainsGS3 2016.json,2016,GS3,7,7,47,107,unverifiable,52.4,2022,14,false
UPSCCSEMainsGS3 2016.json,2016,GS3,8,8,48,89,unverifiable,51.0,2025,13,false
UPSCCSEMainsGS3 2016.json,2016,GS3,9,9,49,146,unverifiable,55.5,2024,3,false
UPSCCSEMainsGS3 2016.json,2016,GS3,10,10,50,188,unverifiable,60.4,2025,1,false
UPSCCSEMainsGS3 2016.json,2016,GS3,11,11,51,210,unverifiable,50.5,2024,,false
UPSCCSEMainsGS3 2016.json,2016,GS3,12,12,52,165,unverifiable,58.1,2025,15,false
UPSCCSEMainsGS3 2016.json,2016,GS3,13,13,53,237,unverifiable,58.8,2025,12,false
UPSCCSEMainsGS3 2016.json,2016,GS3,14,14,54,253,unverifiable,51.3,2025,15,false
UPSCCSEMainsGS3 2016.json,2016,GS3,15,15,55,212,unverifiable,50.2,2024,,false
UPSCCSEMainsGS3 2016.json,2016,GS3,16,16,56,203,unverifiable,80.0,2025,10,false
UPSCCSEMainsGS3 2016.json,2016,GS3,17,17,57,166,unverifiable,52.5,2022,2,false
UPSCCSEMainsGS3 2016.json,2016,GS3,18,18,58,105,unverifiable,55.4,2025,5,false
UPSCCSEMainsGS3 2016.json,2016,GS3,19,19,59,176,unverifiable,57.1,2025,10,false
UPSCCSEMainsGS3 2016.json,2016,GS3,20,20,60,210,unverifiable,52.2,2025,6,false
UPSCCSEMainsGS3 2017.json,2017,GS3,1,1,41,164,unverifiable,58.8,2025,5,false
UPSCCSEMainsGS3 2017.json,2017,GS3,2,2,42,180,unverifiable,51.1,2025,18,false
UPSCCSEMainsGS3 2017.json,2017,GS3,3,3,43,178,unverifiable,52.4,2024,3,false
UPSCCSEMainsGS3 2017.json,2017,GS3,4,4,44,177,unverifiable,52.9,2025,5,false
UPSCCSEMainsGS3 2017.json,2017,GS3,5,5,45,179,unverifiable,56.0,2025,15,false
UPSCCSEMainsGS3 2017.json,2017,GS3,6,6,46,254,unverifiable,48.4,2025,20,false
UPSCCSEMainsGS3 2017.json,2017,GS3,7,7,47,296,unverifiable,52.9,2025,12,false
UPSCCSEMainsGS3 2017.json,2017,GS3,8,8,48,176,unverifiable,53.8,2015,10,false
UPSCCSEMainsGS3 2017.json,2017,GS3,9,9,49,87,unverifiable,55.8,2022,7,false
UPSCCSEMainsGS3 2017.json,2017,GS3,10,10,50,165,unverifiable,52.9,2025,5,false
UPSCCSEMainsGS3 2017.json,2017,GS3,11,11,51,181,unverifiable,60.0,2025,4,false
UPSCCSEMainsGS3 2017.json,2017,GS3,12,12,52,239,unverifiable,52.2,2025,6,false
UPSCCSEMainsGS3 2017.json,2017,GS3,13,13,53,154,unverifiable,53.1,2025,1,false
UPSCCSEMainsGS3 2017.json,2017,GS3,14,14,54,172,unverifiable,55.4,2025,4,false
UPSCCSEMainsGS3 2017.json,2017,GS3,15,15,55,202,unverifiable,51.1,2025,3,false
UPSCCSEMainsGS3 2017.json,2017,GS3,16,16,56,155,unverifiable,52.6,2025,1,false
UPSCCSEMainsGS3 2017.json,2017,GS3,17,17,57,161,unverifiable,50.6,2025,10,false
UPSCCSEMainsGS3 2017.json,2017,GS3,18,18,58,295,unverifiable,60.0,2025,2,false
UPSCCSEMainsGS3 2017.json,2017,GS3,19,19,59,152,unverifiable,50.2,2025,6,false
UPSCCSEMainsGS3 2017.json,2017,GS3,20,20,60,175,unverifiable,52.9,2022,12,false
UPSCCSEMainsGS3 2019.json,2019,GS3,41,1,41,189,unverifiable,60.9,2025,8,false
UPSCCSEMainsGS3 2019.json,2019,GS3,42,2,42,154,unverifiable,51.9,2025,9,false
UPSCCSEMainsGS3 2019.json,2019,GS3,43,3,43,89,unverifiable,66.3,2022,14,false
UPSCCSEMainsGS3 2019.json,2019,GS3,44,4,44,115,unverifiable,54.4,2022,13,false
UPSCCSEMainsGS3 2019.json,2019,GS3,45,5,45,170,unverifiable,52.5,2025,10,false
UPSCCSEMainsGS3 2019.json,2019,GS3,46,6,46,95,unverifiable,53.2,2025,11,false
UPSCCSEMainsGS3 2019.json,2019,GS3,47,7,47,184,unverifiable,52.5,2025,6,false
UPSCCSEMainsGS3 2019.json,2019,GS3,48,8,48,233,unverifiable,52.5,2025,10,false
UPSCCSEMainsGS3 2019.json,2019,GS3,49,9,49,298,unverifiable,54.4,2025,8,false
UPSCCSEMainsGS3 2019.json,2019,GS3,50,10,50,96,unverifiable,53.2,2022,14,false
UPSCCSEMainsGS3 2019.json,2019,GS3,51,11,51,158,unverifiable,51.3,2025,17,false
UPSCCSEMainsGS3 2019.json,2019,GS3,52,12,52,158,unverifiable,58.8,2025,5,false
UPSCCSEMainsGS3 2019.json,2019,GS3,53,13,53,109,unverifiable,62.0,2025,14,false
UPSCCSEMainsGS3 2019.json,2019,GS3,54,14,54,107,unverifiable,62.3,2025,14,false
UPSCCSEMainsGS3 2019.json,2019,GS3,55,15,55,119,unverifiable,55.4,2025,5,false
UPSCCSEMainsGS3 2019.json,2019,GS3,56,16,56,70,unverifiable,66.7,2025,15,false
UPSCCSEMainsGS3 2019.json,2019,GS3,57,17,57,190,unverifiable,50.8,2025,14,false
UPSCCSEMainsGS3 2019.json,2019,GS3,58,18,58,168,unverifiable,70.0,2025,10,false
UPSCCSEMainsGS3 2019.json,2019,GS3,59,19,59,312,unverifiable,51.3,2025,15,false
UPSCCSEMainsGS3 2019.json,2019,GS3,60,20,60,272,unverifiable,51.7,2025,7,false
UPSCCSEMainsGS3-2017.json,2017,GS3,1,1,41,164,unverifiable,58.8,2025,5,false
UPSCCSEMainsGS3-2017.json,2017,GS3,2,2,42,179,unverifiable,52.0,2025,18,false
UPSCCSEMainsGS3-2017.json,2017,GS3,3,3,43,99,unverifiable,53.1,2022,8,false
UPSCCSEMainsGS3-2017.json,2017,GS3,4,4,44,187,unverifiable,52.9,2025,5,false
UPSCCSEMainsGS3-2017.json,2017,GS3,5,5,45,179,unverifiable,56.0,2025,15,false
UPSCCSEMainsGS3-2017.json,2017,GS3,6,6,46,255,unverifiable,48.8,2025,4,false
UPSCCSEMainsGS3-2017.json,2017,GS3,7,7,47,226,unverifiable,50.0,2025,12,false
UPSCCSEMainsGS3-2017.json,2017,GS3,8,8,48,196,unverifiable,56.2,2025,15,false
UPSCCSEMainsGS3-2017.json,2017,GS3,9,9,49,161,unverifiable,49.0,2024,,false
UPSCCSEMainsGS3-2017.json,2017,GS3,10,10,50,189,unverifiable,50.3,2022,12,false
UPSCCSEMainsGS3-2017.json,2017,GS3,11,11,51,177,unverifiable,60.0,2025,4,false
UPSCCSEMainsGS3-2017.json,2017,GS3,12,12,52,237,unverifiable,52.2,2025,6,false
UPSCCSEMainsGS3-2017.json,2017,GS3,13,13,53,172,unverifiable,55.4,2025,4,false
UPSCCSEMainsGS3-2017.json,2017,GS3,14,14,54,188,unverifiable,60.4,2025,1,false
UPSCCSEMainsGS3-2017.json,2017,GS3,15,15,55,155,unverifiable,52.6,2025,1,false
UPSCCSEMainsGS3-2017.json,2017,GS3,16,16,56,159,unverifiable,50.6,2025,10,false
UPSCCSEMainsGS3-2017.json,2017,GS3,17,17,57,266,unverifiable,60.0,2025,2,false
UPSCCSEMainsGS3-2017.json,2017,GS3,18,18,58,216,unverifiable,60.0,2025,2,false
UPSCCSEMainsGS3-2017.json,2017,GS3,19,19,59,165,unverifiable,52.9,2025,5,false
UPSCCSEMainsGS3-2017.json,2017,GS3,20,20,60,211,unverifiable,56.2,2025,13,false
UPSCCSEMainsGS4 2016.json,2016,GS4,21,1,61,62,unverifiable,55.9,2025,11,false
UPSCCSEMainsGS4 2016.json,2016,GS4,22,1,61,194,unverifiable,52.2,2025,6,false
UPSCCSEMainsGS4 2016.json,2016,GS4,23,2,62,93,unverifiable,71.8,2022,4,false
UPSCCSEMainsGS4 2016.json,2016,GS4,24,2,62,47,unverifiable,56.5,2022,9,false
UPSCCSEMainsGS4 2016.json,2016,GS4,25,3,63,69,unverifiable,55.9,2025,3,false
UPSCCSEMainsGS4 2016.json,2016,GS4,26,3,63,93,unverifiable,52.2,2024,,false
UPSCCSEMainsGS4 2016.json,2016,GS4,27,4,64,157,unverifiable,53.7,2025,2,false
UPSCCSEMainsGS4 2016.json,2016,GS4,28,4,64,93,unverifiable,52.2,2025,6,false
UPSCCSEMainsGS4 2016.json,2016,GS4,29,5,65,248,unverifiable,52.2,2025,6,false
UPSCCSEMainsGS4 2016.json,2016,GS4,30,6,66,548,unverifiable,50.0,2025,12,false
UPSCCSEMainsGS4 2016.json,2016,GS4,31,7,67,205,unverifiable,51.9,2025,9,false
UPSCCSEMainsGS4 2016.json,2016,GS4,32,8,68,296,unverifiable,50.9,2025,8,false
UPSCCSEMainsGS4 2016.json,2016,GS4,33,9,69,1210,unverifiable,51.7,2025,7,false
UPSCCSEMainsGS4 2016.json,2016,GS4,34,10,70,950,unverifiable,50.0,2025,10,false
UPSCCSEMainsGS4 2016.json,2016,GS4,35,11,71,738,unverifiable,50.0,2025,3,false
UPSCCSEMainsGS4 2016.json,2016,GS4,36,12,72,1533,unverifiable,55.2,2025,7,false
UPSCCSEMainsGS4 2016.json,2016,GS4,37,13,73,1465,unverifiable,52.2,2025,6,false
UPSCCSEMainsGS4 2016.json,2016,GS4,38,14,74,978,unverifiable,50.0,2025,5,false
UPSCCSEMainsGS4 2017 (1).json,2017,GS4,21,1,61,241,unverifiable,50.9,2024,,false
UPSCCSEMainsGS4 2017 (1).json,2017,GS4,22,2,62,180,unverifiable,51.7,2025,14,false
UPSCCSEMainsGS4 2017 (1).json,2017,GS4,23,3,63,138,unverifiable,51.5,2024,,false
UPSCCSEMainsGS4 2017 (1).json,2017,GS4,24,4,64,115,unverifiable,54.9,2015,13,false
UPSCCSEMainsGS4 2017 (1).json,2017,GS4,25,4,64,89,unverifiable,62.1,2022,6,false
UPSCCSEMainsGS4 2017 (1).json,2017,GS4,26,5,65,323,unverifiable,51.6,2024,1,false
UPSCCSEMainsGS4 2017 (1).json,2017,GS4,27,5,65,239,unverifiable,93.4,2022,3,false
UPSCCSEMainsGS4 2017 (1).json,2017,GS4,28,6,66,70,unverifiable,55.4,2025,15,false
UPSCCSEMainsGS4 2017 (1).json,2017,GS4,29,6,66,100,unverifiable,57.7,2024,,false
UPSCCSEMainsGS4 2017 (1).json,2017,GS4,30,7,67,104,unverifiable,53.9,2022,12,false
UPSCCSEMainsGS4 2017 (1).json,2017,GS4,31,7,67,206,unverifiable,51.7,2025,7,false
UPSCCSEMainsGS4 2017 (1).json,2017,GS4,32,8,68,136,unverifiable,54.5,2022,10,false
UPSCCSEMainsGS4 2017 (1).json,2017,GS4,33,8,68,266,unverifiable,52.5,2025,10,false
UPSCCSEMainsGS4 2017 (1).json,2017,GS4,34,9,69,700,unverifiable,50.0,2025,5,false
UPSCCSEMainsGS4 2017 (1).json,2017,GS4,35,10,70,381,unverifiable,50.4,2025,3,false
UPSCCSEMainsGS4 2017 (1).json,2017,GS4,36,11,71,572,unverifiable,52.5,2025,10,false
UPSCCSEMainsGS4 2017 (1).json,2017,GS4,37,12,72,939,unverifiable,50.8,2025,5,false
UPSCCSEMainsGS4 2017 (1).json,2017,GS4,38,13,73,452,unverifiable,52.3,2024,9,false
UPSCCSEMainsGS4 2017 (1).json,2017,GS4,39,14,74,960,unverifiable,52.5,2025,10,false
UPSCCSEMainsGS4 2017.json,2017,GS4,21,1,61,241,unverifiable,50.9,2024,,false
UPSCCSEMainsGS4 2017.json,2017,GS4,22,2,62,180,unverifiable,51.7,2025,14,false
UPSCCSEMainsGS4 2017.json,2017,GS4,23,3,63,138,unverifiable,51.5,2024,,false
UPSCCSEMainsGS4 2017.json,2017,GS4,24,4,64,115,unverifiable,54.9,2015,13,false
UPSCCSEMainsGS4 2017.json,2017,GS4,25,4,64,89,unverifiable,62.1,2022,6,false
UPSCCSEMainsGS4 2017.json,2017,GS4,26,5,65,323,unverifiable,51.6,2024,1,false
UPSCCSEMainsGS4 2017.json,2017,GS4,27,5,65,239,unverifiable,93.4,2022,3,false
UPSCCSEMainsGS4 2017.json,2017,GS4,28,6,66,70,unverifiable,55.4,2025,15,false
UPSCCSEMainsGS4 2017.json,2017,GS4,29,6,66,100,unverifiable,57.7,2024,,false
UPSCCSEMainsGS4 2017.json,2017,GS4,30,7,67,104,unverifiable,53.9,2022,12,false
UPSCCSEMainsGS4 2017.json,2017,GS4,31,7,67,206,unverifiable,51.7,2025,7,false
UPSCCSEMainsGS4 2017.json,2017,GS4,32,8,68,136,unverifiable,54.5,2022,10,false
UPSCCSEMainsGS4 2017.json,2017,GS4,33,8,68,266,unverifiable,52.5,2025,10,false
UPSCCSEMainsGS4 2017.json,2017,GS4,34,9,69,700,unverifiable,50.0,2025,5,false
UPSCCSEMainsGS4 2017.json,2017,GS4,35,10,70,381,unverifiable,50.4,2025,3,false
UPSCCSEMainsGS4 2017.json,2017,GS4,36,11,71,572,unverifiable,52.5,2025,10,false
UPSCCSEMainsGS4 2017.json,2017,GS4,37,12,72,939,unverifiable,50.8,2025,5,false
UPSCCSEMainsGS4 2017.json,2017,GS4,38,13,73,452,unverifiable,52.3,2024,9,false
UPSCCSEMainsGS4 2017.json,2017,GS4,39,14,74,960,unverifiable,52.5,2025,10,false
UPSCCSEMainsGS4 2019.json,2019,GS4,61,1,61,99,unverifiable,57.7,2024,,false
UPSCCSEMainsGS4 2019.json,2019,GS4,62,1,61,100,unverifiable,61.5,2022,4,false
UPSCCSEMainsGS4 2019.json,2019,GS4,63,2,62,188,unverifiable,53.7,2025,5,false
UPSCCSEMainsGS4 2019.json,2019,GS4,64,2,62,120,unverifiable,52.2,2025,8,false
UPSCCSEMainsGS4 2019.json,2019,GS4,65,3,63,97,unverifiable,60.2,2025,11,false
UPSCCSEMainsGS4 2019.json,2019,GS4,66,3,63,90,unverifiable,53.7,2024,4,false
UPSCCSEMainsGS4 2019.json,2019,GS4,67,4,64,87,unverifiable,57.0,2022,16,false
UPSCCSEMainsGS4 2019.json,2019,GS4,68,4,64,148,unverifiable,52.4,2024,,false
UPSCCSEMainsGS4 2019.json,2019,GS4,69,5,65,142,unverifiable,54.0,2015,10,false
UPSCCSEMainsGS4 2019.json,2019,GS4,70,5,65,136,unverifiable,51.4,2025,8,false
UPSCCSEMainsGS4 2019.json,2019,GS4,71,6,66,108,unverifiable,68.0,2022,3,false
UPSCCSEMainsGS4 2019.json,2019,GS4,72,6,66,139,unverifiable,63.3,2022,3,false
UPSCCSEMainsGS4 2019.json,2019,GS4,73,6,66,355,unverifiable,52.3,2025,7,false
UPSCCSEMainsGS4 2019.json,2019,GS4,74,7,67,780,unverifiable,49.2,2025,3,false
UPSCCSEMainsGS4 2019.json,2019,GS4,75,8,68,922,unverifiable,52.9,2025,8,false
UPSCCSEMainsGS4 2019.json,2019,GS4,76,9,69,961,unverifiable,55.0,2025,10,false
UPSCCSEMainsGS4 2019.json,2019,GS4,77,10,70,1222,unverifiable,53.3,2025,3,false
UPSCCSEMainsGS4 2019.json,2019,GS4,78,11,71,743,unverifiable,52.2,2025,6,false
UPSCCSEMainsGS4 2019.json,2019,GS4,79,12,72,744,unverifiable,49.8,2025,19,false
UPSCCSEMainsGS4-2017.json,2017,GS4,1a,1a,,228,unverifiable,50.0,2024,,false
UPSCCSEMainsGS4-2017.json,2017,GS4,1b,1b,,159,unverifiable,53.0,2025,14,false
UPSCCSEMainsGS4-2017.json,2017,GS4,2a,2a,,138,unverifiable,51.5,2024,,false
UPSCCSEMainsGS4-2017.json,2017,GS4,2b,2b,,115,unverifiable,54.9,2015,13,false
UPSCCSEMainsGS4-2017.json,2017,GS4,3a,3a,,89,unverifiable,62.1,2022,6,false
UPSCCSEMainsGS4-2017.json,2017,GS4,3b,3b,,288,unverifiable,50.0,2025,10,false
UPSCCSEMainsGS4-2017.json,2017,GS4,4a,4a,,239,unverifiable,93.4,2022,3,false
UPSCCSEMainsGS4-2017.json,2017,GS4,4b,4b,,190,unverifiable,48.7,2025,15,false
UPSCCSEMainsGS4-2017.json,2017,GS4,5a,5a,,127,unverifiable,52.8,2015,19,false
UPSCCSEMainsGS4-2017.json,2017,GS4,5b,5b,,571,unverifiable,76.7,2025,3,false
UPSCCSEMainsGS4-2017.json,2017,GS4,6,6,66,225,unverifiable,53.0,2022,7,false
UPSCCSEMainsGS4-2017.json,2017,GS4,7,7,67,420,unverifiable,51.3,2025,15,false
UPSCCSEMainsGS4-2017.json,2017,GS4,8,8,68,207,unverifiable,50.0,2025,10,false
UPSCCSEMainsGS4-2017.json,2017,GS4,9,9,69,303,unverifiable,48.5,2024,,false
UPSCCSEMainsGS4-2017.json,2017,GS4,10,10,70,347,unverifiable,60.0,2025,2,false
UPSCCSEMainsGS4-2017.json,2017,GS4,11,11,71,351,unverifiable,52.2,2025,6,false
UPSCCSEMainsGS4-2017.json,2017,GS4,12,12,72,267,unverifiable,48.8,2024,,false
